SOURCE_YEAR,OBJECTID,CRASH_NUMB,CITY_TOWN_NAME,CRASH_DATE_TEXT,CRASH_DATETIME,CRASH_STATUS,CRASH_SEVERITY_DESCR,MAX_INJR_SVRTY_CL,NUMB_VEHC,NUMB_NONFATAL_INJR,NUMB_FATAL_INJR,POLC_AGNCY_TYPE_DESCR,MANR_COLL_DESCR,VEHC_MNVR_ACTN_CL,VEHC_TRVL_DIRC_CL,VEHC_SEQ_EVENTS_CL,AMBNT_LIGHT_DESCR,WEATH_COND_DESCR,ROAD_SURF_COND_DESCR,FIRST_HRMF_EVENT_DESCR,MOST_HRMFL_EVT_CL,DRVR_CNTRB_CIRC_CL,VEHC_CONFIG_CL,STREET_NUMB,RDWY,DIST_DIRC_FROM_INT,NEAR_INT_RDWY,LANDMARK,RDWY_JNCT_TYPE_DESCR,TRAF_CNTRL_DEVC_TYPE_DESCR,TRAFY_DESCR_DESCR,JURISDICTN,FIRST_HRMF_EVENT_LOC_DESCR,NON_MTRST_TYPE_CL,IS_GEOCODED,GEOCODING_METHOD_NAME,X,Y,LAT,LON,YEAR,DRVR_DISTRACTED_CL,DISTRICT_NUM,RPA_ABBR,VEHC_EMER_USE_CL,VEHC_TOWED_FROM_SCENE_CL,CNTY_NAME,FMCSA_RPTBL_CL,FMCSA_RPTBL,HIT_RUN_DESCR,ROAD_CNTRB_DESCR,SCHL_BUS_RELD_DESCR,SPEED_LIMIT,TRAF_CNTRL_DEVC_FUNC_DESCR,WORK_ZONE_RELD_DESCR,AADT,AADT_YEAR,PK_PCT_SUT,AV_PCT_SUT,PK_PCT_CT,AV_PCT_CT,CURB,LT_SIDEWLK,RT_SIDEWLK,SHLDR_LT_W,SHLDR_LT_T,SURFACE_WD,SURFACE_TP,SHLDR_RT_W,SHLDR_RT_T,NUM_LANES,OPP_LANES,MED_WIDTH,MED_TYPE,URBAN_TYPE,F_CLASS,URBAN_AREA,FACILITY,OPERATION,CONTROL,SPEED_LIM,STREETNAME,FROMSTREETNAME,TOSTREETNAME,CITY,STRUCT_CND,TERRAIN,AADT_DERIV,STATN_NUM,OP_DIR_SL,SHLDR_UL_T,SHLDR_UL_W,F_F_CLASS,VEHC_UNIT_NUMB,ALC_SUSPD_TYPE_DESCR,DRIVER_AGE,DRVR_CNTRB_CIRC_DESCR,DRIVER_DISTRACTED_TYPE_DESCR,DRVR_LCN_STATE,DRUG_SUSPD_TYPE_DESCR,EMERGENCY_USE_DESC,FMCSA_RPTBL_VL,HAZ_MAT_PLACARD_DESCR,MAX_INJR_SVRTY_VL,MOST_HRMF_EVENT,TOTAL_OCCPT_IN_VEHC,VEHC_MANR_ACT_DESCR,VEHC_CONFG_DESCR,VEHC_MOST_DMGD_AREA,OWNER_ADDR_CITY_TOWN,OWNER_ADDR_STATE,VEHC_REG_STATE,VEHC_REG_TYPE_CODE,VEHC_SEQ_EVENTS,VEHC_TOWED_FROM_SCENE,VEHICLE_MAKE_DESCR,VEHICLE_MODEL_DESCR,DRIVER_VIOLATION_CL,TRVL_DIRC_DESCR,OBJECTID_1,TARGET_STREET,CRASH_YEAR,CRASH_MONTH,CRASH_DAY,CRASH_WEEKDAY,HAS_INJURY
2023,4906509,5236376,BOSTON,03/23/2023,2023-03-23 13:30:00+00:00,OPEN,NON-FATAL INJURY,SUSPECTED MINOR INJURY (B),3,1,0,STATE POLICE,REAR-END,V1: SLOWING OR STOPPED IN TRAFFIC / V2: SLOWING OR STOPPED IN TRAFFIC / V3: SLOWING OR STOPPED IN TRAFFIC,V1: W  / V2: W  / V3: W,V1:(COLLISION WITH MOTOR VEHICLE IN TRAFFIC) V2:(COLLISION WITH MOTOR VEHICLE IN TRAFFIC) V3:(COLLISION WITH MOTOR VEHICLE IN TRAFFIC),DAYLIGHT,CLEAR,DRY,COLLISION WITH MOTOR VEHICLE IN TRAFFIC,V1:(COLLISION WITH MOTOR VEHICLE IN TRAFFIC) / V2:(COLLISION WITH MOTOR VEHICLE IN TRAFFIC) / V3:(COLLISION WITH MOTOR VEHICLE IN TRAFFIC),D1: (FOLLOWED TOO CLOSELY)  / D2: (NO IMPROPER DRIVING)  / D3: (NO IMPROPER DRIVING),V1:(PASSENGER CAR) / V2:(PASSENGER CAR) / V3:(PASSENGER CAR),964,CENTRE STREET RTE UNKNOW,,,,NOT AT JUNCTION,NO CONTROLS,"TWO-WAY, DIVIDED, POSITIVE MEDIAN BARRIER",DEPARTMENT OF CONSERVATION AND RECREATION,ROADWAY,,YES,AT ADDRESS,231047.45265548,895252.48614442,42.30713875,-71.12343037,2023,D1: NOT DISTRACTED / D2: NOT DISTRACTED / D3: NOT DISTRACTED,6,MAPC,V1:(NO) / V2:(NO) / V3:(NO),"V1:(YES, VEHICLE OR TRAILER DISABLED) / V2:(YES, OTHER REASON NOT DISABLED) / V3:(YES, OTHER REASON NOT DISABLED)",SUFFOLK,"V1:(NO, NOT FEDERALLY REPORTABLE) / V2:(NO, NOT FEDERALLY REPORTABLE) / V3:(NO, NOT FEDERALLY REPORTABLE)","NO, NOT FEDERALLY REPORTABLE",NO HIT AND RUN,,"NO, SCHOOL BUS NOT INVOLVED",25.0,NOT REPORTED,NO,31806.0,2020,0.558,1463,0.155,350,ALL CURBS (DIVIDED HIGHWAY),0,8,0,NO SHOULDER,22,BITUMINOUS CONCRETE ROAD,0,NO SHOULDER,2,2,3,RAISED MEDIAN,LARGE URBANIZED AREA,RURAL OR URBAN PRINCIPAL ARTERIAL,BOSTON (MA-NH-RI),MAINLINE ROADWAY,TWO-WAY TRAFFIC,NO ACCESS CONTROL,35.0,CENTRE STREET,WEST ROXBURY CENTRE STREET ROTARY,MURRAY CIRCLE,BOSTON,FAIR,LEVEL TERRAIN,PULLED BACK FROM HPMS NETWORK ESTIMATION ROUTINE,,0,0,0,PRINCIPAL ARTERIAL - OTHER,2,NO,53.0,"DCC1:NO IMPROPER DRIVING, DCC2:NOT REPORTED",NOT DISTRACTED,MA,NO,NO,"NO, NOT FEDERALLY REPORTABLE",NOT REPORTED,NO APPARENT INJURY (O),COLLISION WITH MOTOR VEHICLE IN TRAFFIC,1,SLOWING OR STOPPED IN TRAFFIC,PASSENGER CAR,MDA1:CENTER REAR,BOSTON,MA,MA,PAN,SEQ1:COLLISION WITH MOTOR VEHICLE IN TRAFFIC,"YES, OTHER REASON NOT DISABLED",MERZ,CLS,V1: (720 906-B),WESTBOUND,,CENTRE STREET,2023,3,23,Thursday,True
2023,4906509,5236376,BOSTON,03/23/2023,2023-03-23 13:30:00+00:00,OPEN,NON-FATAL INJURY,SUSPECTED MINOR INJURY (B),3,1,0,STATE POLICE,REAR-END,V1: SLOWING OR STOPPED IN TRAFFIC / V2: SLOWING OR STOPPED IN TRAFFIC / V3: SLOWING OR STOPPED IN TRAFFIC,V1: W  / V2: W  / V3: W,V1:(COLLISION WITH MOTOR VEHICLE IN TRAFFIC) V2:(COLLISION WITH MOTOR VEHICLE IN TRAFFIC) V3:(COLLISION WITH MOTOR VEHICLE IN TRAFFIC),DAYLIGHT,CLEAR,DRY,COLLISION WITH MOTOR VEHICLE IN TRAFFIC,V1:(COLLISION WITH MOTOR VEHICLE IN TRAFFIC) / V2:(COLLISION WITH MOTOR VEHICLE IN TRAFFIC) / V3:(COLLISION WITH MOTOR VEHICLE IN TRAFFIC),D1: (FOLLOWED TOO CLOSELY)  / D2: (NO IMPROPER DRIVING)  / D3: (NO IMPROPER DRIVING),V1:(PASSENGER CAR) / V2:(PASSENGER CAR) / V3:(PASSENGER CAR),964,CENTRE STREET RTE UNKNOW,,,,NOT AT JUNCTION,NO CONTROLS,"TWO-WAY, DIVIDED, POSITIVE MEDIAN BARRIER",DEPARTMENT OF CONSERVATION AND RECREATION,ROADWAY,,YES,AT ADDRESS,231047.45265548,895252.48614442,42.30713875,-71.12343037,2023,D1: NOT DISTRACTED / D2: NOT DISTRACTED / D3: NOT DISTRACTED,6,MAPC,V1:(NO) / V2:(NO) / V3:(NO),"V1:(YES, VEHICLE OR TRAILER DISABLED) / V2:(YES, OTHER REASON NOT DISABLED) / V3:(YES, OTHER REASON NOT DISABLED)",SUFFOLK,"V1:(NO, NOT FEDERALLY REPORTABLE) / V2:(NO, NOT FEDERALLY REPORTABLE) / V3:(NO, NOT FEDERALLY REPORTABLE)","NO, NOT FEDERALLY REPORTABLE",NO HIT AND RUN,,"NO, SCHOOL BUS NOT INVOLVED",25.0,NOT REPORTED,NO,31806.0,2020,0.558,1463,0.155,350,ALL CURBS (DIVIDED HIGHWAY),0,8,0,NO SHOULDER,22,BITUMINOUS CONCRETE ROAD,0,NO SHOULDER,2,2,3,RAISED MEDIAN,LARGE URBANIZED AREA,RURAL OR URBAN PRINCIPAL ARTERIAL,BOSTON (MA-NH-RI),MAINLINE ROADWAY,TWO-WAY TRAFFIC,NO ACCESS CONTROL,35.0,CENTRE STREET,WEST ROXBURY CENTRE STREET ROTARY,MURRAY CIRCLE,BOSTON,FAIR,LEVEL TERRAIN,PULLED BACK FROM HPMS NETWORK ESTIMATION ROUTINE,,0,0,0,PRINCIPAL ARTERIAL - OTHER,3,NO,42.0,"DCC1:NO IMPROPER DRIVING, DCC2:NOT REPORTED",NOT DISTRACTED,MA,NO,NO,"NO, NOT FEDERALLY REPORTABLE",NOT REPORTED,NO APPARENT INJURY (O),COLLISION WITH MOTOR VEHICLE IN TRAFFIC,1,SLOWING OR STOPPED IN TRAFFIC,PASSENGER CAR,"MDA1:CENTER FRONT, MDA2:CENTER REAR",HYDE PARK,MA,MA,PAN,SEQ1:COLLISION WITH MOTOR VEHICLE IN TRAFFIC,"YES, OTHER REASON NOT DISABLED",HOND,FIT,V1: (720 906-B),WESTBOUND,,CENTRE STREET,2023,3,23,Thursday,True
2023,4908706,5238384,BOSTON,02/22/2023,2023-02-22 15:08:00+00:00,OPEN,NON-FATAL INJURY,SUSPECTED MINOR INJURY (B),2,3,0,MBTA POLICE,ANGLE,V1: TURNING LEFT / V2: SLOWING OR STOPPED IN TRAFFIC,V1: E  / V2: S,V1:(COLLISION WITH MOTOR VEHICLE IN TRAFFIC) V2:(COLLISION WITH MOTOR VEHICLE IN TRAFFIC),DAYLIGHT,CLOUDY,DRY,COLLISION WITH MOTOR VEHICLE IN TRAFFIC,V1:(COLLISION WITH MOTOR VEHICLE IN TRAFFIC) / V2:(COLLISION WITH MOTOR VEHICLE IN TRAFFIC),"D1: (OPERATING VEHICLE IN ERRATIC, RECKLESS, CARELESS, NEGLIGENT OR AGGRESSIVE MANNER),(DISREGARDED TRAFFIC SIGNS, SIGNALS, ROAD MARKINGS)  / D2: (NO IMPROPER DRIVING)","V1:(PASSENGER CAR) / V2:(BUS (SEATS FOR 16 OR MORE, INCLUDING DRIVER))",,CENTRE STREET RTE    / CEDAR STREET RTE,,,,FOUR-WAY INTERSECTION,TRAFFIC CONTROL SIGNAL,"TWO-WAY, NOT DIVIDED",CITY OR TOWN ACCEPTED ROAD,ROADWAY,,YES,AT INTERSECTION,233325.5936,897543.4375,42.32766977,-71.09566784,2023,D2: NOT DISTRACTED,6,MAPC,V1:(NO) / V2:(NO),V1:(NO) / V2:(NO),SUFFOLK,"V1:(NO, NOT FEDERALLY REPORTABLE) / V2:(YES, FEDERALLY REPORTABLE)","YES, FEDERALLY REPORTABLE","YES, HIT AND RUN",,"NO, SCHOOL BUS NOT INVOLVED",,"YES, DEVICE FUNCTIONING",NO,8969.0,2020,0.253,440,0,53,BOTH SIDES,10,10,0,NO SHOULDER,41,BITUMINOUS CONCRETE ROAD,0,NO SHOULDER,2,0,0,,LARGE URBANIZED AREA,URBAN MINOR ARTERIAL OR RURAL MAJOR COLLECTOR,BOSTON (MA-NH-RI),MAINLINE ROADWAY,TWO-WAY TRAFFIC,NO ACCESS CONTROL,99.0,CENTRE STREET,COLUMBUS AVENUE,ROXBURY STREET,BOSTON,FAIR,LEVEL TERRAIN,GROWN FROM PRIOR YEAR HPMS NETWORK,,99,0,0,MINOR ARTERIAL,1,,,"DCC1:OPERATING VEHICLE IN ERRATIC, RECKLESS, CARELESS, NEGLIGENT OR AGGRESSIVE MANNER, DCC2:DISREGARDED TRAFFIC SIGNS, SIGNALS, ROAD MARKINGS",,,,NO,"NO, NOT FEDERALLY REPORTABLE",NOT REPORTED,,COLLISION WITH MOTOR VEHICLE IN TRAFFIC,1,TURNING LEFT,PASSENGER CAR,MDA1:LEFT REAR,WINCHENDON,MA,MA,PAN,SEQ1:COLLISION WITH MOTOR VEHICLE IN TRAFFIC,NO,HYUN,,,EASTBOUND,,CENTRE STREET,2023,2,22,Wednesday,True
2023,4908706,5238384,BOSTON,02/22/2023,2023-02-22 15:08:00+00:00,OPEN,NON-FATAL INJURY,SUSPECTED MINOR INJURY (B),2,3,0,MBTA POLICE,ANGLE,V1: TURNING LEFT / V2: SLOWING OR STOPPED IN TRAFFIC,V1: E  / V2: S,V1:(COLLISION WITH MOTOR VEHICLE IN TRAFFIC) V2:(COLLISION WITH MOTOR VEHICLE IN TRAFFIC),DAYLIGHT,CLOUDY,DRY,COLLISION WITH MOTOR VEHICLE IN TRAFFIC,V1:(COLLISION WITH MOTOR VEHICLE IN TRAFFIC) / V2:(COLLISION WITH MOTOR VEHICLE IN TRAFFIC),"D1: (OPERATING VEHICLE IN ERRATIC, RECKLESS, CARELESS, NEGLIGENT OR AGGRESSIVE MANNER),(DISREGARDED TRAFFIC SIGNS, SIGNALS, ROAD MARKINGS)  / D2: (NO IMPROPER DRIVING)","V1:(PASSENGER CAR) / V2:(BUS (SEATS FOR 16 OR MORE, INCLUDING DRIVER))",,CENTRE STREET RTE    / CEDAR STREET RTE,,,,FOUR-WAY INTERSECTION,TRAFFIC CONTROL SIGNAL,"TWO-WAY, NOT DIVIDED",CITY OR TOWN ACCEPTED ROAD,ROADWAY,,YES,AT INTERSECTION,233325.5936,897543.4375,42.32766977,-71.09566784,2023,D2: NOT DISTRACTED,6,MAPC,V1:(NO) / V2:(NO),V1:(NO) / V2:(NO),SUFFOLK,"V1:(NO, NOT FEDERALLY REPORTABLE) / V2:(YES, FEDERALLY REPORTABLE)","YES, FEDERALLY REPORTABLE","YES, HIT AND RUN",,"NO, SCHOOL BUS NOT INVOLVED",,"YES, DEVICE FUNCTIONING",NO,8969.0,2020,0.253,440,0,53,BOTH SIDES,10,10,0,NO SHOULDER,41,BITUMINOUS CONCRETE ROAD,0,NO SHOULDER,2,0,0,,LARGE URBANIZED AREA,URBAN MINOR ARTERIAL OR RURAL MAJOR COLLECTOR,BOSTON (MA-NH-RI),MAINLINE ROADWAY,TWO-WAY TRAFFIC,NO ACCESS CONTROL,99.0,CENTRE STREET,COLUMBUS AVENUE,ROXBURY STREET,BOSTON,FAIR,LEVEL TERRAIN,GROWN FROM PRIOR YEAR HPMS NETWORK,,99,0,0,MINOR ARTERIAL,2,NO,37.0,"DCC1:NO IMPROPER DRIVING, DCC2:NOT REPORTED",NOT DISTRACTED,MA,NO,NO,"YES, FEDERALLY REPORTABLE",NOT REPORTED,SUSPECTED MINOR INJURY (B),COLLISION WITH MOTOR VEHICLE IN TRAFFIC,4,SLOWING OR STOPPED IN TRAFFIC,"BUS (SEATS FOR 16 OR MORE, INCLUDING DRIVER)",MDA1:CENTER FRONT,BOSTON,MA,MA,ATN,SEQ1:COLLISION WITH MOTOR VEHICLE IN TRAFFIC,NO,NFLY,,,SOUTHBOUND,,CENTRE STREET,2023,2,22,Wednesday,True
2023,4910737,5239934,BOSTON,03/24/2023,2023-03-24 06:51:00+00:00,OPEN,PROPERTY DAMAGE ONLY (NONE INJURED),NO APPARENT INJURY (O),1,0,0,STATE POLICE,SINGLE VEHICLE CRASH,V1: TRAVELLING STRAIGHT AHEAD,V1: N,V1:(COLLISION WITH ANIMAL - DEER),DAWN,CLEAR,DRY,COLLISION WITH ANIMAL - DEER,V1:(COLLISION WITH ANIMAL - DEER),D1: (NO IMPROPER DRIVING),V1:(PASSENGER CAR),,CENTRE STREET,,WHITCOMB AVENUE,,NOT AT JUNCTION,NO CONTROLS,"TWO-WAY, DIVIDED, UNPROTECTED MEDIAN",DEPARTMENT OF CONSERVATION AND RECREATION,ROADWAY,,YES,OPERATOR DESIGNATED,230820.34086991,894645.51940435,42.30168334,-71.1262172,2023,D1: NOT DISTRACTED,6,MAPC,V1:(NO),"V1:(YES, OTHER REASON NOT DISABLED)",SUFFOLK,"V1:(NO, NOT FEDERALLY REPORTABLE)","NO, NOT FEDERALLY REPORTABLE",NO HIT AND RUN,,"NO, SCHOOL BUS NOT INVOLVED",25.0,NOT REPORTED,NO,31806.0,2020,0.558,1463,0.155,350,ALL CURBS (DIVIDED HIGHWAY),0,8,0,NO SHOULDER,22,BITUMINOUS CONCRETE ROAD,0,NO SHOULDER,2,2,3,RAISED MEDIAN,LARGE URBANIZED AREA,RURAL OR URBAN PRINCIPAL ARTERIAL,BOSTON (MA-NH-RI),MAINLINE ROADWAY,TWO-WAY TRAFFIC,NO ACCESS CONTROL,35.0,CENTRE STREET,WEST ROXBURY CENTRE STREET ROTARY,MURRAY CIRCLE,BOSTON,FAIR,LEVEL TERRAIN,PULLED BACK FROM HPMS NETWORK ESTIMATION ROUTINE,,0,0,0,PRINCIPAL ARTERIAL - OTHER,1,NO,54.0,"DCC1:NO IMPROPER DRIVING, DCC2:NOT REPORTED",NOT DISTRACTED,MA,NO,NO,"NO, NOT FEDERALLY REPORTABLE",NOT REPORTED,NO APPARENT INJURY (O),COLLISION WITH ANIMAL - DEER,1,TRAVELLING STRAIGHT AHEAD,PASSENGER CAR,"MDA1:CENTER FRONT, MDA2:LEFT FRONT",DEDHAM,MA,MA,PAN,SEQ1:COLLISION WITH ANIMAL - DEER,"YES, OTHER REASON NOT DISABLED",TOYT,COROLL,,NORTHBOUND,,CENTRE STREET,2023,3,24,Friday,False
2023,4911221,5240737,BOSTON,04/06/2023,2023-04-06 16:34:00+00:00,OPEN,PROPERTY DAMAGE ONLY (NONE INJURED),NO APPARENT INJURY (O),2,0,0,LOCAL POLICE,REAR-END,V1: SLOWING OR STOPPED IN TRAFFIC / V2: TRAVELLING STRAIGHT AHEAD,V1: S  / V2: S,V1:(COLLISION WITH MOTOR VEHICLE IN TRAFFIC) V2:(COLLISION WITH PARKED MOTOR VEHICLE),DAYLIGHT,CLEAR,DRY,COLLISION WITH PARKED MOTOR VEHICLE,V1:(COLLISION WITH MOTOR VEHICLE IN TRAFFIC) / V2:(COLLISION WITH PARKED MOTOR VEHICLE),D1: (NO IMPROPER DRIVING)  / D2: (FOLLOWED TOO CLOSELY),V1:(PASSENGER CAR) / V2:(PASSENGER CAR),,HEATH STREET RTE UNKNOW / COLUMBUS AVENUE RTE SR28 S  / RTE L09105 N,,,,T-INTERSECTION,TRAFFIC CONTROL SIGNAL,"TWO-WAY, DIVIDED, POSITIVE MEDIAN BARRIER",CITY OR TOWN ACCEPTED ROAD,ROADWAY,,YES,OPERATOR DESIGNATED,233100.8312,897238.0954,42.32493038,-71.09841227,2023,D1: NOT DISTRACTED,6,MAPC,V1:(NO) / V2:(NO),V1:(NO) / V2:(NO),SUFFOLK,"V1:(NO, NOT FEDERALLY REPORTABLE) / V2:(NO, NOT FEDERALLY REPORTABLE)","NO, NOT FEDERALLY REPORTABLE",NO HIT AND RUN,,"NO, SCHOOL BUS NOT INVOLVED",25.0,NOT REPORTED,NO,9099.0,2020,0.253,445,0,54,BOTH SIDES,8,8,0,NO SHOULDER,34,BITUMINOUS CONCRETE ROAD,0,NO SHOULDER,2,0,0,,LARGE URBANIZED AREA,URBAN MINOR ARTERIAL OR RURAL MAJOR COLLECTOR,BOSTON (MA-NH-RI),MAINLINE ROADWAY,TWO-WAY TRAFFIC,NO ACCESS CONTROL,99.0,CENTRE STREET,COLUMBUS AVENUE,ROXBURY STREET,BOSTON,FAIR,LEVEL TERRAIN,GROWN FROM PRIOR YEAR HPMS NETWORK,,99,0,0,MINOR ARTERIAL,1,NO,62.0,"DCC1:NO IMPROPER DRIVING, DCC2:NOT REPORTED",NOT DISTRACTED,MA,NO,NO,"NO, NOT FEDERALLY REPORTABLE",NOT REPORTED,NO APPARENT INJURY (O),COLLISION WITH MOTOR VEHICLE IN TRAFFIC,1,SLOWING OR STOPPED IN TRAFFIC,PASSENGER CAR,"MDA1:RIGHT REAR, MDA2:CENTER REAR, MDA3:LEFT REAR",MATTAPAN,MA,96,PAN,SEQ1:COLLISION WITH MOTOR VEHICLE IN TRAFFIC,NO,TOYOTA,CAMRY,,SOUTHBOUND,,CENTRE STREET,2023,4,6,Thursday,False
2023,4911221,5240737,BOSTON,04/06/2023,2023-04-06 16:34:00+00:00,OPEN,PROPERTY DAMAGE ONLY (NONE INJURED),NO APPARENT INJURY (O),2,0,0,LOCAL POLICE,REAR-END,V1: SLOWING OR STOPPED IN TRAFFIC / V2: TRAVELLING STRAIGHT AHEAD,V1: S  / V2: S,V1:(COLLISION WITH MOTOR VEHICLE IN TRAFFIC) V2:(COLLISION WITH PARKED MOTOR VEHICLE),DAYLIGHT,CLEAR,DRY,COLLISION WITH PARKED MOTOR VEHICLE,V1:(COLLISION WITH MOTOR VEHICLE IN TRAFFIC) / V2:(COLLISION WITH PARKED MOTOR VEHICLE),D1: (NO IMPROPER DRIVING)  / D2: (FOLLOWED TOO CLOSELY),V1:(PASSENGER CAR) / V2:(PASSENGER CAR),,HEATH STREET RTE UNKNOW / COLUMBUS AVENUE RTE SR28 S  / RTE L09105 N,,,,T-INTERSECTION,TRAFFIC CONTROL SIGNAL,"TWO-WAY, DIVIDED, POSITIVE MEDIAN BARRIER",CITY OR TOWN ACCEPTED ROAD,ROADWAY,,YES,OPERATOR DESIGNATED,233100.8312,897238.0954,42.32493038,-71.09841227,2023,D1: NOT DISTRACTED,6,MAPC,V1:(NO) / V2:(NO),V1:(NO) / V2:(NO),SUFFOLK,"V1:(NO, NOT FEDERALLY REPORTABLE) / V2:(NO, NOT FEDERALLY REPORTABLE)","NO, NOT FEDERALLY REPORTABLE",NO HIT AND RUN,,"NO, SCHOOL BUS NOT INVOLVED",25.0,NOT REPORTED,NO,9099.0,2020,0.253,445,0,54,BOTH SIDES,8,8,0,NO SHOULDER,34,BITUMINOUS CONCRETE ROAD,0,NO SHOULDER,2,0,0,,LARGE URBANIZED AREA,URBAN MINOR ARTERIAL OR RURAL MAJOR COLLECTOR,BOSTON (MA-NH-RI),MAINLINE ROADWAY,TWO-WAY TRAFFIC,NO ACCESS CONTROL,99.0,CENTRE STREET,COLUMBUS AVENUE,ROXBURY STREET,BOSTON,FAIR,LEVEL TERRAIN,GROWN FROM PRIOR YEAR HPMS NETWORK,,99,0,0,MINOR ARTERIAL,2,NO,29.0,"DCC1:FOLLOWED TOO CLOSELY, DCC2:NOT REPORTED",,MA,NO,NO,"NO, NOT FEDERALLY REPORTABLE",NOT REPORTED,NO APPARENT INJURY (O),COLLISION WITH PARKED MOTOR VEHICLE,1,TRAVELLING STRAIGHT AHEAD,PASSENGER CAR,"MDA1:RIGHT FRONT, MDA2:CENTER FRONT, MDA3:LEFT FRONT",BOSTON,MA,96,PAN,SEQ1:COLLISION WITH PARKED MOTOR VEHICLE,NO,NISSAN,ALTIMA,,SOUTHBOUND,,CENTRE STREET,2023,4,6,Thursday,False
2023,4911342,5241185,BOSTON,03/30/2023,2023-03-30 06:42:00+00:00,OPEN,PROPERTY DAMAGE ONLY (NONE INJURED),NO APPARENT INJURY (O),2,0,0,STATE POLICE,REAR-END,V1: ENTERING TRAFFIC LANE / V2: SLOWING OR STOPPED IN TRAFFIC,V1: N  / V2: N,V1:(COLLISION WITH MOTOR VEHICLE IN TRAFFIC) V2:(COLLISION WITH MOTOR VEHICLE IN TRAFFIC),DAYLIGHT,CLEAR,DRY,COLLISION WITH MOTOR VEHICLE IN TRAFFIC,V1:(COLLISION WITH MOTOR VEHICLE IN TRAFFIC) / V2:(COLLISION WITH MOTOR VEHICLE IN TRAFFIC),D1: (FAILED TO YIELD RIGHT OF WAY)  / D2: (NO IMPROPER DRIVING),V1:(PASSENGER CAR) / V2:(PASSENGER CAR),,CENTRE STREET,,WALTER STREET,,ON-RAMP,YIELD SIGNS,"TWO-WAY, DIVIDED, POSITIVE MEDIAN BARRIER",DEPARTMENT OF CONSERVATION AND RECREATION,ROADWAY,,YES,OFF INTERSECTION,230518.3708,894246.2134,42.29810032,-71.1299004,2023,D1: NOT DISTRACTED / D2: NOT DISTRACTED,6,MAPC,V1:(NO) / V2:(NO),"V1:(YES, OTHER REASON NOT DISABLED) / V2:(YES, VEHICLE OR TRAILER DISABLED)",SUFFOLK,"V1:(NO, NOT FEDERALLY REPORTABLE) / V2:(NO, NOT FEDERALLY REPORTABLE)","NO, NOT FEDERALLY REPORTABLE",NO HIT AND RUN,,"NO, SCHOOL BUS NOT INVOLVED",35.0,NOT REPORTED,NO,31806.0,2020,0.558,1463,0.155,350,ALL CURBS (DIVIDED HIGHWAY),0,8,0,NO SHOULDER,22,BITUMINOUS CONCRETE ROAD,0,NO SHOULDER,2,2,3,RAISED MEDIAN,LARGE URBANIZED AREA,RURAL OR URBAN PRINCIPAL ARTERIAL,BOSTON (MA-NH-RI),MAINLINE ROADWAY,TWO-WAY TRAFFIC,NO ACCESS CONTROL,35.0,CENTRE STREET,WEST ROXBURY CENTRE STREET ROTARY,MURRAY CIRCLE,BOSTON,FAIR,LEVEL TERRAIN,PULLED BACK FROM HPMS NETWORK ESTIMATION ROUTINE,,0,0,0,PRINCIPAL ARTERIAL - OTHER,1,NO,31.0,"DCC1:FAILED TO YIELD RIGHT OF WAY, DCC2:NOT REPORTED",NOT DISTRACTED,MA,NO,NO,"NO, NOT FEDERALLY REPORTABLE",NOT REPORTED,NO APPARENT INJURY (O),COLLISION WITH MOTOR VEHICLE IN TRAFFIC,1,ENTERING TRAFFIC LANE,PASSENGER CAR,MDA1:CENTER FRONT,NORTON,MA,MA,PAN,SEQ1:COLLISION WITH MOTOR VEHICLE IN TRAFFIC,"YES, OTHER REASON NOT DISABLED",TOYT,CAMRYS,,NORTHBOUND,,CENTRE STREET,2023,3,30,Thursday,False
2023,4911342,5241185,BOSTON,03/30/2023,2023-03-30 06:42:00+00:00,OPEN,PROPERTY DAMAGE ONLY (NONE INJURED),NO APPARENT INJURY (O),2,0,0,STATE POLICE,REAR-END,V1: ENTERING TRAFFIC LANE / V2: SLOWING OR STOPPED IN TRAFFIC,V1: N  / V2: N,V1:(COLLISION WITH MOTOR VEHICLE IN TRAFFIC) V2:(COLLISION WITH MOTOR VEHICLE IN TRAFFIC),DAYLIGHT,CLEAR,DRY,COLLISION WITH MOTOR VEHICLE IN TRAFFIC,V1:(COLLISION WITH MOTOR VEHICLE IN TRAFFIC) / V2:(COLLISION WITH MOTOR VEHICLE IN TRAFFIC),D1: (FAILED TO YIELD RIGHT OF WAY)  / D2: (NO IMPROPER DRIVING),V1:(PASSENGER CAR) / V2:(PASSENGER CAR),,CENTRE STREET,,WALTER STREET,,ON-RAMP,YIELD SIGNS,"TWO-WAY, DIVIDED, POSITIVE MEDIAN BARRIER",DEPARTMENT OF CONSERVATION AND RECREATION,ROADWAY,,YES,OFF INTERSECTION,230518.3708,894246.2134,42.29810032,-71.1299004,2023,D1: NOT DISTRACTED / D2: NOT DISTRACTED,6,MAPC,V1:(NO) / V2:(NO),"V1:(YES, OTHER REASON NOT DISABLED) / V2:(YES, VEHICLE OR TRAILER DISABLED)",SUFFOLK,"V1:(NO, NOT FEDERALLY REPORTABLE) / V2:(NO, NOT FEDERALLY REPORTABLE)","NO, NOT FEDERALLY REPORTABLE",NO HIT AND RUN,,"NO, SCHOOL BUS NOT INVOLVED",35.0,NOT REPORTED,NO,31806.0,2020,0.558,1463,0.155,350,ALL CURBS (DIVIDED HIGHWAY),0,8,0,NO SHOULDER,22,BITUMINOUS CONCRETE ROAD,0,NO SHOULDER,2,2,3,RAISED MEDIAN,LARGE URBANIZED AREA,RURAL OR URBAN PRINCIPAL ARTERIAL,BOSTON (MA-NH-RI),MAINLINE ROADWAY,TWO-WAY TRAFFIC,NO ACCESS CONTROL,35.0,CENTRE STREET,WEST ROXBURY CENTRE STREET ROTARY,MURRAY CIRCLE,BOSTON,FAIR,LEVEL TERRAIN,PULLED BACK FROM HPMS NETWORK ESTIMATION ROUTINE,,0,0,0,PRINCIPAL ARTERIAL - OTHER,2,NO,41.0,"DCC1:NO IMPROPER DRIVING, DCC2:NOT REPORTED",NOT DISTRACTED,MA,NO,NO,"NO, NOT FEDERALLY REPORTABLE",NOT REPORTED,NO APPARENT INJURY (O),COLLISION WITH MOTOR VEHICLE IN TRAFFIC,1,SLOWING OR STOPPED IN TRAFFIC,PASSENGER CAR,MDA1:CENTER REAR,ROSLINDALE,MA,MA,PAN,SEQ1:COLLISION WITH MOTOR VEHICLE IN TRAFFIC,"YES, VEHICLE OR TRAILER DISABLED",HOND,FIT,,NORTHBOUND,,CENTRE STREET,2023,3,30,Thursday,False