SOURCE_YEAR,OBJECTID,CRASH_NUMB,CITY_TOWN_NAME,CRASH_DATE_TEXT,CRASH_DATETIME,CRASH_STATUS,CRASH_SEVERITY_DESCR,MAX_INJR_SVRTY_CL,NUMB_VEHC,NUMB_NONFATAL_INJR,NUMB_FATAL_INJR,POLC_AGNCY_TYPE_DESCR,MANR_COLL_DESCR,VEHC_MNVR_ACTN_CL,VEHC_TRVL_DIRC_CL,VEHC_SEQ_EVENTS_CL,AMBNT_LIGHT_DESCR,WEATH_COND_DESCR,ROAD_SURF_COND_DESCR,FIRST_HRMF_EVENT_DESCR,MOST_HRMFL_EVT_CL,DRVR_CNTRB_CIRC_CL,VEHC_CONFIG_CL,STREET_NUMB,RDWY,DIST_DIRC_FROM_INT,NEAR_INT_RDWY,LANDMARK,RDWY_JNCT_TYPE_DESCR,TRAF_CNTRL_DEVC_TYPE_DESCR,TRAFY_DESCR_DESCR,JURISDICTN,FIRST_HRMF_EVENT_LOC_DESCR,NON_MTRST_TYPE_CL,IS_GEOCODED,GEOCODING_METHOD_NAME,X,Y,LAT,LON,YEAR,DRVR_DISTRACTED_CL,DISTRICT_NUM,RPA_ABBR,VEHC_EMER_USE_CL,VEHC_TOWED_FROM_SCENE_CL,CNTY_NAME,FMCSA_RPTBL_CL,FMCSA_RPTBL,HIT_RUN_DESCR,ROAD_CNTRB_DESCR,SCHL_BUS_RELD_DESCR,SPEED_LIMIT,TRAF_CNTRL_DEVC_FUNC_DESCR,WORK_ZONE_RELD_DESCR,AADT,AADT_YEAR,PK_PCT_SUT,AV_PCT_SUT,PK_PCT_CT,AV_PCT_CT,CURB,LT_SIDEWLK,RT_SIDEWLK,SHLDR_LT_W,SHLDR_LT_T,SURFACE_WD,SURFACE_TP,SHLDR_RT_W,SHLDR_RT_T,NUM_LANES,OPP_LANES,MED_WIDTH,MED_TYPE,URBAN_TYPE,F_CLASS,URBAN_AREA,FACILITY,OPERATION,CONTROL,SPEED_LIM,STREETNAME,FROMSTREETNAME,TOSTREETNAME,CITY,STRUCT_CND,TERRAIN,AADT_DERIV,STATN_NUM,OP_DIR_SL,SHLDR_UL_T,SHLDR_UL_W,F_F_CLASS,VEHC_UNIT_NUMB,ALC_SUSPD_TYPE_DESCR,DRIVER_AGE,DRVR_CNTRB_CIRC_DESCR,DRIVER_DISTRACTED_TYPE_DESCR,DRVR_LCN_STATE,DRUG_SUSPD_TYPE_DESCR,EMERGENCY_USE_DESC,FMCSA_RPTBL_VL,HAZ_MAT_PLACARD_DESCR,MAX_INJR_SVRTY_VL,MOST_HRMF_EVENT,TOTAL_OCCPT_IN_VEHC,VEHC_MANR_ACT_DESCR,VEHC_CONFG_DESCR,VEHC_MOST_DMGD_AREA,OWNER_ADDR_CITY_TOWN,OWNER_ADDR_STATE,VEHC_REG_STATE,VEHC_REG_TYPE_CODE,VEHC_SEQ_EVENTS,VEHC_TOWED_FROM_SCENE,VEHICLE_MAKE_DESCR,VEHICLE_MODEL_DESCR,DRIVER_VIOLATION_CL,TRVL_DIRC_DESCR,OBJECTID_1,TARGET_STREET,CRASH_YEAR,CRASH_MONTH,CRASH_DAY,CRASH_WEEKDAY,HAS_INJURY
2023,4927066,5256565,BOSTON,05/11/2023,2023-05-11 17:44:00+00:00,OPEN,NON-FATAL INJURY,POSSIBLE INJURY (C),2,1,0,STATE POLICE,ANGLE,V1: TURNING LEFT / V2: TRAVELLING STRAIGHT AHEAD,V1: N  / V2: S,V1:(COLLISION WITH MOTOR VEHICLE IN TRAFFIC) V2:(COLLISION WITH MOTOR VEHICLE IN TRAFFIC),DAYLIGHT,CLEAR,DRY,COLLISION WITH MOTOR VEHICLE IN TRAFFIC,V1:(COLLISION WITH MOTOR VEHICLE IN TRAFFIC) / V2:(COLLISION WITH MOTOR VEHICLE IN TRAFFIC),D1: (NO IMPROPER DRIVING)  / D2: (WRONG SIDE OR WRONG WAY),V1:(PASSENGER CAR) / V2:(PASSENGER CAR),1,CENTRE STREET,,VETERANS OF FOREIGN WARS PARKWAY,,T-INTERSECTION,FLASHING TRAFFIC CONTROL SIGNAL,"TWO-WAY, DIVIDED, UNPROTECTED MEDIAN",DEPARTMENT OF CONSERVATION AND RECREATION,ROADWAY,,YES,OPERATOR DESIGNATED,230283.8493629,894105.81023184,42.29684542,-71.13275176,2023,D1: NOT DISTRACTED,6,MAPC,V1:(NO) / V2:(NO),"V1:(YES, VEHICLE OR TRAILER DISABLED) / V2:(YES, VEHICLE OR TRAILER DISABLED)",SUFFOLK,"V1:(NO, NOT FEDERALLY REPORTABLE) / V2:(NO, NOT FEDERALLY REPORTABLE)","NO, NOT FEDERALLY REPORTABLE",NO HIT AND RUN,,"NO, SCHOOL BUS NOT INVOLVED",35.0,"YES, DEVICE FUNCTIONING",NO,31806.0,2020,0.558,1463,0.155,350,ALL CURBS (DIVIDED HIGHWAY),0,8,0,NO SHOULDER,22,BITUMINOUS CONCRETE ROAD,0,NO SHOULDER,2,2,3,RAISED MEDIAN,LARGE URBANIZED AREA,RURAL OR URBAN PRINCIPAL ARTERIAL,BOSTON (MA-NH-RI),MAINLINE ROADWAY,TWO-WAY TRAFFIC,NO ACCESS CONTROL,35.0,CENTRE STREET,WEST ROXBURY CENTRE STREET ROTARY,MURRAY CIRCLE,BOSTON,FAIR,LEVEL TERRAIN,PULLED BACK FROM HPMS NETWORK ESTIMATION ROUTINE,,0,0,0,PRINCIPAL ARTERIAL - OTHER,1,NO,20.0,"DCC1:NO IMPROPER DRIVING, DCC2:NOT REPORTED",NOT DISTRACTED,MA,NO,NO,"NO, NOT FEDERALLY REPORTABLE",NOT REPORTED,POSSIBLE INJURY (C),COLLISION WITH MOTOR VEHICLE IN TRAFFIC,1,TURNING LEFT,PASSENGER CAR,"MDA1:LEFT REAR, MDA2:LEFT SIDE",WOBURN,MA,MA,PAN,SEQ1:COLLISION WITH MOTOR VEHICLE IN TRAFFIC,"YES, VEHICLE OR TRAILER DISABLED",NISS,ROGUE,"V2: (90-16),(720 906-B),(90-11-A)",NORTHBOUND,,CENTRE STREET,2023,5,11,Thursday,True
2023,4927066,5256565,BOSTON,05/11/2023,2023-05-11 17:44:00+00:00,OPEN,NON-FATAL INJURY,POSSIBLE INJURY (C),2,1,0,STATE POLICE,ANGLE,V1: TURNING LEFT / V2: TRAVELLING STRAIGHT AHEAD,V1: N  / V2: S,V1:(COLLISION WITH MOTOR VEHICLE IN TRAFFIC) V2:(COLLISION WITH MOTOR VEHICLE IN TRAFFIC),DAYLIGHT,CLEAR,DRY,COLLISION WITH MOTOR VEHICLE IN TRAFFIC,V1:(COLLISION WITH MOTOR VEHICLE IN TRAFFIC) / V2:(COLLISION WITH MOTOR VEHICLE IN TRAFFIC),D1: (NO IMPROPER DRIVING)  / D2: (WRONG SIDE OR WRONG WAY),V1:(PASSENGER CAR) / V2:(PASSENGER CAR),1,CENTRE STREET,,VETERANS OF FOREIGN WARS PARKWAY,,T-INTERSECTION,FLASHING TRAFFIC CONTROL SIGNAL,"TWO-WAY, DIVIDED, UNPROTECTED MEDIAN",DEPARTMENT OF CONSERVATION AND RECREATION,ROADWAY,,YES,OPERATOR DESIGNATED,230283.8493629,894105.81023184,42.29684542,-71.13275176,2023,D1: NOT DISTRACTED,6,MAPC,V1:(NO) / V2:(NO),"V1:(YES, VEHICLE OR TRAILER DISABLED) / V2:(YES, VEHICLE OR TRAILER DISABLED)",SUFFOLK,"V1:(NO, NOT FEDERALLY REPORTABLE) / V2:(NO, NOT FEDERALLY REPORTABLE)","NO, NOT FEDERALLY REPORTABLE",NO HIT AND RUN,,"NO, SCHOOL BUS NOT INVOLVED",35.0,"YES, DEVICE FUNCTIONING",NO,31806.0,2020,0.558,1463,0.155,350,ALL CURBS (DIVIDED HIGHWAY),0,8,0,NO SHOULDER,22,BITUMINOUS CONCRETE ROAD,0,NO SHOULDER,2,2,3,RAISED MEDIAN,LARGE URBANIZED AREA,RURAL OR URBAN PRINCIPAL ARTERIAL,BOSTON (MA-NH-RI),MAINLINE ROADWAY,TWO-WAY TRAFFIC,NO ACCESS CONTROL,35.0,CENTRE STREET,WEST ROXBURY CENTRE STREET ROTARY,MURRAY CIRCLE,BOSTON,FAIR,LEVEL TERRAIN,PULLED BACK FROM HPMS NETWORK ESTIMATION ROUTINE,,0,0,0,PRINCIPAL ARTERIAL - OTHER,2,NO,17.0,"DCC1:WRONG SIDE OR WRONG WAY, DCC2:NOT REPORTED",NOT REPORTED,MA,NO,NO,"NO, NOT FEDERALLY REPORTABLE",NOT REPORTED,NO APPARENT INJURY (O),COLLISION WITH MOTOR VEHICLE IN TRAFFIC,2,TRAVELLING STRAIGHT AHEAD,PASSENGER CAR,MDA1:CENTER FRONT,WAYLAND,MA,MA,PAN,SEQ1:COLLISION WITH MOTOR VEHICLE IN TRAFFIC,"YES, VEHICLE OR TRAILER DISABLED",LEXS,RX,"V2: (90-16),(720 906-B),(90-11-A)",SOUTHBOUND,,CENTRE STREET,2023,5,11,Thursday,True
2023,4927767,5257359,BOSTON,05/21/2023,2023-05-21 16:38:00+00:00,OPEN,NON-FATAL INJURY,SUSPECTED MINOR INJURY (B),2,1,0,STATE POLICE,"SIDESWIPE, SAME DIRECTION",V1: TRAVELLING STRAIGHT AHEAD / V2: TRAVELLING STRAIGHT AHEAD,V1: E  / V2: E,"V1:(COLLISION WITH MOTOR VEHICLE IN TRAFFIC),(COLLISION WITH CURB) V2:(COLLISION WITH MOTOR VEHICLE IN TRAFFIC)",DAYLIGHT,CLEAR,DRY,COLLISION WITH MOTOR VEHICLE IN TRAFFIC,V1:(COLLISION WITH MOTOR VEHICLE IN TRAFFIC) / V2:(COLLISION WITH MOTOR VEHICLE IN TRAFFIC),D1: (NO IMPROPER DRIVING)  / D2: (NO IMPROPER DRIVING),"V1:(LIGHT TRUCK(VAN, MINI-VAN, PICKUP, SPORT UTILITY)) / V2:(PASSENGER CAR)",,ARBORWAY RTE    / WASHINGTON STREET RTE,,,,FOUR-WAY INTERSECTION,TRAFFIC CONTROL SIGNAL,"TWO-WAY, DIVIDED, POSITIVE MEDIAN BARRIER",MASSACHUSETTS DEPARTMENT OF TRANSPORTATION,ROADWAY,,YES,AT INTERSECTION,231950.6145,894613.2253,42.30134719,-71.11251144,2023,D1: NOT DISTRACTED / D2: EXTERNAL DISTRACTION (OUTSIDE THE VEHICLE),6,MAPC,V1:(NO) / V2:(NO),"V1:(YES, VEHICLE OR TRAILER DISABLED) / V2:(YES, OTHER REASON NOT DISABLED)",SUFFOLK,"V1:(NO, NOT FEDERALLY REPORTABLE) / V2:(NO, NOT FEDERALLY REPORTABLE)","NO, NOT FEDERALLY REPORTABLE",NO HIT AND RUN,,"NO, SCHOOL BUS NOT INVOLVED",25.0,"YES, DEVICE FUNCTIONING",NO,19453.0,2020,,,,,BOTH SIDES,0,6,0,NO SHOULDER,22,BITUMINOUS CONCRETE ROAD,0,NO SHOULDER,2,2,0,RAISED MEDIAN,LARGE URBANIZED AREA,RURAL OR URBAN PRINCIPAL ARTERIAL,BOSTON (MA-NH-RI),MAINLINE ROADWAY,TWO-WAY TRAFFIC,NO ACCESS CONTROL,30.0,ARBORWAY,MURRAY CIRCLE,MORTON STREET,BOSTON,GOOD,LEVEL TERRAIN,PULLED BACK FROM HPMS NETWORK ESTIMATION ROUTINE,,0,0,0,PRINCIPAL ARTERIAL - OTHER,1,NO,50.0,"DCC1:NO IMPROPER DRIVING, DCC2:NOT REPORTED",NOT DISTRACTED,MA,NO,NO,"NO, NOT FEDERALLY REPORTABLE",NOT REPORTED,SUSPECTED MINOR INJURY (B),COLLISION WITH MOTOR VEHICLE IN TRAFFIC,2,TRAVELLING STRAIGHT AHEAD,"LIGHT TRUCK(VAN, MINI-VAN, PICKUP, SPORT UTILITY)","MDA1:RIGHT FRONT, MDA2:LEFT SIDE",ATLANTA,GA,MA,PAN,"SEQ1:COLLISION WITH MOTOR VEHICLE IN TRAFFIC, SEQ2:COLLISION WITH CURB","YES, VEHICLE OR TRAILER DISABLED",TOYT,HIGHLANDER,,EASTBOUND,,WASHINGTON STREET,2023,5,21,Sunday,True
2023,4927767,5257359,BOSTON,05/21/2023,2023-05-21 16:38:00+00:00,OPEN,NON-FATAL INJURY,SUSPECTED MINOR INJURY (B),2,1,0,STATE POLICE,"SIDESWIPE, SAME DIRECTION",V1: TRAVELLING STRAIGHT AHEAD / V2: TRAVELLING STRAIGHT AHEAD,V1: E  / V2: E,"V1:(COLLISION WITH MOTOR VEHICLE IN TRAFFIC),(COLLISION WITH CURB) V2:(COLLISION WITH MOTOR VEHICLE IN TRAFFIC)",DAYLIGHT,CLEAR,DRY,COLLISION WITH MOTOR VEHICLE IN TRAFFIC,V1:(COLLISION WITH MOTOR VEHICLE IN TRAFFIC) / V2:(COLLISION WITH MOTOR VEHICLE IN TRAFFIC),D1: (NO IMPROPER DRIVING)  / D2: (NO IMPROPER DRIVING),"V1:(LIGHT TRUCK(VAN, MINI-VAN, PICKUP, SPORT UTILITY)) / V2:(PASSENGER CAR)",,ARBORWAY RTE    / WASHINGTON STREET RTE,,,,FOUR-WAY INTERSECTION,TRAFFIC CONTROL SIGNAL,"TWO-WAY, DIVIDED, POSITIVE MEDIAN BARRIER",MASSACHUSETTS DEPARTMENT OF TRANSPORTATION,ROADWAY,,YES,AT INTERSECTION,231950.6145,894613.2253,42.30134719,-71.11251144,2023,D1: NOT DISTRACTED / D2: EXTERNAL DISTRACTION (OUTSIDE THE VEHICLE),6,MAPC,V1:(NO) / V2:(NO),"V1:(YES, VEHICLE OR TRAILER DISABLED) / V2:(YES, OTHER REASON NOT DISABLED)",SUFFOLK,"V1:(NO, NOT FEDERALLY REPORTABLE) / V2:(NO, NOT FEDERALLY REPORTABLE)","NO, NOT FEDERALLY REPORTABLE",NO HIT AND RUN,,"NO, SCHOOL BUS NOT INVOLVED",25.0,"YES, DEVICE FUNCTIONING",NO,19453.0,2020,,,,,BOTH SIDES,0,6,0,NO SHOULDER,22,BITUMINOUS CONCRETE ROAD,0,NO SHOULDER,2,2,0,RAISED MEDIAN,LARGE URBANIZED AREA,RURAL OR URBAN PRINCIPAL ARTERIAL,BOSTON (MA-NH-RI),MAINLINE ROADWAY,TWO-WAY TRAFFIC,NO ACCESS CONTROL,30.0,ARBORWAY,MURRAY CIRCLE,MORTON STREET,BOSTON,GOOD,LEVEL TERRAIN,PULLED BACK FROM HPMS NETWORK ESTIMATION ROUTINE,,0,0,0,PRINCIPAL ARTERIAL - OTHER,2,NO,73.0,"DCC1:NO IMPROPER DRIVING, DCC2:NOT REPORTED",EXTERNAL DISTRACTION (OUTSIDE THE VEHICLE),MA,NO,NO,"NO, NOT FEDERALLY REPORTABLE",NOT REPORTED,NO APPARENT INJURY (O),COLLISION WITH MOTOR VEHICLE IN TRAFFIC,1,TRAVELLING STRAIGHT AHEAD,PASSENGER CAR,MDA1:RIGHT SIDE,CHESTNUT HILL,MA,MA,PAS,SEQ1:COLLISION WITH MOTOR VEHICLE IN TRAFFIC,"YES, OTHER REASON NOT DISABLED",BMW,340,,EASTBOUND,,WASHINGTON STREET,2023,5,21,Sunday,True
2023,4928239,5257848,BOSTON,05/09/2023,2023-05-09 18:27:00+00:00,OPEN,PROPERTY DAMAGE ONLY (NONE INJURED),NO APPARENT INJURY (O),2,0,0,STATE POLICE,"SIDESWIPE, SAME DIRECTION",V1: ENTERING TRAFFIC LANE / V2: ENTERING TRAFFIC LANE,V1: N  / V2: N,V1:(COLLISION WITH MOTOR VEHICLE IN TRAFFIC) V2:(COLLISION WITH MOTOR VEHICLE IN TRAFFIC),DAYLIGHT,CLEAR,DRY,COLLISION WITH MOTOR VEHICLE IN TRAFFIC,V1:(COLLISION WITH MOTOR VEHICLE IN TRAFFIC) / V2:(COLLISION WITH MOTOR VEHICLE IN TRAFFIC),D1: (FAILED TO YIELD RIGHT OF WAY)  / D2: (NO IMPROPER DRIVING),V1:(PASSENGER CAR) / V2:(PASSENGER CAR),,PRINCE STREET / CENTRE STREET / ARBORWAY,,,,TRAFFIC CIRCLE,YIELD SIGNS,"ONE-WAY, NOT DIVIDED",CITY OR TOWN ACCEPTED ROAD,ROADWAY,,YES,AT INTERSECTION,231269.4374,895461.1873,42.30900879,-71.12072673,2023,D1: NOT DISTRACTED / D2: NOT DISTRACTED,6,MAPC,V1:(NO) / V2:(NO),"V1:(YES, OTHER REASON NOT DISABLED) / V2:(YES, OTHER REASON NOT DISABLED)",SUFFOLK,"V1:(NO, NOT FEDERALLY REPORTABLE) / V2:(NO, NOT FEDERALLY REPORTABLE)","NO, NOT FEDERALLY REPORTABLE",NO HIT AND RUN,TRAFFIC CONGESTION RELATED,"NO, SCHOOL BUS NOT INVOLVED",25.0,"YES, DEVICE FUNCTIONING",NO,1154.0,,,,,,BOTH SIDES,4,4,0,NO SHOULDER,25,BITUMINOUS CONCRETE ROAD,0,NO SHOULDER,2,0,0,,LARGE URBANIZED AREA,LOCAL,BOSTON (MA-NH-RI),MAINLINE ROADWAY,ONE-WAY TRAFFIC,NO ACCESS CONTROL,,PRINCE STREET,ARBORWAY,CENTRE STREET,BOSTON,FAIR,LEVEL TERRAIN,,,,0,0,LOCAL,1,NO,30.0,"DCC1:FAILED TO YIELD RIGHT OF WAY, DCC2:NOT REPORTED",NOT DISTRACTED,MA,NO,NO,"NO, NOT FEDERALLY REPORTABLE",NOT REPORTED,NO APPARENT INJURY (O),COLLISION WITH MOTOR VEHICLE IN TRAFFIC,2,ENTERING TRAFFIC LANE,PASSENGER CAR,"MDA1:CENTER FRONT, MDA2:LEFT FRONT",ROSLINDALE,MA,MA,PAN,SEQ1:COLLISION WITH MOTOR VEHICLE IN TRAFFIC,"YES, OTHER REASON NOT DISABLED",SUBA,FOREST,,NORTHBOUND,,CENTRE STREET,2023,5,9,Tuesday,False
2023,4928239,5257848,BOSTON,05/09/2023,2023-05-09 18:27:00+00:00,OPEN,PROPERTY DAMAGE ONLY (NONE INJURED),NO APPARENT INJURY (O),2,0,0,STATE POLICE,"SIDESWIPE, SAME DIRECTION",V1: ENTERING TRAFFIC LANE / V2: ENTERING TRAFFIC LANE,V1: N  / V2: N,V1:(COLLISION WITH MOTOR VEHICLE IN TRAFFIC) V2:(COLLISION WITH MOTOR VEHICLE IN TRAFFIC),DAYLIGHT,CLEAR,DRY,COLLISION WITH MOTOR VEHICLE IN TRAFFIC,V1:(COLLISION WITH MOTOR VEHICLE IN TRAFFIC) / V2:(COLLISION WITH MOTOR VEHICLE IN TRAFFIC),D1: (FAILED TO YIELD RIGHT OF WAY)  / D2: (NO IMPROPER DRIVING),V1:(PASSENGER CAR) / V2:(PASSENGER CAR),,PRINCE STREET / CENTRE STREET / ARBORWAY,,,,TRAFFIC CIRCLE,YIELD SIGNS,"ONE-WAY, NOT DIVIDED",CITY OR TOWN ACCEPTED ROAD,ROADWAY,,YES,AT INTERSECTION,231269.4374,895461.1873,42.30900879,-71.12072673,2023,D1: NOT DISTRACTED / D2: NOT DISTRACTED,6,MAPC,V1:(NO) / V2:(NO),"V1:(YES, OTHER REASON NOT DISABLED) / V2:(YES, OTHER REASON NOT DISABLED)",SUFFOLK,"V1:(NO, NOT FEDERALLY REPORTABLE) / V2:(NO, NOT FEDERALLY REPORTABLE)","NO, NOT FEDERALLY REPORTABLE",NO HIT AND RUN,TRAFFIC CONGESTION RELATED,"NO, SCHOOL BUS NOT INVOLVED",25.0,"YES, DEVICE FUNCTIONING",NO,1154.0,,,,,,BOTH SIDES,4,4,0,NO SHOULDER,25,BITUMINOUS CONCRETE ROAD,0,NO SHOULDER,2,0,0,,LARGE URBANIZED AREA,LOCAL,BOSTON (MA-NH-RI),MAINLINE ROADWAY,ONE-WAY TRAFFIC,NO ACCESS CONTROL,,PRINCE STREET,ARBORWAY,CENTRE STREET,BOSTON,FAIR,LEVEL TERRAIN,,,,0,0,LOCAL,2,NO,37.0,"DCC1:NO IMPROPER DRIVING, DCC2:NOT REPORTED",NOT DISTRACTED,MA,NO,NO,"NO, NOT FEDERALLY REPORTABLE",NOT REPORTED,NO APPARENT INJURY (O),COLLISION WITH MOTOR VEHICLE IN TRAFFIC,1,ENTERING TRAFFIC LANE,PASSENGER CAR,"MDA1:RIGHT SIDE, MDA2:RIGHT REAR",MILTON,MA,MA,PAN,SEQ1:COLLISION WITH MOTOR VEHICLE IN TRAFFIC,"YES, OTHER REASON NOT DISABLED",AUDI,A4,,NORTHBOUND,,CENTRE STREET,2023,5,9,Tuesday,False
2023,4928270,5257817,BOSTON,05/18/2023,2023-05-18 01:35:00+00:00,OPEN,PROPERTY DAMAGE ONLY (NONE INJURED),NO APPARENT INJURY (O),1,0,0,STATE POLICE,SINGLE VEHICLE CRASH,V1: TRAVELLING STRAIGHT AHEAD,V1: S,V1:(COLLISION WITH CURB),DARK - LIGHTED ROADWAY,CLEAR,DRY,COLLISION WITH CURB,V1:(COLLISION WITH CURB),D1: (FAILURE TO KEEP IN PROPER LANE OR RUNNING OFF ROAD),"V1:(LIGHT TRUCK(VAN, MINI-VAN, PICKUP, SPORT UTILITY))",,WASHINGTON STREET,,ARBORWAY,,FOUR-WAY INTERSECTION,TRAFFIC CONTROL SIGNAL,"TWO-WAY, DIVIDED, POSITIVE MEDIAN BARRIER",CITY OR TOWN ACCEPTED ROAD,ROADWAY,,YES,OFF INTERSECTION,231950.6145,894613.2253,42.30134719,-71.11251144,2023,D1: NOT DISTRACTED,6,MAPC,V1:(NO),"V1:(YES, VEHICLE OR TRAILER DISABLED)",SUFFOLK,"V1:(NO, NOT FEDERALLY REPORTABLE)","NO, NOT FEDERALLY REPORTABLE",NO HIT AND RUN,,"NO, SCHOOL BUS NOT INVOLVED",25.0,"YES, DEVICE FUNCTIONING",NO,27562.0,2020,,,,,BOTH SIDES,10,10,0,NO SHOULDER,40,BITUMINOUS CONCRETE ROAD,0,NO SHOULDER,4,0,0,,LARGE URBANIZED AREA,RURAL MINOR ARTERIAL OR URBAN PRINCIPAL ARTERIAL,BOSTON (MA-NH-RI),MAINLINE ROADWAY,TWO-WAY TRAFFIC,NO ACCESS CONTROL,25.0,WASHINGTON STREET,HYDE PARK AVENUE,DEVONSHIRE PLACE,BOSTON,FAIR,LEVEL TERRAIN,PULLED BACK FROM HPMS NETWORK ESTIMATION ROUTINE,,30,0,0,PRINCIPAL ARTERIAL - OTHER,1,NO,61.0,"DCC1:FAILURE TO KEEP IN PROPER LANE OR RUNNING OFF ROAD, DCC2:NOT REPORTED",NOT DISTRACTED,MA,NO,NO,"NO, NOT FEDERALLY REPORTABLE",NOT REPORTED,NO APPARENT INJURY (O),COLLISION WITH CURB,1,TRAVELLING STRAIGHT AHEAD,"LIGHT TRUCK(VAN, MINI-VAN, PICKUP, SPORT UTILITY)",MDA1:UNDERCARRIAGE,W ROXBURY,MA,MA,PAN,SEQ1:COLLISION WITH CURB,"YES, VEHICLE OR TRAILER DISABLED",NISS,ROGUE,,SOUTHBOUND,,WASHINGTON STREET,2023,5,18,Thursday,False
2023,4928663,5258255,BOSTON,05/24/2023,2023-05-24 20:01:00+00:00,OPEN,PROPERTY DAMAGE ONLY (NONE INJURED),NO APPARENT INJURY (O),2,0,0,STATE POLICE,REAR-END,V1: SLOWING OR STOPPED IN TRAFFIC / V2: SLOWING OR STOPPED IN TRAFFIC,V1: S  / V2: S,"V1:(COLLISION WITH PEDESTRIAN),(COLLISION WITH MOTOR VEHICLE IN TRAFFIC) V2:(COLLISION WITH PEDESTRIAN),(COLLISION WITH MOTOR VEHICLE IN TRAFFIC)",DARK - ROADWAY NOT LIGHTED,RAIN,WET,COLLISION WITH MOTOR VEHICLE IN TRAFFIC,V1:(COLLISION WITH MOTOR VEHICLE IN TRAFFIC) / V2:(COLLISION WITH MOTOR VEHICLE IN TRAFFIC),D1: (NO IMPROPER DRIVING)  / D2: (FOLLOWED TOO CLOSELY),V1:(PASSENGER CAR) / V2:(PASSENGER CAR),,ARBORWAY / MURRAY CIRCLE / CENTRE STREET,,,,TRAFFIC CIRCLE,NO CONTROLS,"ONE-WAY, NOT DIVIDED",DEPARTMENT OF CONSERVATION AND RECREATION,ROADWAY,,YES,OPERATOR DESIGNATED,231152.52456683,895471.27406813,42.30910427,-71.12214423,2023,D1: NOT DISTRACTED / D2: NOT DISTRACTED,6,MAPC,V1:(NO) / V2:(NO),"V1:(YES, OTHER REASON NOT DISABLED) / V2:(YES, OTHER REASON NOT DISABLED)",SUFFOLK,"V1:(NO, NOT FEDERALLY REPORTABLE) / V2:(NO, NOT FEDERALLY REPORTABLE)","NO, NOT FEDERALLY REPORTABLE",NO HIT AND RUN,TRAFFIC CONGESTION RELATED,"NO, SCHOOL BUS NOT INVOLVED",25.0,NOT REPORTED,NO,28959.0,2020,0.33,1130,0.105,317,BOTH SIDES,0,8,0,NO SHOULDER,34,BITUMINOUS CONCRETE ROAD,0,NO SHOULDER,2,0,198,RAISED MEDIAN,LARGE URBANIZED AREA,RURAL OR URBAN PRINCIPAL ARTERIAL,BOSTON (MA-NH-RI),ROTARY,TWO-WAY TRAFFIC,NO ACCESS CONTROL,25.0,CENTRE STREET,WEST ROXBURY CENTRE STREET ROTARY,MURRAY CIRCLE,BOSTON,FAIR,LEVEL TERRAIN,GROWN FROM PRIOR YEAR HPMS NETWORK,,0,0,0,PRINCIPAL ARTERIAL - OTHER,1,NO,47.0,"DCC1:NO IMPROPER DRIVING, DCC2:NOT REPORTED",NOT DISTRACTED,MA,NO,NO,"NO, NOT FEDERALLY REPORTABLE",NOT REPORTED,NO APPARENT INJURY (O),COLLISION WITH MOTOR VEHICLE IN TRAFFIC,1,SLOWING OR STOPPED IN TRAFFIC,PASSENGER CAR,MDA1:LEFT REAR,DORCHESTER,MA,MA,PAN,"SEQ1:COLLISION WITH PEDESTRIAN, SEQ2:COLLISION WITH MOTOR VEHICLE IN TRAFFIC","YES, OTHER REASON NOT DISABLED",NISS,PATHFI,,SOUTHBOUND,,CENTRE STREET,2023,5,24,Wednesday,False
2023,4928663,5258255,BOSTON,05/24/2023,2023-05-24 20:01:00+00:00,OPEN,PROPERTY DAMAGE ONLY (NONE INJURED),NO APPARENT INJURY (O),2,0,0,STATE POLICE,REAR-END,V1: SLOWING OR STOPPED IN TRAFFIC / V2: SLOWING OR STOPPED IN TRAFFIC,V1: S  / V2: S,"V1:(COLLISION WITH PEDESTRIAN),(COLLISION WITH MOTOR VEHICLE IN TRAFFIC) V2:(COLLISION WITH PEDESTRIAN),(COLLISION WITH MOTOR VEHICLE IN TRAFFIC)",DARK - ROADWAY NOT LIGHTED,RAIN,WET,COLLISION WITH MOTOR VEHICLE IN TRAFFIC,V1:(COLLISION WITH MOTOR VEHICLE IN TRAFFIC) / V2:(COLLISION WITH MOTOR VEHICLE IN TRAFFIC),D1: (NO IMPROPER DRIVING)  / D2: (FOLLOWED TOO CLOSELY),V1:(PASSENGER CAR) / V2:(PASSENGER CAR),,ARBORWAY / MURRAY CIRCLE / CENTRE STREET,,,,TRAFFIC CIRCLE,NO CONTROLS,"ONE-WAY, NOT DIVIDED",DEPARTMENT OF CONSERVATION AND RECREATION,ROADWAY,,YES,OPERATOR DESIGNATED,231152.52456683,895471.27406813,42.30910427,-71.12214423,2023,D1: NOT DISTRACTED / D2: NOT DISTRACTED,6,MAPC,V1:(NO) / V2:(NO),"V1:(YES, OTHER REASON NOT DISABLED) / V2:(YES, OTHER REASON NOT DISABLED)",SUFFOLK,"V1:(NO, NOT FEDERALLY REPORTABLE) / V2:(NO, NOT FEDERALLY REPORTABLE)","NO, NOT FEDERALLY REPORTABLE",NO HIT AND RUN,TRAFFIC CONGESTION RELATED,"NO, SCHOOL BUS NOT INVOLVED",25.0,NOT REPORTED,NO,28959.0,2020,0.33,1130,0.105,317,BOTH SIDES,0,8,0,NO SHOULDER,34,BITUMINOUS CONCRETE ROAD,0,NO SHOULDER,2,0,198,RAISED MEDIAN,LARGE URBANIZED AREA,RURAL OR URBAN PRINCIPAL ARTERIAL,BOSTON (MA-NH-RI),ROTARY,TWO-WAY TRAFFIC,NO ACCESS CONTROL,25.0,CENTRE STREET,WEST ROXBURY CENTRE STREET ROTARY,MURRAY CIRCLE,BOSTON,FAIR,LEVEL TERRAIN,GROWN FROM PRIOR YEAR HPMS NETWORK,,0,0,0,PRINCIPAL ARTERIAL - OTHER,2,NO,20.0,"DCC1:FOLLOWED TOO CLOSELY, DCC2:NOT REPORTED",NOT DISTRACTED,MA,NO,NO,"NO, NOT FEDERALLY REPORTABLE",NOT REPORTED,NO APPARENT INJURY (O),COLLISION WITH MOTOR VEHICLE IN TRAFFIC,1,SLOWING OR STOPPED IN TRAFFIC,PASSENGER CAR,MDA1:CENTER FRONT,WINCHESTER,MA,MA,PAN,"SEQ1:COLLISION WITH PEDESTRIAN, SEQ2:COLLISION WITH MOTOR VEHICLE IN TRAFFIC","YES, OTHER REASON NOT DISABLED",HOND,CRV,,SOUTHBOUND,,CENTRE STREET,2023,5,24,Wednesday,False