SOURCE_YEAR,OBJECTID,CRASH_NUMB,CITY_TOWN_NAME,CRASH_DATE_TEXT,CRASH_DATETIME,CRASH_STATUS,CRASH_SEVERITY_DESCR,MAX_INJR_SVRTY_CL,NUMB_VEHC,NUMB_NONFATAL_INJR,NUMB_FATAL_INJR,POLC_AGNCY_TYPE_DESCR,MANR_COLL_DESCR,VEHC_MNVR_ACTN_CL,VEHC_TRVL_DIRC_CL,VEHC_SEQ_EVENTS_CL,AMBNT_LIGHT_DESCR,WEATH_COND_DESCR,ROAD_SURF_COND_DESCR,FIRST_HRMF_EVENT_DESCR,MOST_HRMFL_EVT_CL,DRVR_CNTRB_CIRC_CL,VEHC_CONFIG_CL,STREET_NUMB,RDWY,DIST_DIRC_FROM_INT,NEAR_INT_RDWY,LANDMARK,RDWY_JNCT_TYPE_DESCR,TRAF_CNTRL_DEVC_TYPE_DESCR,TRAFY_DESCR_DESCR,JURISDICTN,FIRST_HRMF_EVENT_LOC_DESCR,NON_MTRST_TYPE_CL,IS_GEOCODED,GEOCODING_METHOD_NAME,X,Y,LAT,LON,YEAR,DRVR_DISTRACTED_CL,DISTRICT_NUM,RPA_ABBR,VEHC_EMER_USE_CL,VEHC_TOWED_FROM_SCENE_CL,CNTY_NAME,FMCSA_RPTBL_CL,FMCSA_RPTBL,HIT_RUN_DESCR,ROAD_CNTRB_DESCR,SCHL_BUS_RELD_DESCR,SPEED_LIMIT,TRAF_CNTRL_DEVC_FUNC_DESCR,WORK_ZONE_RELD_DESCR,AADT,AADT_YEAR,PK_PCT_SUT,AV_PCT_SUT,PK_PCT_CT,AV_PCT_CT,CURB,LT_SIDEWLK,RT_SIDEWLK,SHLDR_LT_W,SHLDR_LT_T,SURFACE_WD,SURFACE_TP,SHLDR_RT_W,SHLDR_RT_T,NUM_LANES,OPP_LANES,MED_WIDTH,MED_TYPE,URBAN_TYPE,F_CLASS,URBAN_AREA,FACILITY,OPERATION,CONTROL,SPEED_LIM,STREETNAME,FROMSTREETNAME,TOSTREETNAME,CITY,STRUCT_CND,TERRAIN,AADT_DERIV,STATN_NUM,OP_DIR_SL,SHLDR_UL_T,SHLDR_UL_W,F_F_CLASS,VEHC_UNIT_NUMB,ALC_SUSPD_TYPE_DESCR,DRIVER_AGE,DRVR_CNTRB_CIRC_DESCR,DRIVER_DISTRACTED_TYPE_DESCR,DRVR_LCN_STATE,DRUG_SUSPD_TYPE_DESCR,EMERGENCY_USE_DESC,FMCSA_RPTBL_VL,HAZ_MAT_PLACARD_DESCR,MAX_INJR_SVRTY_VL,MOST_HRMF_EVENT,TOTAL_OCCPT_IN_VEHC,VEHC_MANR_ACT_DESCR,VEHC_CONFG_DESCR,VEHC_MOST_DMGD_AREA,OWNER_ADDR_CITY_TOWN,OWNER_ADDR_STATE,VEHC_REG_STATE,VEHC_REG_TYPE_CODE,VEHC_SEQ_EVENTS,VEHC_TOWED_FROM_SCENE,VEHICLE_MAKE_DESCR,VEHICLE_MODEL_DESCR,DRIVER_VIOLATION_CL,TRVL_DIRC_DESCR,OBJECTID_1,TARGET_STREET,CRASH_YEAR,CRASH_MONTH,CRASH_DAY,CRASH_WEEKDAY,HAS_INJURY
2023,4967159,5296655,BOSTON,08/27/2023,2023-08-27 00:05:00+00:00,OPEN,PROPERTY DAMAGE ONLY (NONE INJURED),NO APPARENT INJURY (O),2,0,0,STATE POLICE,NOT REPORTED,V1: NOT REPORTED / V2: CHANGING LANES,V1: N  / V2: N,V1:(COLLISION WITH MOTOR VEHICLE IN TRAFFIC) V2:(COLLISION WITH MOTOR VEHICLE IN TRAFFIC),DARK - LIGHTED ROADWAY,CLEAR,DRY,COLLISION WITH MOTOR VEHICLE IN TRAFFIC,V1:(COLLISION WITH MOTOR VEHICLE IN TRAFFIC) / V2:(COLLISION WITH MOTOR VEHICLE IN TRAFFIC),,V1:(PASSENGER CAR) / V2:(PASSENGER CAR),,ARBORWAY / CENTRE STREET,,,,TRAFFIC CIRCLE,YIELD SIGNS,"ONE-WAY, NOT DIVIDED",DEPARTMENT OF CONSERVATION AND RECREATION,ROADWAY,,YES,OPERATOR DESIGNATED,231216.1249,895485.9374,42.3092337,-71.12137206,2023,,6,MAPC,V1:(NO) / V2:(NO),"V1:(YES, OTHER REASON NOT DISABLED) / V2:(YES, OTHER REASON NOT DISABLED)",SUFFOLK,"V1:(NO, NOT FEDERALLY REPORTABLE) / V2:(NO, NOT FEDERALLY REPORTABLE)","NO, NOT FEDERALLY REPORTABLE",NO HIT AND RUN,NOT REPORTED,"NO, SCHOOL BUS NOT INVOLVED",25.0,"YES, DEVICE FUNCTIONING",NO,31806.0,2020,0.558,1463,0.155,350,BOTH SIDES,0,8,0,NO SHOULDER,34,BITUMINOUS CONCRETE ROAD,0,NO SHOULDER,2,0,198,RAISED MEDIAN,LARGE URBANIZED AREA,RURAL OR URBAN PRINCIPAL ARTERIAL,BOSTON (MA-NH-RI),ROTARY,TWO-WAY TRAFFIC,NO ACCESS CONTROL,25.0,MURRAY CIRCLE,ARBORWAY,ARBORWAY,BOSTON,FAIR,LEVEL TERRAIN,PULLED BACK FROM HPMS NETWORK ESTIMATION ROUTINE,,0,0,0,PRINCIPAL ARTERIAL - OTHER,2,NO,25.0,DCC1:NOT REPORTED,NOT REPORTED,MA,NO,NO,"NO, NOT FEDERALLY REPORTABLE",NOT REPORTED,NO APPARENT INJURY (O),COLLISION WITH MOTOR VEHICLE IN TRAFFIC,1,CHANGING LANES,PASSENGER CAR,"MDA1:LEFT SIDE, MDA2:LEFT FRONT",WORCESTER,MA,MA,PAN,SEQ1:COLLISION WITH MOTOR VEHICLE IN TRAFFIC,"YES, OTHER REASON NOT DISABLED",MAZD,CX3,,NORTHBOUND,,CENTRE STREET,2023,8,27,Sunday,False
2023,4967591,5297243,BOSTON,09/11/2023,2023-09-11 17:24:00+00:00,OPEN,PROPERTY DAMAGE ONLY (NONE INJURED),NO APPARENT INJURY (O),1,0,0,STATE POLICE,ANGLE,V1: SLOWING OR STOPPED IN TRAFFIC,V1: E,V1:(COLLISION WITH MOTOR VEHICLE IN TRAFFIC),DUSK,RAIN,WET,COLLISION WITH MOTOR VEHICLE IN TRAFFIC,V1:(COLLISION WITH MOTOR VEHICLE IN TRAFFIC),D1: (NO IMPROPER DRIVING),"V1:(LIGHT TRUCK(VAN, MINI-VAN, PICKUP, SPORT UTILITY))",,SOUTH STREET / ARBORWAY RTE SR203 E,,,,FOUR-WAY INTERSECTION,TRAFFIC CONTROL SIGNAL,"TWO-WAY, DIVIDED, POSITIVE MEDIAN BARRIER",CITY OR TOWN ACCEPTED ROAD,ROADWAY,,YES,OPERATOR DESIGNATED,231786.2037,894655.2407,42.30173212,-71.11450307,2023,D1: NOT DISTRACTED,6,MAPC,V1:(NO),"V1:(YES, VEHICLE OR TRAILER DISABLED)",SUFFOLK,"V1:(NO, NOT FEDERALLY REPORTABLE)","NO, NOT FEDERALLY REPORTABLE",NO HIT AND RUN,,"NO, SCHOOL BUS NOT INVOLVED",25.0,"YES, DEVICE FUNCTIONING",NO,3298.0,2020,0.31,162,0,20,BOTH SIDES,8,8,0,NO SHOULDER,45,BITUMINOUS CONCRETE ROAD,0,NO SHOULDER,2,0,0,,LARGE URBANIZED AREA,URBAN COLLECTOR OR RURAL MINOR COLLECTOR,BOSTON (MA-NH-RI),MAINLINE ROADWAY,TWO-WAY TRAFFIC,NO ACCESS CONTROL,99.0,SOUTH STREET,CENTRE STREET,WASHINGTON STREET,BOSTON,FAIR,LEVEL TERRAIN,GROWN FROM PRIOR YEAR HPMS NETWORK,,99,0,0,MAJOR COLLECTOR,1,NO,55.0,"DCC1:NO IMPROPER DRIVING, DCC2:NOT REPORTED",NOT DISTRACTED,MA,NO,NO,"NO, NOT FEDERALLY REPORTABLE",NOT REPORTED,NO APPARENT INJURY (O),COLLISION WITH MOTOR VEHICLE IN TRAFFIC,2,SLOWING OR STOPPED IN TRAFFIC,"LIGHT TRUCK(VAN, MINI-VAN, PICKUP, SPORT UTILITY)","MDA1:RIGHT FRONT, MDA2:RIGHT SIDE",HULL,MA,MA,PAN,SEQ1:COLLISION WITH MOTOR VEHICLE IN TRAFFIC,"YES, VEHICLE OR TRAILER DISABLED",FORD,ESCAPE,,EASTBOUND,,SOUTH STREET,2023,9,11,Monday,False
2023,4971565,5300826,BOSTON,09/14/2023,2023-09-14 07:50:00+00:00,OPEN,NON-FATAL INJURY,POSSIBLE INJURY (C),2,2,0,STATE POLICE,REAR-END,V1: TRAVELLING STRAIGHT AHEAD / V2: TRAVELLING STRAIGHT AHEAD,V1: N  / V2: N,V1:(COLLISION WITH MOTOR VEHICLE IN TRAFFIC) V2:(COLLISION WITH MOTOR VEHICLE IN TRAFFIC),DAYLIGHT,CLEAR,DRY,COLLISION WITH MOTOR VEHICLE IN TRAFFIC,V1:(COLLISION WITH MOTOR VEHICLE IN TRAFFIC) / V2:(COLLISION WITH MOTOR VEHICLE IN TRAFFIC),D1: (NO IMPROPER DRIVING)  / D2: (FOLLOWED TOO CLOSELY),V1:(PASSENGER CAR) / V2:(PASSENGER CAR),1189,CENTRE STREET RTE UNKNOW,,,,Y-INTERSECTION,YIELD SIGNS,"ONE-WAY, NOT DIVIDED",DEPARTMENT OF CONSERVATION AND RECREATION,ROADWAY,,YES,AT ADDRESS,230570.92063754,894330.58609118,42.29885785,-71.12925868,2023,D1: NOT DISTRACTED,6,MAPC,V1:(NO) / V2:(NO),"V1:(YES, OTHER REASON NOT DISABLED) / V2:(YES, OTHER REASON NOT DISABLED)",SUFFOLK,"V1:(NO, NOT FEDERALLY REPORTABLE) / V2:(NO, NOT FEDERALLY REPORTABLE)","NO, NOT FEDERALLY REPORTABLE",NO HIT AND RUN,TRAFFIC CONGESTION RELATED,"NO, SCHOOL BUS NOT INVOLVED",25.0,"YES, DEVICE FUNCTIONING",NO,33898.0,2009,3,3,2,2,ALL CURBS (DIVIDED HIGHWAY),0,8,0,NO SHOULDER,22,BITUMINOUS CONCRETE ROAD,0,NO SHOULDER,2,2,3,RAISED MEDIAN,LARGE URBANIZED AREA,RURAL OR URBAN PRINCIPAL ARTERIAL,BOSTON (MA-NH-RI),MAINLINE ROADWAY,TWO-WAY TRAFFIC,NO ACCESS CONTROL,30.0,CENTRE STREET,WEST ROXBURY CENTRE STREET ROTARY,MURRAY CIRCLE,BOSTON,FAIR,LEVEL TERRAIN,ESTIMATE,8536,0,0,0,PRINCIPAL ARTERIAL - OTHER,1,NO,41.0,"DCC1:NO IMPROPER DRIVING, DCC2:NOT REPORTED",NOT DISTRACTED,MA,NO,NO,"NO, NOT FEDERALLY REPORTABLE",NOT REPORTED,POSSIBLE INJURY (C),COLLISION WITH MOTOR VEHICLE IN TRAFFIC,1,TRAVELLING STRAIGHT AHEAD,PASSENGER CAR,MDA1:LEFT REAR,WEST ROXBURY,MA,MA,PAN,SEQ1:COLLISION WITH MOTOR VEHICLE IN TRAFFIC,"YES, OTHER REASON NOT DISABLED",FORD,ESCAPE,,NORTHBOUND,,CENTRE STREET,2023,9,14,Thursday,True
2023,4971565,5300826,BOSTON,09/14/2023,2023-09-14 07:50:00+00:00,OPEN,NON-FATAL INJURY,POSSIBLE INJURY (C),2,2,0,STATE POLICE,REAR-END,V1: TRAVELLING STRAIGHT AHEAD / V2: TRAVELLING STRAIGHT AHEAD,V1: N  / V2: N,V1:(COLLISION WITH MOTOR VEHICLE IN TRAFFIC) V2:(COLLISION WITH MOTOR VEHICLE IN TRAFFIC),DAYLIGHT,CLEAR,DRY,COLLISION WITH MOTOR VEHICLE IN TRAFFIC,V1:(COLLISION WITH MOTOR VEHICLE IN TRAFFIC) / V2:(COLLISION WITH MOTOR VEHICLE IN TRAFFIC),D1: (NO IMPROPER DRIVING)  / D2: (FOLLOWED TOO CLOSELY),V1:(PASSENGER CAR) / V2:(PASSENGER CAR),1189,CENTRE STREET RTE UNKNOW,,,,Y-INTERSECTION,YIELD SIGNS,"ONE-WAY, NOT DIVIDED",DEPARTMENT OF CONSERVATION AND RECREATION,ROADWAY,,YES,AT ADDRESS,230570.92063754,894330.58609118,42.29885785,-71.12925868,2023,D1: NOT DISTRACTED,6,MAPC,V1:(NO) / V2:(NO),"V1:(YES, OTHER REASON NOT DISABLED) / V2:(YES, OTHER REASON NOT DISABLED)",SUFFOLK,"V1:(NO, NOT FEDERALLY REPORTABLE) / V2:(NO, NOT FEDERALLY REPORTABLE)","NO, NOT FEDERALLY REPORTABLE",NO HIT AND RUN,TRAFFIC CONGESTION RELATED,"NO, SCHOOL BUS NOT INVOLVED",25.0,"YES, DEVICE FUNCTIONING",NO,33898.0,2009,3,3,2,2,ALL CURBS (DIVIDED HIGHWAY),0,8,0,NO SHOULDER,22,BITUMINOUS CONCRETE ROAD,0,NO SHOULDER,2,2,3,RAISED MEDIAN,LARGE URBANIZED AREA,RURAL OR URBAN PRINCIPAL ARTERIAL,BOSTON (MA-NH-RI),MAINLINE ROADWAY,TWO-WAY TRAFFIC,NO ACCESS CONTROL,30.0,CENTRE STREET,WEST ROXBURY CENTRE STREET ROTARY,MURRAY CIRCLE,BOSTON,FAIR,LEVEL TERRAIN,ESTIMATE,8536,0,0,0,PRINCIPAL ARTERIAL - OTHER,2,NO,26.0,"DCC1:FOLLOWED TOO CLOSELY, DCC2:NOT REPORTED",NOT REPORTED,MA,NO,NO,"NO, NOT FEDERALLY REPORTABLE",NOT REPORTED,POSSIBLE INJURY (C),COLLISION WITH MOTOR VEHICLE IN TRAFFIC,1,TRAVELLING STRAIGHT AHEAD,PASSENGER CAR,MDA1:RIGHT FRONT,BOSTON,MA,MA,PAN,SEQ1:COLLISION WITH MOTOR VEHICLE IN TRAFFIC,"YES, OTHER REASON NOT DISABLED",FORD,ECOSPORT,,NORTHBOUND,,CENTRE STREET,2023,9,14,Thursday,True
2023,4973256,5302880,BOSTON,09/21/2023,2023-09-21 06:00:00+00:00,OPEN,PROPERTY DAMAGE ONLY (NONE INJURED),NO APPARENT INJURY (O),2,0,0,STATE POLICE,ANGLE,V1: ENTERING TRAFFIC LANE / V2: TRAVELLING STRAIGHT AHEAD,V1: W  / V2: N,V1:(COLLISION WITH MOTOR VEHICLE IN TRAFFIC) V2:(COLLISION WITH MOTOR VEHICLE IN TRAFFIC),DARK - LIGHTED ROADWAY,CLEAR,DRY,COLLISION WITH MOTOR VEHICLE IN TRAFFIC,V1:(COLLISION WITH MOTOR VEHICLE IN TRAFFIC) / V2:(COLLISION WITH MOTOR VEHICLE IN TRAFFIC),D1: (FAILED TO YIELD RIGHT OF WAY)  / D2: (NO IMPROPER DRIVING),"V1:(LIGHT TRUCK(VAN, MINI-VAN, PICKUP, SPORT UTILITY)) / V2:(LIGHT TRUCK(VAN, MINI-VAN, PICKUP, SPORT UTILITY))",,ARBORWAY / CENTRE STREET,,,,TRAFFIC CIRCLE,YIELD SIGNS,"ONE-WAY, NOT DIVIDED",DEPARTMENT OF CONSERVATION AND RECREATION,ROADWAY,,YES,OPERATOR DESIGNATED,231216.1249,895485.9374,42.3092337,-71.12137206,2023,D1: NOT DISTRACTED / D2: NOT DISTRACTED,6,MAPC,V1:(NO) / V2:(NO),"V1:(YES, OTHER REASON NOT DISABLED) / V2:(YES, OTHER REASON NOT DISABLED)",SUFFOLK,"V1:(NO, NOT FEDERALLY REPORTABLE) / V2:(NO, NOT FEDERALLY REPORTABLE)","NO, NOT FEDERALLY REPORTABLE",NO HIT AND RUN,,"NO, SCHOOL BUS NOT INVOLVED",30.0,"YES, DEVICE FUNCTIONING",NO,31806.0,2020,0.558,1463,0.155,350,BOTH SIDES,0,8,0,NO SHOULDER,34,BITUMINOUS CONCRETE ROAD,0,NO SHOULDER,2,0,198,RAISED MEDIAN,LARGE URBANIZED AREA,RURAL OR URBAN PRINCIPAL ARTERIAL,BOSTON (MA-NH-RI),ROTARY,TWO-WAY TRAFFIC,NO ACCESS CONTROL,25.0,MURRAY CIRCLE,ARBORWAY,ARBORWAY,BOSTON,FAIR,LEVEL TERRAIN,PULLED BACK FROM HPMS NETWORK ESTIMATION ROUTINE,,0,0,0,PRINCIPAL ARTERIAL - OTHER,1,NO,60.0,"DCC1:FAILED TO YIELD RIGHT OF WAY, DCC2:NOT REPORTED",NOT DISTRACTED,MA,NO,NO,"NO, NOT FEDERALLY REPORTABLE",NOT REPORTED,NO APPARENT INJURY (O),COLLISION WITH MOTOR VEHICLE IN TRAFFIC,1,ENTERING TRAFFIC LANE,"LIGHT TRUCK(VAN, MINI-VAN, PICKUP, SPORT UTILITY)","MDA1:LEFT SIDE, MDA2:LEFT FRONT",DORCHESTER,MA,MA,PAN,SEQ1:COLLISION WITH MOTOR VEHICLE IN TRAFFIC,"YES, OTHER REASON NOT DISABLED",MERZ,E,,WESTBOUND,,CENTRE STREET,2023,9,21,Thursday,False
2023,4973256,5302880,BOSTON,09/21/2023,2023-09-21 06:00:00+00:00,OPEN,PROPERTY DAMAGE ONLY (NONE INJURED),NO APPARENT INJURY (O),2,0,0,STATE POLICE,ANGLE,V1: ENTERING TRAFFIC LANE / V2: TRAVELLING STRAIGHT AHEAD,V1: W  / V2: N,V1:(COLLISION WITH MOTOR VEHICLE IN TRAFFIC) V2:(COLLISION WITH MOTOR VEHICLE IN TRAFFIC),DARK - LIGHTED ROADWAY,CLEAR,DRY,COLLISION WITH MOTOR VEHICLE IN TRAFFIC,V1:(COLLISION WITH MOTOR VEHICLE IN TRAFFIC) / V2:(COLLISION WITH MOTOR VEHICLE IN TRAFFIC),D1: (FAILED TO YIELD RIGHT OF WAY)  / D2: (NO IMPROPER DRIVING),"V1:(LIGHT TRUCK(VAN, MINI-VAN, PICKUP, SPORT UTILITY)) / V2:(LIGHT TRUCK(VAN, MINI-VAN, PICKUP, SPORT UTILITY))",,ARBORWAY / CENTRE STREET,,,,TRAFFIC CIRCLE,YIELD SIGNS,"ONE-WAY, NOT DIVIDED",DEPARTMENT OF CONSERVATION AND RECREATION,ROADWAY,,YES,OPERATOR DESIGNATED,231216.1249,895485.9374,42.3092337,-71.12137206,2023,D1: NOT DISTRACTED / D2: NOT DISTRACTED,6,MAPC,V1:(NO) / V2:(NO),"V1:(YES, OTHER REASON NOT DISABLED) / V2:(YES, OTHER REASON NOT DISABLED)",SUFFOLK,"V1:(NO, NOT FEDERALLY REPORTABLE) / V2:(NO, NOT FEDERALLY REPORTABLE)","NO, NOT FEDERALLY REPORTABLE",NO HIT AND RUN,,"NO, SCHOOL BUS NOT INVOLVED",30.0,"YES, DEVICE FUNCTIONING",NO,31806.0,2020,0.558,1463,0.155,350,BOTH SIDES,0,8,0,NO SHOULDER,34,BITUMINOUS CONCRETE ROAD,0,NO SHOULDER,2,0,198,RAISED MEDIAN,LARGE URBANIZED AREA,RURAL OR URBAN PRINCIPAL ARTERIAL,BOSTON (MA-NH-RI),ROTARY,TWO-WAY TRAFFIC,NO ACCESS CONTROL,25.0,MURRAY CIRCLE,ARBORWAY,ARBORWAY,BOSTON,FAIR,LEVEL TERRAIN,PULLED BACK FROM HPMS NETWORK ESTIMATION ROUTINE,,0,0,0,PRINCIPAL ARTERIAL - OTHER,2,NO,63.0,"DCC1:NO IMPROPER DRIVING, DCC2:NOT REPORTED",NOT DISTRACTED,MA,NO,NO,"NO, NOT FEDERALLY REPORTABLE",NOT REPORTED,NO APPARENT INJURY (O),COLLISION WITH MOTOR VEHICLE IN TRAFFIC,1,TRAVELLING STRAIGHT AHEAD,"LIGHT TRUCK(VAN, MINI-VAN, PICKUP, SPORT UTILITY)",MDA1:RIGHT FRONT,WEST ROXBURY,MA,MA,PAN,SEQ1:COLLISION WITH MOTOR VEHICLE IN TRAFFIC,"YES, OTHER REASON NOT DISABLED",MERZ,GLC300,,NORTHBOUND,,CENTRE STREET,2023,9,21,Thursday,False
2023,4973261,5302875,BOSTON,09/11/2023,2023-09-11 13:38:00+00:00,OPEN,PROPERTY DAMAGE ONLY (NONE INJURED),NO APPARENT INJURY (O),2,0,0,STATE POLICE,"SIDESWIPE, SAME DIRECTION",V1: ENTERING TRAFFIC LANE / V2: ENTERING TRAFFIC LANE,V1: N  / V2: N,V1:(COLLISION WITH MOTOR VEHICLE IN TRAFFIC) V2:(COLLISION WITH MOTOR VEHICLE IN TRAFFIC),DAYLIGHT,CLEAR,DRY,COLLISION WITH MOTOR VEHICLE IN TRAFFIC,V1:(COLLISION WITH MOTOR VEHICLE IN TRAFFIC) / V2:(COLLISION WITH MOTOR VEHICLE IN TRAFFIC),,"V1:(PASSENGER CAR) / V2:(SINGLE-UNIT TRUCK (2-AXLE, 6-TIRES))",,ARBORWAY / CENTRE STREET,,,,TRAFFIC CIRCLE,NO CONTROLS,"ONE-WAY, NOT DIVIDED",DEPARTMENT OF CONSERVATION AND RECREATION,ROADWAY,,YES,OPERATOR DESIGNATED,231216.1249,895485.9374,42.3092337,-71.12137206,2023,D1: NOT DISTRACTED / D2: NOT DISTRACTED,6,MAPC,V1:(NO) / V2:(NO),"V1:(YES, VEHICLE OR TRAILER DISABLED) / V2:(YES, VEHICLE OR TRAILER DISABLED)",SUFFOLK,"V1:(NO, NOT FEDERALLY REPORTABLE) / V2:(YES, FEDERALLY REPORTABLE)","YES, FEDERALLY REPORTABLE",NO HIT AND RUN,TRAFFIC CONGESTION RELATED,"NO, SCHOOL BUS NOT INVOLVED",25.0,"YES, DEVICE FUNCTIONING",NO,31806.0,2020,0.558,1463,0.155,350,BOTH SIDES,0,8,0,NO SHOULDER,34,BITUMINOUS CONCRETE ROAD,0,NO SHOULDER,2,0,198,RAISED MEDIAN,LARGE URBANIZED AREA,RURAL OR URBAN PRINCIPAL ARTERIAL,BOSTON (MA-NH-RI),ROTARY,TWO-WAY TRAFFIC,NO ACCESS CONTROL,25.0,MURRAY CIRCLE,ARBORWAY,ARBORWAY,BOSTON,FAIR,LEVEL TERRAIN,PULLED BACK FROM HPMS NETWORK ESTIMATION ROUTINE,,0,0,0,PRINCIPAL ARTERIAL - OTHER,1,NO,59.0,DCC1:NOT REPORTED,NOT DISTRACTED,MA,NO,NO,"NO, NOT FEDERALLY REPORTABLE",NOT REPORTED,NO APPARENT INJURY (O),COLLISION WITH MOTOR VEHICLE IN TRAFFIC,1,ENTERING TRAFFIC LANE,PASSENGER CAR,MDA1:CENTER FRONT,QUINCY,MA,MA,PAN,SEQ1:COLLISION WITH MOTOR VEHICLE IN TRAFFIC,"YES, VEHICLE OR TRAILER DISABLED",HOND,ACCORD,,NORTHBOUND,,CENTRE STREET,2023,9,11,Monday,False
2023,4973261,5302875,BOSTON,09/11/2023,2023-09-11 13:38:00+00:00,OPEN,PROPERTY DAMAGE ONLY (NONE INJURED),NO APPARENT INJURY (O),2,0,0,STATE POLICE,"SIDESWIPE, SAME DIRECTION",V1: ENTERING TRAFFIC LANE / V2: ENTERING TRAFFIC LANE,V1: N  / V2: N,V1:(COLLISION WITH MOTOR VEHICLE IN TRAFFIC) V2:(COLLISION WITH MOTOR VEHICLE IN TRAFFIC),DAYLIGHT,CLEAR,DRY,COLLISION WITH MOTOR VEHICLE IN TRAFFIC,V1:(COLLISION WITH MOTOR VEHICLE IN TRAFFIC) / V2:(COLLISION WITH MOTOR VEHICLE IN TRAFFIC),,"V1:(PASSENGER CAR) / V2:(SINGLE-UNIT TRUCK (2-AXLE, 6-TIRES))",,ARBORWAY / CENTRE STREET,,,,TRAFFIC CIRCLE,NO CONTROLS,"ONE-WAY, NOT DIVIDED",DEPARTMENT OF CONSERVATION AND RECREATION,ROADWAY,,YES,OPERATOR DESIGNATED,231216.1249,895485.9374,42.3092337,-71.12137206,2023,D1: NOT DISTRACTED / D2: NOT DISTRACTED,6,MAPC,V1:(NO) / V2:(NO),"V1:(YES, VEHICLE OR TRAILER DISABLED) / V2:(YES, VEHICLE OR TRAILER DISABLED)",SUFFOLK,"V1:(NO, NOT FEDERALLY REPORTABLE) / V2:(YES, FEDERALLY REPORTABLE)","YES, FEDERALLY REPORTABLE",NO HIT AND RUN,TRAFFIC CONGESTION RELATED,"NO, SCHOOL BUS NOT INVOLVED",25.0,"YES, DEVICE FUNCTIONING",NO,31806.0,2020,0.558,1463,0.155,350,BOTH SIDES,0,8,0,NO SHOULDER,34,BITUMINOUS CONCRETE ROAD,0,NO SHOULDER,2,0,198,RAISED MEDIAN,LARGE URBANIZED AREA,RURAL OR URBAN PRINCIPAL ARTERIAL,BOSTON (MA-NH-RI),ROTARY,TWO-WAY TRAFFIC,NO ACCESS CONTROL,25.0,MURRAY CIRCLE,ARBORWAY,ARBORWAY,BOSTON,FAIR,LEVEL TERRAIN,PULLED BACK FROM HPMS NETWORK ESTIMATION ROUTINE,,0,0,0,PRINCIPAL ARTERIAL - OTHER,2,NO,40.0,DCC1:NOT REPORTED,NOT DISTRACTED,MA,NO,NO,"YES, FEDERALLY REPORTABLE",NOT REPORTED,NO APPARENT INJURY (O),COLLISION WITH MOTOR VEHICLE IN TRAFFIC,1,ENTERING TRAFFIC LANE,"SINGLE-UNIT TRUCK (2-AXLE, 6-TIRES)",MDA1:NONE,EAST BOSTON,MA,MA,CON,SEQ1:COLLISION WITH MOTOR VEHICLE IN TRAFFIC,"YES, VEHICLE OR TRAILER DISABLED",KW,CONSTRUCTI,,NORTHBOUND,,CENTRE STREET,2023,9,11,Monday,False
2023,4977254,5306485,BOSTON,10/04/2023,2023-10-04 18:35:00+00:00,OPEN,PROPERTY DAMAGE ONLY (NONE INJURED),NO APPARENT INJURY (O),2,0,0,STATE POLICE,REAR-END,V1: TRAVELLING STRAIGHT AHEAD / V2: CHANGING LANES,V1: N  / V2: N,V1:(COLLISION WITH MOTOR VEHICLE IN TRAFFIC) V2:(COLLISION WITH MOTOR VEHICLE IN TRAFFIC),DUSK,CLEAR,DRY,COLLISION WITH MOTOR VEHICLE IN TRAFFIC,V1:(COLLISION WITH MOTOR VEHICLE IN TRAFFIC) / V2:(COLLISION WITH MOTOR VEHICLE IN TRAFFIC),D2: (NO IMPROPER DRIVING),V1:(PASSENGER CAR) / V2:(PASSENGER CAR),1000,CENTRE STREET,,,,T-INTERSECTION,TRAFFIC CONTROL SIGNAL,"TWO-WAY, DIVIDED, UNPROTECTED MEDIAN",DEPARTMENT OF CONSERVATION AND RECREATION,ROADWAY,,YES,OPERATOR DESIGNATED,230980.69836366,895119.51097611,42.30594421,-71.12424715,2023,D1: NOT DISTRACTED / D2: NOT DISTRACTED,6,MAPC,V1:(YES) / V2:(NO),"V1:(YES, OTHER REASON NOT DISABLED) / V2:(YES, OTHER REASON NOT DISABLED)",SUFFOLK,"V1:(NO, NOT FEDERALLY REPORTABLE) / V2:(NO, NOT FEDERALLY REPORTABLE)","NO, NOT FEDERALLY REPORTABLE",NO HIT AND RUN,TRAFFIC CONGESTION RELATED,"NO, SCHOOL BUS NOT INVOLVED",25.0,NOT REPORTED,NO,31806.0,2020,0.558,1463,0.155,350,ALL CURBS (DIVIDED HIGHWAY),0,8,0,NO SHOULDER,22,BITUMINOUS CONCRETE ROAD,0,NO SHOULDER,2,2,3,RAISED MEDIAN,LARGE URBANIZED AREA,RURAL OR URBAN PRINCIPAL ARTERIAL,BOSTON (MA-NH-RI),MAINLINE ROADWAY,TWO-WAY TRAFFIC,NO ACCESS CONTROL,35.0,CENTRE STREET,WEST ROXBURY CENTRE STREET ROTARY,MURRAY CIRCLE,BOSTON,FAIR,LEVEL TERRAIN,PULLED BACK FROM HPMS NETWORK ESTIMATION ROUTINE,,0,0,0,PRINCIPAL ARTERIAL - OTHER,1,NO,45.0,DCC1:NOT REPORTED,NOT DISTRACTED,MA,NO,YES,"NO, NOT FEDERALLY REPORTABLE",NOT REPORTED,NO APPARENT INJURY (O),COLLISION WITH MOTOR VEHICLE IN TRAFFIC,4,TRAVELLING STRAIGHT AHEAD,PASSENGER CAR,MDA1:LEFT FRONT,BOSTON,MA,MA,MVN,SEQ1:COLLISION WITH MOTOR VEHICLE IN TRAFFIC,"YES, OTHER REASON NOT DISABLED",FORD,F450,,NORTHBOUND,,CENTRE STREET,2023,10,4,Wednesday,False