SOURCE_YEAR,OBJECTID,CRASH_NUMB,CITY_TOWN_NAME,CRASH_DATE_TEXT,CRASH_DATETIME,CRASH_STATUS,CRASH_SEVERITY_DESCR,MAX_INJR_SVRTY_CL,NUMB_VEHC,NUMB_NONFATAL_INJR,NUMB_FATAL_INJR,POLC_AGNCY_TYPE_DESCR,MANR_COLL_DESCR,VEHC_MNVR_ACTN_CL,VEHC_TRVL_DIRC_CL,VEHC_SEQ_EVENTS_CL,AMBNT_LIGHT_DESCR,WEATH_COND_DESCR,ROAD_SURF_COND_DESCR,FIRST_HRMF_EVENT_DESCR,MOST_HRMFL_EVT_CL,DRVR_CNTRB_CIRC_CL,VEHC_CONFIG_CL,STREET_NUMB,RDWY,DIST_DIRC_FROM_INT,NEAR_INT_RDWY,LANDMARK,RDWY_JNCT_TYPE_DESCR,TRAF_CNTRL_DEVC_TYPE_DESCR,TRAFY_DESCR_DESCR,JURISDICTN,FIRST_HRMF_EVENT_LOC_DESCR,NON_MTRST_TYPE_CL,IS_GEOCODED,GEOCODING_METHOD_NAME,X,Y,LAT,LON,YEAR,DRVR_DISTRACTED_CL,DISTRICT_NUM,RPA_ABBR,VEHC_EMER_USE_CL,VEHC_TOWED_FROM_SCENE_CL,CNTY_NAME,FMCSA_RPTBL_CL,FMCSA_RPTBL,HIT_RUN_DESCR,ROAD_CNTRB_DESCR,SCHL_BUS_RELD_DESCR,SPEED_LIMIT,TRAF_CNTRL_DEVC_FUNC_DESCR,WORK_ZONE_RELD_DESCR,AADT,AADT_YEAR,PK_PCT_SUT,AV_PCT_SUT,PK_PCT_CT,AV_PCT_CT,CURB,LT_SIDEWLK,RT_SIDEWLK,SHLDR_LT_W,SHLDR_LT_T,SURFACE_WD,SURFACE_TP,SHLDR_RT_W,SHLDR_RT_T,NUM_LANES,OPP_LANES,MED_WIDTH,MED_TYPE,URBAN_TYPE,F_CLASS,URBAN_AREA,FACILITY,OPERATION,CONTROL,SPEED_LIM,STREETNAME,FROMSTREETNAME,TOSTREETNAME,CITY,STRUCT_CND,TERRAIN,AADT_DERIV,STATN_NUM,OP_DIR_SL,SHLDR_UL_T,SHLDR_UL_W,F_F_CLASS,VEHC_UNIT_NUMB,ALC_SUSPD_TYPE_DESCR,DRIVER_AGE,DRVR_CNTRB_CIRC_DESCR,DRIVER_DISTRACTED_TYPE_DESCR,DRVR_LCN_STATE,DRUG_SUSPD_TYPE_DESCR,EMERGENCY_USE_DESC,FMCSA_RPTBL_VL,HAZ_MAT_PLACARD_DESCR,MAX_INJR_SVRTY_VL,MOST_HRMF_EVENT,TOTAL_OCCPT_IN_VEHC,VEHC_MANR_ACT_DESCR,VEHC_CONFG_DESCR,VEHC_MOST_DMGD_AREA,OWNER_ADDR_CITY_TOWN,OWNER_ADDR_STATE,VEHC_REG_STATE,VEHC_REG_TYPE_CODE,VEHC_SEQ_EVENTS,VEHC_TOWED_FROM_SCENE,VEHICLE_MAKE_DESCR,VEHICLE_MODEL_DESCR,DRIVER_VIOLATION_CL,TRVL_DIRC_DESCR,OBJECTID_1,TARGET_STREET,CRASH_YEAR,CRASH_MONTH,CRASH_DAY,CRASH_WEEKDAY,HAS_INJURY
2023,5018257,5348736,BOSTON,06/22/2023,2023-06-22 08:07:00+00:00,OPEN,PROPERTY DAMAGE ONLY (NONE INJURED),NO APPARENT INJURY (O),3,0,0,LOCAL POLICE,"SIDESWIPE, SAME DIRECTION",V1: SLOWING OR STOPPED IN TRAFFIC / V2: NOT REPORTED / V3: TRAVELLING STRAIGHT AHEAD,V1:    / V2:    / V3: N,V1:(COLLISION WITH MOTOR VEHICLE IN TRAFFIC) V3:(COLLISION WITH MOTOR VEHICLE IN TRAFFIC),DAYLIGHT,CLEAR,NOT REPORTED,COLLISION WITH MOTOR VEHICLE IN TRAFFIC,V1:(COLLISION WITH MOTOR VEHICLE IN TRAFFIC) / V3:(COLLISION WITH MOTOR VEHICLE IN TRAFFIC),,"V1:(PASSENGER CAR) / V2:(TRUCK/TRAILER) / V3:(LIGHT TRUCK(VAN, MINI-VAN, PICKUP, SPORT UTILITY))",,WASHINGTON STREET / BROOKSTONE STREET / COLGATE ROAD,,,,NOT REPORTED,NOT REPORTED,NOT REPORTED,CITY OR TOWN ACCEPTED ROAD,ROADWAY,,YES,OPERATOR DESIGNATED,231267.6561,893715.6877,42.29329442,-71.12084248,2023,,6,MAPC,V1:(NO) / V3:(NO),"V1:(YES, VEHICLE OR TRAILER DISABLED) / V2:(NO) / V3:(NO)",SUFFOLK,"V1:(NO, NOT FEDERALLY REPORTABLE) / V2:(NO, NOT FEDERALLY REPORTABLE) / V3:(NO, NOT FEDERALLY REPORTABLE)","NO, NOT FEDERALLY REPORTABLE",NO HIT AND RUN,NOT REPORTED,"NO, SCHOOL BUS NOT INVOLVED",,NOT REPORTED,NO,14717.0,2020,0.558,677,0.155,162,BOTH SIDES,8,8,0,NO SHOULDER,22,BITUMINOUS CONCRETE ROAD,0,NO SHOULDER,2,0,0,,LARGE URBANIZED AREA,RURAL MINOR ARTERIAL OR URBAN PRINCIPAL ARTERIAL,BOSTON (MA-NH-RI),MAINLINE ROADWAY,TWO-WAY TRAFFIC,NO ACCESS CONTROL,30.0,WASHINGTON STREET,DEDHAM TOWN LINE,SOUTH STREET,BOSTON,FAIR,LEVEL TERRAIN,PULLED BACK FROM HPMS NETWORK ESTIMATION ROUTINE,,30,0,0,PRINCIPAL ARTERIAL - OTHER,3,NO,32.0,DCC1:NOT REPORTED,NOT REPORTED,MA,NO,NO,"NO, NOT FEDERALLY REPORTABLE",NOT REPORTED,NO APPARENT INJURY (O),COLLISION WITH MOTOR VEHICLE IN TRAFFIC,1,TRAVELLING STRAIGHT AHEAD,"LIGHT TRUCK(VAN, MINI-VAN, PICKUP, SPORT UTILITY)","MDA1:RIGHT REAR, MDA2:RIGHT SIDE",HYDE PARK,MA,MA,CON,SEQ1:COLLISION WITH MOTOR VEHICLE IN TRAFFIC,NO,CHEV,EXPVAN,,NORTHBOUND,,WASHINGTON STREET,2023,6,22,Thursday,False
2023,5018264,5348729,BOSTON,06/18/2023,2023-06-18 19:45:00+00:00,OPEN,PROPERTY DAMAGE ONLY (NONE INJURED),NO APPARENT INJURY (O),2,0,0,LOCAL POLICE,REAR-TO-REAR,V1: TURNING LEFT / V2: BACKING,V1: W  / V2: E,V1:(COLLISION WITH MOTOR VEHICLE IN TRAFFIC) V2:(COLLISION WITH MOTOR VEHICLE IN TRAFFIC),DAWN,CLEAR,DRY,COLLISION WITH MOTOR VEHICLE IN TRAFFIC,V1:(COLLISION WITH MOTOR VEHICLE IN TRAFFIC) / V2:(COLLISION WITH MOTOR VEHICLE IN TRAFFIC),,V1:(PASSENGER CAR) / V2:(PASSENGER CAR),757,CENTRE ST RTE E,,,DUNKIN DONUTS,DRIVEWAY,NO CONTROLS,"TWO-WAY, NOT DIVIDED",CITY OR TOWN ACCEPTED ROAD,ROADSIDE,,YES,AT ADDRESS,231740.26946597,895599.52218424,42.3102352,-71.11500842,2023,,6,MAPC,V1:(NO) / V2:(NO),V1:(NO) / V2:(NO),SUFFOLK,"V1:(NO, NOT FEDERALLY REPORTABLE) / V2:(NO, NOT FEDERALLY REPORTABLE)","NO, NOT FEDERALLY REPORTABLE",NO HIT AND RUN,,"NO, SCHOOL BUS NOT INVOLVED",,NOT REPORTED,NO,20621.0,2020,0.477,1012,0.068,124,BOTH SIDES,10,10,0,NO SHOULDER,43,BITUMINOUS CONCRETE ROAD,0,NO SHOULDER,2,0,0,,LARGE URBANIZED AREA,URBAN MINOR ARTERIAL OR RURAL MAJOR COLLECTOR,BOSTON (MA-NH-RI),MAINLINE ROADWAY,TWO-WAY TRAFFIC,NO ACCESS CONTROL,99.0,CENTRE STREET,MURRAY CIRCLE,CENTRE PERKINS STREET ROTARY,BOSTON,FAIR,LEVEL TERRAIN,GROWN FROM PRIOR YEAR HPMS NETWORK,,99,0,0,MINOR ARTERIAL,1,NOT REPORTED,24.0,DCC1:NOT REPORTED,NOT REPORTED,IL,NOT REPORTED,NO,"NO, NOT FEDERALLY REPORTABLE",NOT REPORTED,NO APPARENT INJURY (O),COLLISION WITH MOTOR VEHICLE IN TRAFFIC,1,TURNING LEFT,PASSENGER CAR,MDA1:LEFT REAR,,98,96,PAN,SEQ1:COLLISION WITH MOTOR VEHICLE IN TRAFFIC,NO,SUBARU,,,WESTBOUND,,CENTRE STREET,2023,6,18,Sunday,False
2023,5018264,5348729,BOSTON,06/18/2023,2023-06-18 19:45:00+00:00,OPEN,PROPERTY DAMAGE ONLY (NONE INJURED),NO APPARENT INJURY (O),2,0,0,LOCAL POLICE,REAR-TO-REAR,V1: TURNING LEFT / V2: BACKING,V1: W  / V2: E,V1:(COLLISION WITH MOTOR VEHICLE IN TRAFFIC) V2:(COLLISION WITH MOTOR VEHICLE IN TRAFFIC),DAWN,CLEAR,DRY,COLLISION WITH MOTOR VEHICLE IN TRAFFIC,V1:(COLLISION WITH MOTOR VEHICLE IN TRAFFIC) / V2:(COLLISION WITH MOTOR VEHICLE IN TRAFFIC),,V1:(PASSENGER CAR) / V2:(PASSENGER CAR),757,CENTRE ST RTE E,,,DUNKIN DONUTS,DRIVEWAY,NO CONTROLS,"TWO-WAY, NOT DIVIDED",CITY OR TOWN ACCEPTED ROAD,ROADSIDE,,YES,AT ADDRESS,231740.26946597,895599.52218424,42.3102352,-71.11500842,2023,,6,MAPC,V1:(NO) / V2:(NO),V1:(NO) / V2:(NO),SUFFOLK,"V1:(NO, NOT FEDERALLY REPORTABLE) / V2:(NO, NOT FEDERALLY REPORTABLE)","NO, NOT FEDERALLY REPORTABLE",NO HIT AND RUN,,"NO, SCHOOL BUS NOT INVOLVED",,NOT REPORTED,NO,20621.0,2020,0.477,1012,0.068,124,BOTH SIDES,10,10,0,NO SHOULDER,43,BITUMINOUS CONCRETE ROAD,0,NO SHOULDER,2,0,0,,LARGE URBANIZED AREA,URBAN MINOR ARTERIAL OR RURAL MAJOR COLLECTOR,BOSTON (MA-NH-RI),MAINLINE ROADWAY,TWO-WAY TRAFFIC,NO ACCESS CONTROL,99.0,CENTRE STREET,MURRAY CIRCLE,CENTRE PERKINS STREET ROTARY,BOSTON,FAIR,LEVEL TERRAIN,GROWN FROM PRIOR YEAR HPMS NETWORK,,99,0,0,MINOR ARTERIAL,2,NOT REPORTED,,DCC1:NOT REPORTED,NOT REPORTED,96,NOT REPORTED,NO,"NO, NOT FEDERALLY REPORTABLE",NOT REPORTED,NO APPARENT INJURY (O),COLLISION WITH MOTOR VEHICLE IN TRAFFIC,1,BACKING,PASSENGER CAR,MDA1:RIGHT REAR,,98,96,PAN,SEQ1:COLLISION WITH MOTOR VEHICLE IN TRAFFIC,NO,FORD,,,EASTBOUND,,CENTRE STREET,2023,6,18,Sunday,False
2023,5018265,5348728,BOSTON,06/02/2023,2023-06-02 22:12:00+00:00,OPEN,NON-FATAL INJURY,SUSPECTED SERIOUS INJURY (A),1,1,0,LOCAL POLICE,HEAD-ON,V1: TRAVELLING STRAIGHT AHEAD,V1:,V1:(COLLISION WITH PEDESTRIAN),DARK - LIGHTED ROADWAY,RAIN,WET,COLLISION WITH PEDESTRIAN,V1:(COLLISION WITH PEDESTRIAN),D1: (UNKNOWN),V1:(PASSENGER CAR),280,CENTRE STREET,,,CAMILO MARKET INC,T-INTERSECTION,,"TWO-WAY, NOT DIVIDED",CITY OR TOWN ACCEPTED ROAD,ROADWAY,VU3: PEDESTRIAN / VU4: OTHER,YES,AT ADDRESS,232841.35372484,897008.8635363,42.32287765,-71.10157323,2023,,6,MAPC,V1:(NO),V1:(NO),SUFFOLK,"V1:(NO, NOT FEDERALLY REPORTABLE)","NO, NOT FEDERALLY REPORTABLE",NO HIT AND RUN,"ROAD SURFACE CONDITION (WET, ICY, SNOW, SLUSH, ETC.)","NO, SCHOOL BUS NOT INVOLVED",,NOT REPORTED,NO,20621.0,2020,0.477,1012,0.068,124,BOTH SIDES,10,10,0,NO SHOULDER,43,BITUMINOUS CONCRETE ROAD,0,NO SHOULDER,2,0,0,,LARGE URBANIZED AREA,URBAN MINOR ARTERIAL OR RURAL MAJOR COLLECTOR,BOSTON (MA-NH-RI),MAINLINE ROADWAY,TWO-WAY TRAFFIC,NO ACCESS CONTROL,99.0,CENTRE STREET,CENTRE PERKINS STREET ROTARY,COLUMBUS AVENUE,BOSTON,FAIR,LEVEL TERRAIN,GROWN FROM PRIOR YEAR HPMS NETWORK,,99,0,0,MINOR ARTERIAL,1,,41.0,"DCC1:UNKNOWN, DCC2:NOT REPORTED",,MA,,NO,"NO, NOT FEDERALLY REPORTABLE",NOT REPORTED,NO APPARENT INJURY (O),COLLISION WITH PEDESTRIAN,2,TRAVELLING STRAIGHT AHEAD,PASSENGER CAR,,ROSLINDALE,MA,96,PAN,SEQ1:COLLISION WITH PEDESTRIAN,NO,TOYOTA,,,,,CENTRE STREET,2023,6,2,Friday,True
2023,5018414,5348579,BOSTON,06/16/2023,2023-06-16 13:19:00+00:00,OPEN,PROPERTY DAMAGE ONLY (NONE INJURED),NO APPARENT INJURY (O),1,0,0,LOCAL POLICE,NOT REPORTED,V1: PARKED,V1:,,NOT REPORTED,NOT REPORTED,NOT REPORTED,NOT REPORTED,V1:(UNKNOWN),,V1:(PASSENGER CAR),,NEW HEATH STREET / CENTRE STREET,,,,NOT REPORTED,NOT REPORTED,NOT REPORTED,CITY OR TOWN ACCEPTED ROAD,NOT REPORTED,VU2: OTHER,YES,OPERATOR DESIGNATED,233255.9063,897380.1249,42.32620244,-71.09652274,2023,,6,MAPC,V1:(NO),V1:(NO),SUFFOLK,"V1:(NO, NOT FEDERALLY REPORTABLE)","NO, NOT FEDERALLY REPORTABLE","YES, HIT AND RUN",NOT REPORTED,NOT REPORTED,,NOT REPORTED,NOT REPORTED,1154.0,,,,,,BOTH SIDES,8,8,0,NO SHOULDER,34,BITUMINOUS CONCRETE ROAD,0,NO SHOULDER,2,0,0,,LARGE URBANIZED AREA,LOCAL,BOSTON (MA-NH-RI),MAINLINE ROADWAY,TWO-WAY TRAFFIC,NO ACCESS CONTROL,,NEW HEATH STREET,CENTRE STREET,COLUMBUS AVENUE,BOSTON,FAIR,ROLLING TERRAIN,,,,0,0,LOCAL,1,NOT REPORTED,,DCC1:NOT REPORTED,NOT REPORTED,MA,NOT REPORTED,NO,"NO, NOT FEDERALLY REPORTABLE",NOT REPORTED,NOT REPORTED,,1,PARKED,PASSENGER CAR,MDA1:LEFT REAR,,98,96,PAN,,NO,,,,,,CENTRE STREET,2023,6,16,Friday,False
2023,5019172,5349710,BOSTON,07/27/2023,2023-07-27 11:18:00+00:00,OPEN,PROPERTY DAMAGE ONLY (NONE INJURED),NO APPARENT INJURY (O),2,0,0,LOCAL POLICE,"SIDESWIPE, SAME DIRECTION",V1: TRAVELLING STRAIGHT AHEAD / V2: TRAVELLING STRAIGHT AHEAD,V1: S  / V2: S,V1:(COLLISION WITH MOTOR VEHICLE IN TRAFFIC) V2:(COLLISION WITH MOTOR VEHICLE IN TRAFFIC),DAYLIGHT,CLEAR,DRY,COLLISION WITH MOTOR VEHICLE IN TRAFFIC,V1:(COLLISION WITH MOTOR VEHICLE IN TRAFFIC) / V2:(COLLISION WITH MOTOR VEHICLE IN TRAFFIC),D2: (NO IMPROPER DRIVING),"V1:(LIGHT TRUCK(VAN, MINI-VAN, PICKUP, SPORT UTILITY)) / V2:(PASSENGER CAR)",3175,WASHINGTON STREET,,,,NOT AT JUNCTION,NO CONTROLS,"TWO-WAY, NOT DIVIDED",CITY OR TOWN ACCEPTED ROAD,ROADWAY,,YES,AT ADDRESS,232903.10052612,895932.70680488,42.31318667,-71.10088523,2023,D2: NOT DISTRACTED,6,MAPC,V1:(NO) / V2:(NO),V1:(NO) / V2:(NO),SUFFOLK,"V1:(NO, NOT FEDERALLY REPORTABLE) / V2:(NO, NOT FEDERALLY REPORTABLE)","NO, NOT FEDERALLY REPORTABLE","YES, HIT AND RUN",,"NO, SCHOOL BUS NOT INVOLVED",25.0,NOT REPORTED,NO,11864.0,2020,0.33,462,0.105,130,BOTH SIDES,10,10,0,NO SHOULDER,28,BITUMINOUS CONCRETE ROAD,0,NO SHOULDER,2,0,0,,LARGE URBANIZED AREA,RURAL MINOR ARTERIAL OR URBAN PRINCIPAL ARTERIAL,BOSTON (MA-NH-RI),MAINLINE ROADWAY,TWO-WAY TRAFFIC,NO ACCESS CONTROL,30.0,WASHINGTON STREET,HYDE PARK AVENUE,DEVONSHIRE PLACE,BOSTON,FAIR,LEVEL TERRAIN,GROWN FROM PRIOR YEAR HPMS NETWORK,,30,0,0,PRINCIPAL ARTERIAL - OTHER,1,NOT REPORTED,,DCC1:NOT REPORTED,NOT REPORTED,MA,NOT REPORTED,NO,"NO, NOT FEDERALLY REPORTABLE",NOT REPORTED,NOT REPORTED,COLLISION WITH MOTOR VEHICLE IN TRAFFIC,1,TRAVELLING STRAIGHT AHEAD,"LIGHT TRUCK(VAN, MINI-VAN, PICKUP, SPORT UTILITY)",,QUINCY,MA,96,PAN,SEQ1:COLLISION WITH MOTOR VEHICLE IN TRAFFIC,NO,FORD,,,SOUTHBOUND,,WASHINGTON STREET,2023,7,27,Thursday,False
2023,5019172,5349710,BOSTON,07/27/2023,2023-07-27 11:18:00+00:00,OPEN,PROPERTY DAMAGE ONLY (NONE INJURED),NO APPARENT INJURY (O),2,0,0,LOCAL POLICE,"SIDESWIPE, SAME DIRECTION",V1: TRAVELLING STRAIGHT AHEAD / V2: TRAVELLING STRAIGHT AHEAD,V1: S  / V2: S,V1:(COLLISION WITH MOTOR VEHICLE IN TRAFFIC) V2:(COLLISION WITH MOTOR VEHICLE IN TRAFFIC),DAYLIGHT,CLEAR,DRY,COLLISION WITH MOTOR VEHICLE IN TRAFFIC,V1:(COLLISION WITH MOTOR VEHICLE IN TRAFFIC) / V2:(COLLISION WITH MOTOR VEHICLE IN TRAFFIC),D2: (NO IMPROPER DRIVING),"V1:(LIGHT TRUCK(VAN, MINI-VAN, PICKUP, SPORT UTILITY)) / V2:(PASSENGER CAR)",3175,WASHINGTON STREET,,,,NOT AT JUNCTION,NO CONTROLS,"TWO-WAY, NOT DIVIDED",CITY OR TOWN ACCEPTED ROAD,ROADWAY,,YES,AT ADDRESS,232903.10052612,895932.70680488,42.31318667,-71.10088523,2023,D2: NOT DISTRACTED,6,MAPC,V1:(NO) / V2:(NO),V1:(NO) / V2:(NO),SUFFOLK,"V1:(NO, NOT FEDERALLY REPORTABLE) / V2:(NO, NOT FEDERALLY REPORTABLE)","NO, NOT FEDERALLY REPORTABLE","YES, HIT AND RUN",,"NO, SCHOOL BUS NOT INVOLVED",25.0,NOT REPORTED,NO,11864.0,2020,0.33,462,0.105,130,BOTH SIDES,10,10,0,NO SHOULDER,28,BITUMINOUS CONCRETE ROAD,0,NO SHOULDER,2,0,0,,LARGE URBANIZED AREA,RURAL MINOR ARTERIAL OR URBAN PRINCIPAL ARTERIAL,BOSTON (MA-NH-RI),MAINLINE ROADWAY,TWO-WAY TRAFFIC,NO ACCESS CONTROL,30.0,WASHINGTON STREET,HYDE PARK AVENUE,DEVONSHIRE PLACE,BOSTON,FAIR,LEVEL TERRAIN,GROWN FROM PRIOR YEAR HPMS NETWORK,,30,0,0,PRINCIPAL ARTERIAL - OTHER,2,NO,70.0,"DCC1:NO IMPROPER DRIVING, DCC2:NOT REPORTED",NOT DISTRACTED,MA,NO,NO,"NO, NOT FEDERALLY REPORTABLE",NOT REPORTED,NO APPARENT INJURY (O),COLLISION WITH MOTOR VEHICLE IN TRAFFIC,1,TRAVELLING STRAIGHT AHEAD,PASSENGER CAR,MDA1:LEFT REAR,JAMAICA PLAIN,MA,96,PAN,SEQ1:COLLISION WITH MOTOR VEHICLE IN TRAFFIC,NO,TOYOTA,,,SOUTHBOUND,,WASHINGTON STREET,2023,7,27,Thursday,False
2023,5019212,5349670,BOSTON,07/18/2023,2023-07-18 22:15:00+00:00,OPEN,PROPERTY DAMAGE ONLY (NONE INJURED),NO APPARENT INJURY (O),2,0,0,LOCAL POLICE,"SIDESWIPE, SAME DIRECTION",V1: TURNING RIGHT / V2: TRAVELLING STRAIGHT AHEAD,V1: N  / V2: N,V1:(COLLISION WITH MOTOR VEHICLE IN TRAFFIC) V2:(COLLISION WITH MOTOR VEHICLE IN TRAFFIC),DARK - LIGHTED ROADWAY,CLEAR,DRY,COLLISION WITH MOTOR VEHICLE IN TRAFFIC,V1:(COLLISION WITH MOTOR VEHICLE IN TRAFFIC) / V2:(COLLISION WITH MOTOR VEHICLE IN TRAFFIC),,V1:(PASSENGER CAR) / V2:(PASSENGER CAR),,WASHINGTON STREET RTE N  / CLAXTON STREET RTE N,,,,T-INTERSECTION,NO CONTROLS,"TWO-WAY, NOT DIVIDED",CITY OR TOWN ACCEPTED ROAD,,,YES,AT INTERSECTION,231343.6252,893812.9374,42.29416694,-71.11991599,2023,,6,MAPC,V1:(NO) / V2:(NO),V1:(NO) / V2:(NO),SUFFOLK,"V1:(NO, NOT FEDERALLY REPORTABLE) / V2:(NO, NOT FEDERALLY REPORTABLE)","NO, NOT FEDERALLY REPORTABLE",NO HIT AND RUN,,"NO, SCHOOL BUS NOT INVOLVED",25.0,NOT REPORTED,NO,14717.0,2020,0.558,677,0.155,162,BOTH SIDES,8,8,0,NO SHOULDER,22,BITUMINOUS CONCRETE ROAD,0,NO SHOULDER,2,0,0,,LARGE URBANIZED AREA,RURAL MINOR ARTERIAL OR URBAN PRINCIPAL ARTERIAL,BOSTON (MA-NH-RI),MAINLINE ROADWAY,TWO-WAY TRAFFIC,NO ACCESS CONTROL,30.0,WASHINGTON STREET,DEDHAM TOWN LINE,SOUTH STREET,BOSTON,FAIR,LEVEL TERRAIN,PULLED BACK FROM HPMS NETWORK ESTIMATION ROUTINE,,30,0,0,PRINCIPAL ARTERIAL - OTHER,1,NOT REPORTED,52.0,DCC1:NOT REPORTED,NOT REPORTED,MA,NOT REPORTED,NO,"NO, NOT FEDERALLY REPORTABLE",NOT REPORTED,NO APPARENT INJURY (O),COLLISION WITH MOTOR VEHICLE IN TRAFFIC,1,TURNING RIGHT,PASSENGER CAR,MDA1:RIGHT FRONT,ROSLINDALE,MA,96,PAN,SEQ1:COLLISION WITH MOTOR VEHICLE IN TRAFFIC,NO,HONDA,,,NORTHBOUND,,WASHINGTON STREET,2023,7,18,Tuesday,False
2023,5019212,5349670,BOSTON,07/18/2023,2023-07-18 22:15:00+00:00,OPEN,PROPERTY DAMAGE ONLY (NONE INJURED),NO APPARENT INJURY (O),2,0,0,LOCAL POLICE,"SIDESWIPE, SAME DIRECTION",V1: TURNING RIGHT / V2: TRAVELLING STRAIGHT AHEAD,V1: N  / V2: N,V1:(COLLISION WITH MOTOR VEHICLE IN TRAFFIC) V2:(COLLISION WITH MOTOR VEHICLE IN TRAFFIC),DARK - LIGHTED ROADWAY,CLEAR,DRY,COLLISION WITH MOTOR VEHICLE IN TRAFFIC,V1:(COLLISION WITH MOTOR VEHICLE IN TRAFFIC) / V2:(COLLISION WITH MOTOR VEHICLE IN TRAFFIC),,V1:(PASSENGER CAR) / V2:(PASSENGER CAR),,WASHINGTON STREET RTE N  / CLAXTON STREET RTE N,,,,T-INTERSECTION,NO CONTROLS,"TWO-WAY, NOT DIVIDED",CITY OR TOWN ACCEPTED ROAD,,,YES,AT INTERSECTION,231343.6252,893812.9374,42.29416694,-71.11991599,2023,,6,MAPC,V1:(NO) / V2:(NO),V1:(NO) / V2:(NO),SUFFOLK,"V1:(NO, NOT FEDERALLY REPORTABLE) / V2:(NO, NOT FEDERALLY REPORTABLE)","NO, NOT FEDERALLY REPORTABLE",NO HIT AND RUN,,"NO, SCHOOL BUS NOT INVOLVED",25.0,NOT REPORTED,NO,14717.0,2020,0.558,677,0.155,162,BOTH SIDES,8,8,0,NO SHOULDER,22,BITUMINOUS CONCRETE ROAD,0,NO SHOULDER,2,0,0,,LARGE URBANIZED AREA,RURAL MINOR ARTERIAL OR URBAN PRINCIPAL ARTERIAL,BOSTON (MA-NH-RI),MAINLINE ROADWAY,TWO-WAY TRAFFIC,NO ACCESS CONTROL,30.0,WASHINGTON STREET,DEDHAM TOWN LINE,SOUTH STREET,BOSTON,FAIR,LEVEL TERRAIN,PULLED BACK FROM HPMS NETWORK ESTIMATION ROUTINE,,30,0,0,PRINCIPAL ARTERIAL - OTHER,2,NOT REPORTED,20.0,DCC1:NOT REPORTED,NOT REPORTED,FL,NOT REPORTED,NO,"NO, NOT FEDERALLY REPORTABLE",NOT REPORTED,NO APPARENT INJURY (O),COLLISION WITH MOTOR VEHICLE IN TRAFFIC,1,TRAVELLING STRAIGHT AHEAD,PASSENGER CAR,MDA1:LEFT FRONT,ORLANDO,FL,96,PAN,SEQ1:COLLISION WITH MOTOR VEHICLE IN TRAFFIC,NO,TOYOTA,,,NORTHBOUND,,WASHINGTON STREET,2023,7,18,Tuesday,False
2023,5020150,5350706,BOSTON,08/26/2023,2023-08-26 20:40:00+00:00,OPEN,PROPERTY DAMAGE ONLY (NONE INJURED),NO APPARENT INJURY (O),2,0,0,LOCAL POLICE,FRONT TO FRONT,V1: TURNING RIGHT / V2: TRAVELLING STRAIGHT AHEAD,V1: N  / V2: S,V1:(COLLISION WITH MOPED) V2:(COLLISION WITH MOTOR VEHICLE IN TRAFFIC),DARK - LIGHTED ROADWAY,CLEAR,DRY,COLLISION WITH MOTOR VEHICLE IN TRAFFIC,V1:(COLLISION WITH MOPED) / V2:(COLLISION WITH MOTOR VEHICLE IN TRAFFIC),D1: (NO IMPROPER DRIVING)  / D2: (UNKNOWN),V1:(PASSENGER CAR) / V2:(MOPED),297,CENTRE RTE E,,,,T-INTERSECTION,NO CONTROLS,"TWO-WAY, NOT DIVIDED",CITY OR TOWN ACCEPTED ROAD,,,YES,AT ADDRESS,232781.2458294,897012.86316477,42.32291619,-71.10230221,2023,D1: NOT DISTRACTED / D2: NOT DISTRACTED,6,MAPC,V1:(NO) / V2:(NO),V1:(NO) / V2:(NO),SUFFOLK,"V1:(NO, NOT FEDERALLY REPORTABLE) / V2:(NO, NOT FEDERALLY REPORTABLE)","NO, NOT FEDERALLY REPORTABLE",NO HIT AND RUN,,"NO, SCHOOL BUS NOT INVOLVED",,NOT REPORTED,NO,20621.0,2020,0.477,1012,0.068,124,BOTH SIDES,10,10,0,NO SHOULDER,43,BITUMINOUS CONCRETE ROAD,0,NO SHOULDER,2,0,0,,LARGE URBANIZED AREA,URBAN MINOR ARTERIAL OR RURAL MAJOR COLLECTOR,BOSTON (MA-NH-RI),MAINLINE ROADWAY,TWO-WAY TRAFFIC,NO ACCESS CONTROL,99.0,CENTRE STREET,CENTRE PERKINS STREET ROTARY,COLUMBUS AVENUE,BOSTON,FAIR,ROLLING TERRAIN,GROWN FROM PRIOR YEAR HPMS NETWORK,,99,0,0,MINOR ARTERIAL,1,NO,34.0,"DCC1:NO IMPROPER DRIVING, DCC2:NOT REPORTED",NOT DISTRACTED,MA,NO,NO,"NO, NOT FEDERALLY REPORTABLE",NOT REPORTED,NO APPARENT INJURY (O),COLLISION WITH MOPED,1,TURNING RIGHT,PASSENGER CAR,MDA1:RIGHT FRONT,WEYMOUTH,MA,96,PAN,SEQ1:COLLISION WITH MOPED,NO,TOYOTA,,V2: (9023D2),NORTHBOUND,,CENTRE STREET,2023,8,26,Saturday,False