SOURCE_YEAR,OBJECTID,CRASH_NUMB,CITY_TOWN_NAME,CRASH_DATE_TEXT,CRASH_DATETIME,CRASH_STATUS,CRASH_SEVERITY_DESCR,MAX_INJR_SVRTY_CL,NUMB_VEHC,NUMB_NONFATAL_INJR,NUMB_FATAL_INJR,POLC_AGNCY_TYPE_DESCR,MANR_COLL_DESCR,VEHC_MNVR_ACTN_CL,VEHC_TRVL_DIRC_CL,VEHC_SEQ_EVENTS_CL,AMBNT_LIGHT_DESCR,WEATH_COND_DESCR,ROAD_SURF_COND_DESCR,FIRST_HRMF_EVENT_DESCR,MOST_HRMFL_EVT_CL,DRVR_CNTRB_CIRC_CL,VEHC_CONFIG_CL,STREET_NUMB,RDWY,DIST_DIRC_FROM_INT,NEAR_INT_RDWY,LANDMARK,RDWY_JNCT_TYPE_DESCR,TRAF_CNTRL_DEVC_TYPE_DESCR,TRAFY_DESCR_DESCR,JURISDICTN,FIRST_HRMF_EVENT_LOC_DESCR,NON_MTRST_TYPE_CL,IS_GEOCODED,GEOCODING_METHOD_NAME,X,Y,LAT,LON,YEAR,DRVR_DISTRACTED_CL,DISTRICT_NUM,RPA_ABBR,VEHC_EMER_USE_CL,VEHC_TOWED_FROM_SCENE_CL,CNTY_NAME,FMCSA_RPTBL_CL,FMCSA_RPTBL,HIT_RUN_DESCR,ROAD_CNTRB_DESCR,SCHL_BUS_RELD_DESCR,SPEED_LIMIT,TRAF_CNTRL_DEVC_FUNC_DESCR,WORK_ZONE_RELD_DESCR,AADT,AADT_YEAR,PK_PCT_SUT,AV_PCT_SUT,PK_PCT_CT,AV_PCT_CT,CURB,LT_SIDEWLK,RT_SIDEWLK,SHLDR_LT_W,SHLDR_LT_T,SURFACE_WD,SURFACE_TP,SHLDR_RT_W,SHLDR_RT_T,NUM_LANES,OPP_LANES,MED_WIDTH,MED_TYPE,URBAN_TYPE,F_CLASS,URBAN_AREA,FACILITY,OPERATION,CONTROL,SPEED_LIM,STREETNAME,FROMSTREETNAME,TOSTREETNAME,CITY,STRUCT_CND,TERRAIN,AADT_DERIV,STATN_NUM,OP_DIR_SL,SHLDR_UL_T,SHLDR_UL_W,F_F_CLASS,VEHC_UNIT_NUMB,ALC_SUSPD_TYPE_DESCR,DRIVER_AGE,DRVR_CNTRB_CIRC_DESCR,DRIVER_DISTRACTED_TYPE_DESCR,DRVR_LCN_STATE,DRUG_SUSPD_TYPE_DESCR,EMERGENCY_USE_DESC,FMCSA_RPTBL_VL,HAZ_MAT_PLACARD_DESCR,MAX_INJR_SVRTY_VL,MOST_HRMF_EVENT,TOTAL_OCCPT_IN_VEHC,VEHC_MANR_ACT_DESCR,VEHC_CONFG_DESCR,VEHC_MOST_DMGD_AREA,OWNER_ADDR_CITY_TOWN,OWNER_ADDR_STATE,VEHC_REG_STATE,VEHC_REG_TYPE_CODE,VEHC_SEQ_EVENTS,VEHC_TOWED_FROM_SCENE,VEHICLE_MAKE_DESCR,VEHICLE_MODEL_DESCR,DRIVER_VIOLATION_CL,TRVL_DIRC_DESCR,OBJECTID_1,TARGET_STREET,CRASH_YEAR,CRASH_MONTH,CRASH_DAY,CRASH_WEEKDAY,HAS_INJURY
2023,5030612,5360627,BOSTON,03/24/2023,2023-03-24 12:51:00+00:00,OPEN,NON-FATAL INJURY,POSSIBLE INJURY (C),3,2,0,LOCAL POLICE,"SIDESWIPE, SAME DIRECTION",V1: SLOWING OR STOPPED IN TRAFFIC / V2: TRAVELLING STRAIGHT AHEAD / V3: SLOWING OR STOPPED IN TRAFFIC,V1:    / V2:    / V3:,V1:(OTHER) V2:(COLLISION WITH MOTOR VEHICLE IN TRAFFIC) V3:(OTHER),DAYLIGHT,CLEAR,DRY,COLLISION WITH MOTOR VEHICLE IN TRAFFIC,V2:(COLLISION WITH MOTOR VEHICLE IN TRAFFIC),D1: (NO IMPROPER DRIVING)  / D2: (PHYSICAL IMPAIRMENT)  / D3: (NO IMPROPER DRIVING),"V1:(TRUCK/TRAILER) / V2:(LIGHT TRUCK(VAN, MINI-VAN, PICKUP, SPORT UTILITY)) / V3:(LIGHT TRUCK(VAN, MINI-VAN, PICKUP, SPORT UTILITY))",,WASHINGTON STREET / ARBORWAY,,,,FOUR-WAY INTERSECTION,NOT REPORTED,"TWO-WAY, DIVIDED, UNPROTECTED MEDIAN",MASSACHUSETTS DEPARTMENT OF TRANSPORTATION,ROADWAY,,YES,AT INTERSECTION,231950.6145,894613.2253,42.30134719,-71.11251144,2023,D1: NOT DISTRACTED,6,MAPC,V1:(NO) / V2:(NO),"V1:(NO) / V2:(YES, VEHICLE OR TRAILER DISABLED) / V3:(NO)",SUFFOLK,"V1:(YES, FEDERALLY REPORTABLE) / V2:(NO, NOT FEDERALLY REPORTABLE) / V3:(NO, NOT FEDERALLY REPORTABLE)","YES, FEDERALLY REPORTABLE",NO HIT AND RUN,,NOT REPORTED,,NOT REPORTED,NO,19453.0,2020,,,,,BOTH SIDES,0,6,0,NO SHOULDER,22,BITUMINOUS CONCRETE ROAD,0,NO SHOULDER,2,2,0,RAISED MEDIAN,LARGE URBANIZED AREA,RURAL OR URBAN PRINCIPAL ARTERIAL,BOSTON (MA-NH-RI),MAINLINE ROADWAY,TWO-WAY TRAFFIC,NO ACCESS CONTROL,30.0,ARBORWAY,MURRAY CIRCLE,MORTON STREET,BOSTON,GOOD,LEVEL TERRAIN,PULLED BACK FROM HPMS NETWORK ESTIMATION ROUTINE,,0,0,0,PRINCIPAL ARTERIAL - OTHER,3,NO,71.0,"DCC1:NO IMPROPER DRIVING, DCC2:NOT REPORTED",NOT REPORTED,MA,NO,NOT REPORTED,"NO, NOT FEDERALLY REPORTABLE",NOT REPORTED,POSSIBLE INJURY (C),NOT REPORTED,1,SLOWING OR STOPPED IN TRAFFIC,"LIGHT TRUCK(VAN, MINI-VAN, PICKUP, SPORT UTILITY)",MDA1:LEFT FRONT,JAMAICA PLAIN,MA,96,PAN,SEQ1:OTHER,NO,TOYOTA,,,,,WASHINGTON STREET,2023,3,24,Friday,True
2023,5034407,5364357,BOSTON,03/17/2023,2023-03-17 14:30:00+00:00,OPEN,NON-FATAL INJURY,POSSIBLE INJURY (C),2,2,0,LOCAL POLICE,"SIDESWIPE, OPPOSITE DIRECTION",V1: TRAVELLING STRAIGHT AHEAD / V2: TRAVELLING STRAIGHT AHEAD,V1: E  / V2: N,V1:(COLLISION WITH MOTOR VEHICLE IN TRAFFIC) V2:(COLLISION WITH MOTOR VEHICLE IN TRAFFIC),DAYLIGHT,CLEAR,DRY,COLLISION WITH MOTOR VEHICLE IN TRAFFIC,V1:(COLLISION WITH MOTOR VEHICLE IN TRAFFIC) / V2:(COLLISION WITH MOTOR VEHICLE IN TRAFFIC),D2: (UNKNOWN),V1:(PASSENGER CAR) / V2:(PASSENGER CAR),,CENTRE STREET / COLUMBUS AVENUE,,,,FOUR-WAY INTERSECTION,TRAFFIC CONTROL SIGNAL,"TWO-WAY, DIVIDED, UNPROTECTED MEDIAN",CITY OR TOWN ACCEPTED ROAD,ROADWAY,,YES,OPERATOR DESIGNATED,233091.9375,896979.6252,42.32260381,-71.09853493,2023,,6,MAPC,V1:(NO) / V2:(NO),"V1:(YES, VEHICLE OR TRAILER DISABLED) / V2:(YES, VEHICLE OR TRAILER DISABLED)",SUFFOLK,"V1:(NO, NOT FEDERALLY REPORTABLE) / V2:(NO, NOT FEDERALLY REPORTABLE)","NO, NOT FEDERALLY REPORTABLE",NO HIT AND RUN,,"NO, SCHOOL BUS NOT INVOLVED",,NOT REPORTED,NO,20621.0,2020,0.477,1012,0.068,124,BOTH SIDES,10,10,0,NO SHOULDER,43,BITUMINOUS CONCRETE ROAD,0,NO SHOULDER,2,0,0,,LARGE URBANIZED AREA,URBAN MINOR ARTERIAL OR RURAL MAJOR COLLECTOR,BOSTON (MA-NH-RI),MAINLINE ROADWAY,TWO-WAY TRAFFIC,NO ACCESS CONTROL,99.0,CENTRE STREET,CENTRE PERKINS STREET ROTARY,COLUMBUS AVENUE,BOSTON,FAIR,LEVEL TERRAIN,GROWN FROM PRIOR YEAR HPMS NETWORK,,99,0,0,MINOR ARTERIAL,1,NOT REPORTED,32.0,DCC1:NOT REPORTED,NOT REPORTED,MA,NOT REPORTED,NO,"NO, NOT FEDERALLY REPORTABLE",NOT REPORTED,POSSIBLE INJURY (C),COLLISION WITH MOTOR VEHICLE IN TRAFFIC,3,TRAVELLING STRAIGHT AHEAD,PASSENGER CAR,"MDA1:RIGHT REAR, MDA2:RIGHT FRONT, MDA3:RIGHT SIDE",ROSLINDALE,MA,96,PAN,SEQ1:COLLISION WITH MOTOR VEHICLE IN TRAFFIC,"YES, VEHICLE OR TRAILER DISABLED",CHEVROLET,,,EASTBOUND,,CENTRE STREET,2023,3,17,Friday,True
2023,5034407,5364357,BOSTON,03/17/2023,2023-03-17 14:30:00+00:00,OPEN,NON-FATAL INJURY,POSSIBLE INJURY (C),2,2,0,LOCAL POLICE,"SIDESWIPE, OPPOSITE DIRECTION",V1: TRAVELLING STRAIGHT AHEAD / V2: TRAVELLING STRAIGHT AHEAD,V1: E  / V2: N,V1:(COLLISION WITH MOTOR VEHICLE IN TRAFFIC) V2:(COLLISION WITH MOTOR VEHICLE IN TRAFFIC),DAYLIGHT,CLEAR,DRY,COLLISION WITH MOTOR VEHICLE IN TRAFFIC,V1:(COLLISION WITH MOTOR VEHICLE IN TRAFFIC) / V2:(COLLISION WITH MOTOR VEHICLE IN TRAFFIC),D2: (UNKNOWN),V1:(PASSENGER CAR) / V2:(PASSENGER CAR),,CENTRE STREET / COLUMBUS AVENUE,,,,FOUR-WAY INTERSECTION,TRAFFIC CONTROL SIGNAL,"TWO-WAY, DIVIDED, UNPROTECTED MEDIAN",CITY OR TOWN ACCEPTED ROAD,ROADWAY,,YES,OPERATOR DESIGNATED,233091.9375,896979.6252,42.32260381,-71.09853493,2023,,6,MAPC,V1:(NO) / V2:(NO),"V1:(YES, VEHICLE OR TRAILER DISABLED) / V2:(YES, VEHICLE OR TRAILER DISABLED)",SUFFOLK,"V1:(NO, NOT FEDERALLY REPORTABLE) / V2:(NO, NOT FEDERALLY REPORTABLE)","NO, NOT FEDERALLY REPORTABLE",NO HIT AND RUN,,"NO, SCHOOL BUS NOT INVOLVED",,NOT REPORTED,NO,20621.0,2020,0.477,1012,0.068,124,BOTH SIDES,10,10,0,NO SHOULDER,43,BITUMINOUS CONCRETE ROAD,0,NO SHOULDER,2,0,0,,LARGE URBANIZED AREA,URBAN MINOR ARTERIAL OR RURAL MAJOR COLLECTOR,BOSTON (MA-NH-RI),MAINLINE ROADWAY,TWO-WAY TRAFFIC,NO ACCESS CONTROL,99.0,CENTRE STREET,CENTRE PERKINS STREET ROTARY,COLUMBUS AVENUE,BOSTON,FAIR,LEVEL TERRAIN,GROWN FROM PRIOR YEAR HPMS NETWORK,,99,0,0,MINOR ARTERIAL,2,NO,25.0,"DCC1:UNKNOWN, DCC2:NOT REPORTED",,MA,NO,NO,"NO, NOT FEDERALLY REPORTABLE",NOT REPORTED,NO APPARENT INJURY (O),COLLISION WITH MOTOR VEHICLE IN TRAFFIC,1,TRAVELLING STRAIGHT AHEAD,PASSENGER CAR,"MDA1:RIGHT FRONT, MDA2:CENTER FRONT, MDA3:LEFT FRONT",,98,96,PAN,SEQ1:COLLISION WITH MOTOR VEHICLE IN TRAFFIC,"YES, VEHICLE OR TRAILER DISABLED",TOYOTA,,,NORTHBOUND,,CENTRE STREET,2023,3,17,Friday,True
2023,5034739,5364708,BOSTON,02/08/2023,2023-02-08 12:10:00+00:00,OPEN,PROPERTY DAMAGE ONLY (NONE INJURED),NO APPARENT INJURY (O),2,0,0,LOCAL POLICE,FRONT TO REAR,V1: TURNING LEFT / V2: TRAVELLING STRAIGHT AHEAD,V1: S  / V2: N,V1:(COLLISION WITH MOTOR VEHICLE IN TRAFFIC) V2:(COLLISION WITH MOTOR VEHICLE IN TRAFFIC),DAYLIGHT,CLEAR,DRY,COLLISION WITH MOTOR VEHICLE IN TRAFFIC,V1:(COLLISION WITH MOTOR VEHICLE IN TRAFFIC) / V2:(COLLISION WITH MOTOR VEHICLE IN TRAFFIC),D1: (UNKNOWN)  / D2: (UNKNOWN),V1:(PASSENGER CAR) / V2:(PASSENGER CAR),,WASHINGTON STREET / WALNUT PARK / WEST WALNUT PARK,,,,T-INTERSECTION,NO CONTROLS,"TWO-WAY, DIVIDED, UNPROTECTED MEDIAN",CITY OR TOWN ACCEPTED ROAD,ROADWAY,,YES,AT INTERSECTION,233163.9531,896292.9375,42.31641871,-71.09770052,2023,,6,MAPC,V1:(NO) / V2:(NO),"V1:(NO) / V2:(YES, VEHICLE OR TRAILER DISABLED)",SUFFOLK,"V1:(NO, NOT FEDERALLY REPORTABLE) / V2:(NO, NOT FEDERALLY REPORTABLE)","NO, NOT FEDERALLY REPORTABLE",NO HIT AND RUN,,"NO, SCHOOL BUS NOT INVOLVED",25.0,NOT REPORTED,NO,11864.0,2020,0.33,462,0.105,130,BOTH SIDES,10,10,0,NO SHOULDER,28,BITUMINOUS CONCRETE ROAD,0,NO SHOULDER,2,0,0,,LARGE URBANIZED AREA,RURAL MINOR ARTERIAL OR URBAN PRINCIPAL ARTERIAL,BOSTON (MA-NH-RI),MAINLINE ROADWAY,TWO-WAY TRAFFIC,NO ACCESS CONTROL,30.0,WASHINGTON STREET,HYDE PARK AVENUE,DEVONSHIRE PLACE,BOSTON,FAIR,LEVEL TERRAIN,GROWN FROM PRIOR YEAR HPMS NETWORK,,30,0,0,PRINCIPAL ARTERIAL - OTHER,1,NO,38.0,"DCC1:UNKNOWN, DCC2:NOT REPORTED",,MA,NO,NO,"NO, NOT FEDERALLY REPORTABLE",NOT REPORTED,NO APPARENT INJURY (O),COLLISION WITH MOTOR VEHICLE IN TRAFFIC,1,TURNING LEFT,PASSENGER CAR,MDA1:RIGHT REAR,,98,96,PAN,SEQ1:COLLISION WITH MOTOR VEHICLE IN TRAFFIC,NO,HONDA,,,SOUTHBOUND,,WASHINGTON STREET,2023,2,8,Wednesday,False
2023,5034739,5364708,BOSTON,02/08/2023,2023-02-08 12:10:00+00:00,OPEN,PROPERTY DAMAGE ONLY (NONE INJURED),NO APPARENT INJURY (O),2,0,0,LOCAL POLICE,FRONT TO REAR,V1: TURNING LEFT / V2: TRAVELLING STRAIGHT AHEAD,V1: S  / V2: N,V1:(COLLISION WITH MOTOR VEHICLE IN TRAFFIC) V2:(COLLISION WITH MOTOR VEHICLE IN TRAFFIC),DAYLIGHT,CLEAR,DRY,COLLISION WITH MOTOR VEHICLE IN TRAFFIC,V1:(COLLISION WITH MOTOR VEHICLE IN TRAFFIC) / V2:(COLLISION WITH MOTOR VEHICLE IN TRAFFIC),D1: (UNKNOWN)  / D2: (UNKNOWN),V1:(PASSENGER CAR) / V2:(PASSENGER CAR),,WASHINGTON STREET / WALNUT PARK / WEST WALNUT PARK,,,,T-INTERSECTION,NO CONTROLS,"TWO-WAY, DIVIDED, UNPROTECTED MEDIAN",CITY OR TOWN ACCEPTED ROAD,ROADWAY,,YES,AT INTERSECTION,233163.9531,896292.9375,42.31641871,-71.09770052,2023,,6,MAPC,V1:(NO) / V2:(NO),"V1:(NO) / V2:(YES, VEHICLE OR TRAILER DISABLED)",SUFFOLK,"V1:(NO, NOT FEDERALLY REPORTABLE) / V2:(NO, NOT FEDERALLY REPORTABLE)","NO, NOT FEDERALLY REPORTABLE",NO HIT AND RUN,,"NO, SCHOOL BUS NOT INVOLVED",25.0,NOT REPORTED,NO,11864.0,2020,0.33,462,0.105,130,BOTH SIDES,10,10,0,NO SHOULDER,28,BITUMINOUS CONCRETE ROAD,0,NO SHOULDER,2,0,0,,LARGE URBANIZED AREA,RURAL MINOR ARTERIAL OR URBAN PRINCIPAL ARTERIAL,BOSTON (MA-NH-RI),MAINLINE ROADWAY,TWO-WAY TRAFFIC,NO ACCESS CONTROL,30.0,WASHINGTON STREET,HYDE PARK AVENUE,DEVONSHIRE PLACE,BOSTON,FAIR,LEVEL TERRAIN,GROWN FROM PRIOR YEAR HPMS NETWORK,,30,0,0,PRINCIPAL ARTERIAL - OTHER,2,NO,51.0,"DCC1:UNKNOWN, DCC2:NOT REPORTED",,MA,NO,NO,"NO, NOT FEDERALLY REPORTABLE",NOT REPORTED,NO APPARENT INJURY (O),COLLISION WITH MOTOR VEHICLE IN TRAFFIC,1,TRAVELLING STRAIGHT AHEAD,PASSENGER CAR,MDA1:CENTER FRONT,NORWOOD,MA,96,PAN,SEQ1:COLLISION WITH MOTOR VEHICLE IN TRAFFIC,"YES, VEHICLE OR TRAILER DISABLED",FORD,,,NORTHBOUND,,WASHINGTON STREET,2023,2,8,Wednesday,False
2023,5035463,5365278,BOSTON,01/27/2023,2023-01-27 08:59:00+00:00,OPEN,PROPERTY DAMAGE ONLY (NONE INJURED),NO APPARENT INJURY (O),2,0,0,LOCAL POLICE,"SIDESWIPE, SAME DIRECTION",V1: SLOWING OR STOPPED IN TRAFFIC / V2: TRAVELLING STRAIGHT AHEAD,V1: W  / V2: W,V1:(COLLISION WITH MOTOR VEHICLE IN TRAFFIC) V2:(COLLISION WITH MOTOR VEHICLE IN TRAFFIC),DAYLIGHT,CLEAR,DRY,COLLISION WITH MOTOR VEHICLE IN TRAFFIC,V1:(COLLISION WITH MOTOR VEHICLE IN TRAFFIC) / V2:(COLLISION WITH MOTOR VEHICLE IN TRAFFIC),D1: (FAILED TO YIELD RIGHT OF WAY)  / D2: (NO IMPROPER DRIVING),V1:(PASSENGER CAR) / V2:(OTHER),,WASHINGTON ST RTE W  / MCBRIDE ST RTE    / RTE N,,,,FOUR-WAY INTERSECTION,TRAFFIC CONTROL SIGNAL,"TWO-WAY, NOT DIVIDED",CITY OR TOWN ACCEPTED ROAD,ROADWAY,,YES,AT INTERSECTION,232284.3591,895077.2498,42.30551099,-71.10843809,2023,D1: PASSENGER / D2: NOT DISTRACTED,6,MAPC,V1:(NO) / V2:(YES),V1:(NO) / V2:(NO),SUFFOLK,"V1:(NO, NOT FEDERALLY REPORTABLE) / V2:(NO, NOT FEDERALLY REPORTABLE)","NO, NOT FEDERALLY REPORTABLE",NO HIT AND RUN,,"NO, SCHOOL BUS NOT INVOLVED",25.0,NOT REPORTED,NO,11864.0,2020,0.33,462,0.105,130,BOTH SIDES,10,10,0,NO SHOULDER,28,BITUMINOUS CONCRETE ROAD,0,NO SHOULDER,2,0,0,,LARGE URBANIZED AREA,RURAL MINOR ARTERIAL OR URBAN PRINCIPAL ARTERIAL,BOSTON (MA-NH-RI),MAINLINE ROADWAY,TWO-WAY TRAFFIC,NO ACCESS CONTROL,25.0,WASHINGTON STREET,HYDE PARK AVENUE,DEVONSHIRE PLACE,BOSTON,FAIR,LEVEL TERRAIN,GROWN FROM PRIOR YEAR HPMS NETWORK,,30,0,0,PRINCIPAL ARTERIAL - OTHER,1,NO,35.0,"DCC1:FAILED TO YIELD RIGHT OF WAY, DCC2:NOT REPORTED",PASSENGER,MA,NO,NO,"NO, NOT FEDERALLY REPORTABLE",NOT REPORTED,NO APPARENT INJURY (O),COLLISION WITH MOTOR VEHICLE IN TRAFFIC,1,SLOWING OR STOPPED IN TRAFFIC,PASSENGER CAR,MDA1:LEFT SIDE,BLOOMINGTON,MN,MA,PAN,SEQ1:COLLISION WITH MOTOR VEHICLE IN TRAFFIC,NO,JEEP,WRANGLER U,V1: (897A0),WESTBOUND,,WASHINGTON STREET,2023,1,27,Friday,False
2023,5035463,5365278,BOSTON,01/27/2023,2023-01-27 08:59:00+00:00,OPEN,PROPERTY DAMAGE ONLY (NONE INJURED),NO APPARENT INJURY (O),2,0,0,LOCAL POLICE,"SIDESWIPE, SAME DIRECTION",V1: SLOWING OR STOPPED IN TRAFFIC / V2: TRAVELLING STRAIGHT AHEAD,V1: W  / V2: W,V1:(COLLISION WITH MOTOR VEHICLE IN TRAFFIC) V2:(COLLISION WITH MOTOR VEHICLE IN TRAFFIC),DAYLIGHT,CLEAR,DRY,COLLISION WITH MOTOR VEHICLE IN TRAFFIC,V1:(COLLISION WITH MOTOR VEHICLE IN TRAFFIC) / V2:(COLLISION WITH MOTOR VEHICLE IN TRAFFIC),D1: (FAILED TO YIELD RIGHT OF WAY)  / D2: (NO IMPROPER DRIVING),V1:(PASSENGER CAR) / V2:(OTHER),,WASHINGTON ST RTE W  / MCBRIDE ST RTE    / RTE N,,,,FOUR-WAY INTERSECTION,TRAFFIC CONTROL SIGNAL,"TWO-WAY, NOT DIVIDED",CITY OR TOWN ACCEPTED ROAD,ROADWAY,,YES,AT INTERSECTION,232284.3591,895077.2498,42.30551099,-71.10843809,2023,D1: PASSENGER / D2: NOT DISTRACTED,6,MAPC,V1:(NO) / V2:(YES),V1:(NO) / V2:(NO),SUFFOLK,"V1:(NO, NOT FEDERALLY REPORTABLE) / V2:(NO, NOT FEDERALLY REPORTABLE)","NO, NOT FEDERALLY REPORTABLE",NO HIT AND RUN,,"NO, SCHOOL BUS NOT INVOLVED",25.0,NOT REPORTED,NO,11864.0,2020,0.33,462,0.105,130,BOTH SIDES,10,10,0,NO SHOULDER,28,BITUMINOUS CONCRETE ROAD,0,NO SHOULDER,2,0,0,,LARGE URBANIZED AREA,RURAL MINOR ARTERIAL OR URBAN PRINCIPAL ARTERIAL,BOSTON (MA-NH-RI),MAINLINE ROADWAY,TWO-WAY TRAFFIC,NO ACCESS CONTROL,25.0,WASHINGTON STREET,HYDE PARK AVENUE,DEVONSHIRE PLACE,BOSTON,FAIR,LEVEL TERRAIN,GROWN FROM PRIOR YEAR HPMS NETWORK,,30,0,0,PRINCIPAL ARTERIAL - OTHER,2,NO,23.0,"DCC1:NO IMPROPER DRIVING, DCC2:NOT REPORTED",NOT DISTRACTED,MA,NO,YES,"NO, NOT FEDERALLY REPORTABLE",NOT REPORTED,NO APPARENT INJURY (O),COLLISION WITH MOTOR VEHICLE IN TRAFFIC,1,TRAVELLING STRAIGHT AHEAD,OTHER,MDA1:RIGHT REAR,,98,96,AMN,SEQ1:COLLISION WITH MOTOR VEHICLE IN TRAFFIC,NO,FORD,,V1: (897A0),WESTBOUND,,WASHINGTON STREET,2023,1,27,Friday,False
2023,5099447,5429811,BOSTON,11/11/2023,2023-11-11 19:10:00+00:00,OPEN,NON-FATAL INJURY,SUSPECTED MINOR INJURY (B),2,3,0,LOCAL POLICE,"SIDESWIPE, OPPOSITE DIRECTION",V1: TRAVELLING STRAIGHT AHEAD / V2: TRAVELLING STRAIGHT AHEAD,V1: S  / V2: N,V1:(COLLISION WITH MOTOR VEHICLE IN TRAFFIC) V2:(COLLISION WITH MOTOR VEHICLE IN TRAFFIC),DARK - LIGHTED ROADWAY,CLEAR,DRY,COLLISION WITH MOTOR VEHICLE IN TRAFFIC,V1:(COLLISION WITH MOTOR VEHICLE IN TRAFFIC) / V2:(COLLISION WITH MOTOR VEHICLE IN TRAFFIC),D1: (WRONG SIDE OR WRONG WAY)  / D2: (NO IMPROPER DRIVING),V1:(PASSENGER CAR) / V2:(TRACTOR/DOUBLES),,WASHINGTON ST RTE 0 S  / BEXLEY RD RTE 0 E,,,,T-INTERSECTION,NO CONTROLS,"TWO-WAY, NOT DIVIDED",CITY OR TOWN ACCEPTED ROAD,ROADWAY,,YES,AT INTERSECTION,230819.1093,893142.1878,42.28814916,-71.12631201,2023,D2: NOT DISTRACTED,6,MAPC,V1:(NO) / V2:(NO),"V1:(YES, VEHICLE OR TRAILER DISABLED) / V2:(YES, VEHICLE OR TRAILER DISABLED)",SUFFOLK,"V1:(NO, NOT FEDERALLY REPORTABLE) / V2:(NO, NOT FEDERALLY REPORTABLE)","NO, NOT FEDERALLY REPORTABLE",NO HIT AND RUN,,"NO, SCHOOL BUS NOT INVOLVED",25.0,"NO, DEVICE NOT FUNCTIONING",NO,14717.0,2020,0.558,677,0.155,162,BOTH SIDES,8,8,0,NO SHOULDER,22,BITUMINOUS CONCRETE ROAD,0,NO SHOULDER,2,0,0,,LARGE URBANIZED AREA,RURAL MINOR ARTERIAL OR URBAN PRINCIPAL ARTERIAL,BOSTON (MA-NH-RI),MAINLINE ROADWAY,TWO-WAY TRAFFIC,NO ACCESS CONTROL,30.0,WASHINGTON STREET,DEDHAM TOWN LINE,SOUTH STREET,BOSTON,FAIR,LEVEL TERRAIN,PULLED BACK FROM HPMS NETWORK ESTIMATION ROUTINE,,30,0,0,PRINCIPAL ARTERIAL - OTHER,1,,35.0,"DCC1:WRONG SIDE OR WRONG WAY, DCC2:NOT REPORTED",,MA,NO,NO,"NO, NOT FEDERALLY REPORTABLE",NOT REPORTED,SUSPECTED MINOR INJURY (B),COLLISION WITH MOTOR VEHICLE IN TRAFFIC,1,TRAVELLING STRAIGHT AHEAD,PASSENGER CAR,MDA1:TOTAL (ALL AREAS),ROSLINDALE,MA,96,PAN,SEQ1:COLLISION WITH MOTOR VEHICLE IN TRAFFIC,"YES, VEHICLE OR TRAILER DISABLED",FORD,,V1: (9024J6),SOUTHBOUND,,WASHINGTON STREET,2023,11,11,Saturday,True
2023,5099447,5429811,BOSTON,11/11/2023,2023-11-11 19:10:00+00:00,OPEN,NON-FATAL INJURY,SUSPECTED MINOR INJURY (B),2,3,0,LOCAL POLICE,"SIDESWIPE, OPPOSITE DIRECTION",V1: TRAVELLING STRAIGHT AHEAD / V2: TRAVELLING STRAIGHT AHEAD,V1: S  / V2: N,V1:(COLLISION WITH MOTOR VEHICLE IN TRAFFIC) V2:(COLLISION WITH MOTOR VEHICLE IN TRAFFIC),DARK - LIGHTED ROADWAY,CLEAR,DRY,COLLISION WITH MOTOR VEHICLE IN TRAFFIC,V1:(COLLISION WITH MOTOR VEHICLE IN TRAFFIC) / V2:(COLLISION WITH MOTOR VEHICLE IN TRAFFIC),D1: (WRONG SIDE OR WRONG WAY)  / D2: (NO IMPROPER DRIVING),V1:(PASSENGER CAR) / V2:(TRACTOR/DOUBLES),,WASHINGTON ST RTE 0 S  / BEXLEY RD RTE 0 E,,,,T-INTERSECTION,NO CONTROLS,"TWO-WAY, NOT DIVIDED",CITY OR TOWN ACCEPTED ROAD,ROADWAY,,YES,AT INTERSECTION,230819.1093,893142.1878,42.28814916,-71.12631201,2023,D2: NOT DISTRACTED,6,MAPC,V1:(NO) / V2:(NO),"V1:(YES, VEHICLE OR TRAILER DISABLED) / V2:(YES, VEHICLE OR TRAILER DISABLED)",SUFFOLK,"V1:(NO, NOT FEDERALLY REPORTABLE) / V2:(NO, NOT FEDERALLY REPORTABLE)","NO, NOT FEDERALLY REPORTABLE",NO HIT AND RUN,,"NO, SCHOOL BUS NOT INVOLVED",25.0,"NO, DEVICE NOT FUNCTIONING",NO,14717.0,2020,0.558,677,0.155,162,BOTH SIDES,8,8,0,NO SHOULDER,22,BITUMINOUS CONCRETE ROAD,0,NO SHOULDER,2,0,0,,LARGE URBANIZED AREA,RURAL MINOR ARTERIAL OR URBAN PRINCIPAL ARTERIAL,BOSTON (MA-NH-RI),MAINLINE ROADWAY,TWO-WAY TRAFFIC,NO ACCESS CONTROL,30.0,WASHINGTON STREET,DEDHAM TOWN LINE,SOUTH STREET,BOSTON,FAIR,LEVEL TERRAIN,PULLED BACK FROM HPMS NETWORK ESTIMATION ROUTINE,,30,0,0,PRINCIPAL ARTERIAL - OTHER,2,NO,39.0,"DCC1:NO IMPROPER DRIVING, DCC2:NOT REPORTED",NOT DISTRACTED,NY,NO,NO,"NO, NOT FEDERALLY REPORTABLE",NOT REPORTED,POSSIBLE INJURY (C),COLLISION WITH MOTOR VEHICLE IN TRAFFIC,2,TRAVELLING STRAIGHT AHEAD,TRACTOR/DOUBLES,"MDA1:CENTER FRONT, MDA2:LEFT FRONT",NEW YORK,NY,96,PAN,SEQ1:COLLISION WITH MOTOR VEHICLE IN TRAFFIC,"YES, VEHICLE OR TRAILER DISABLED",BMW,,V1: (9024J6),NORTHBOUND,,WASHINGTON STREET,2023,11,11,Saturday,True