SOURCE_YEAR,OBJECTID,CRASH_NUMB,CITY_TOWN_NAME,CRASH_DATE_TEXT,CRASH_DATETIME,CRASH_STATUS,CRASH_SEVERITY_DESCR,MAX_INJR_SVRTY_CL,NUMB_VEHC,NUMB_NONFATAL_INJR,NUMB_FATAL_INJR,POLC_AGNCY_TYPE_DESCR,MANR_COLL_DESCR,VEHC_MNVR_ACTN_CL,VEHC_TRVL_DIRC_CL,VEHC_SEQ_EVENTS_CL,AMBNT_LIGHT_DESCR,WEATH_COND_DESCR,ROAD_SURF_COND_DESCR,FIRST_HRMF_EVENT_DESCR,MOST_HRMFL_EVT_CL,DRVR_CNTRB_CIRC_CL,VEHC_CONFIG_CL,STREET_NUMB,RDWY,DIST_DIRC_FROM_INT,NEAR_INT_RDWY,LANDMARK,RDWY_JNCT_TYPE_DESCR,TRAF_CNTRL_DEVC_TYPE_DESCR,TRAFY_DESCR_DESCR,JURISDICTN,FIRST_HRMF_EVENT_LOC_DESCR,NON_MTRST_TYPE_CL,IS_GEOCODED,GEOCODING_METHOD_NAME,X,Y,LAT,LON,YEAR,DRVR_DISTRACTED_CL,DISTRICT_NUM,RPA_ABBR,VEHC_EMER_USE_CL,VEHC_TOWED_FROM_SCENE_CL,CNTY_NAME,FMCSA_RPTBL_CL,FMCSA_RPTBL,HIT_RUN_DESCR,ROAD_CNTRB_DESCR,SCHL_BUS_RELD_DESCR,SPEED_LIMIT,TRAF_CNTRL_DEVC_FUNC_DESCR,WORK_ZONE_RELD_DESCR,AADT,AADT_YEAR,PK_PCT_SUT,AV_PCT_SUT,PK_PCT_CT,AV_PCT_CT,CURB,LT_SIDEWLK,RT_SIDEWLK,SHLDR_LT_W,SHLDR_LT_T,SURFACE_WD,SURFACE_TP,SHLDR_RT_W,SHLDR_RT_T,NUM_LANES,OPP_LANES,MED_WIDTH,MED_TYPE,URBAN_TYPE,F_CLASS,URBAN_AREA,FACILITY,OPERATION,CONTROL,SPEED_LIM,STREETNAME,FROMSTREETNAME,TOSTREETNAME,CITY,STRUCT_CND,TERRAIN,AADT_DERIV,STATN_NUM,OP_DIR_SL,SHLDR_UL_T,SHLDR_UL_W,F_F_CLASS,VEHC_UNIT_NUMB,ALC_SUSPD_TYPE_DESCR,DRIVER_AGE,DRVR_CNTRB_CIRC_DESCR,DRIVER_DISTRACTED_TYPE_DESCR,DRVR_LCN_STATE,DRUG_SUSPD_TYPE_DESCR,EMERGENCY_USE_DESC,FMCSA_RPTBL_VL,HAZ_MAT_PLACARD_DESCR,MAX_INJR_SVRTY_VL,MOST_HRMF_EVENT,TOTAL_OCCPT_IN_VEHC,VEHC_MANR_ACT_DESCR,VEHC_CONFG_DESCR,VEHC_MOST_DMGD_AREA,OWNER_ADDR_CITY_TOWN,OWNER_ADDR_STATE,VEHC_REG_STATE,VEHC_REG_TYPE_CODE,VEHC_SEQ_EVENTS,VEHC_TOWED_FROM_SCENE,VEHICLE_MAKE_DESCR,VEHICLE_MODEL_DESCR,DRIVER_VIOLATION_CL,TRVL_DIRC_DESCR,OBJECTID_1,TARGET_STREET,CRASH_YEAR,CRASH_MONTH,CRASH_DAY,CRASH_WEEKDAY,HAS_INJURY
2024,,5408845,BOSTON,06 22 2024,2024-06-22 01:34:00+00:00,OPEN,NON-FATAL INJURY,SUSPECTED MINOR INJURY (B),2,1,0,STATE POLICE,ANGLE,V1: TURNING LEFT / V2: TRAVELLING STRAIGHT AHEAD,V1: S  / V2: S,V1:(COLLISION WITH MOTOR VEHICLE IN TRAFFIC) V2:(COLLISION WITH MOTOR VEHICLE IN TRAFFIC),DARK - LIGHTED ROADWAY,NOT REPORTED,DRY,COLLISION WITH MOTOR VEHICLE IN TRAFFIC,V1:(COLLISION WITH MOTOR VEHICLE IN TRAFFIC) / V2:(COLLISION WITH MOTOR VEHICLE IN TRAFFIC),D1: (FAILED TO YIELD RIGHT OF WAY)  / D2: (NO IMPROPER DRIVING),V1:(PASSENGER CAR) / V2:(PASSENGER CAR),,WASHINGTON STREET / ARBORWAY RTE SR203 W,,,,FOUR-WAY INTERSECTION,TRAFFIC CONTROL SIGNAL,"TWO-WAY, DIVIDED, UNPROTECTED MEDIAN",CITY OR TOWN ACCEPTED ROAD,ROADWAY,,YES,OPERATOR DESIGNATED,231961.7552,894630.6744,42.30150383,-71.11237536,2024,D1: NOT DISTRACTED / D2: NOT DISTRACTED,6,MAPC,V1:(NO) / V2:(NO),"V1:(NO) / V2:(YES, VEHICLE OR TRAILER DISABLED)",SUFFOLK,"V1:(NO, NOT FEDERALLY REPORTABLE) / V2:(NO, NOT FEDERALLY REPORTABLE)","NO, NOT FEDERALLY REPORTABLE",NO HIT AND RUN,,"NO, SCHOOL BUS NOT INVOLVED",35.0,"YES, DEVICE FUNCTIONING",NO,27562.0,2020,,,,,BOTH SIDES,10,10,0,NO SHOULDER,40,BITUMINOUS CONCRETE ROAD,0,NO SHOULDER,4,0,0,,LARGE URBANIZED AREA,RURAL MINOR ARTERIAL OR URBAN PRINCIPAL ARTERIAL,BOSTON (MA-NH-RI),MAINLINE ROADWAY,TWO-WAY TRAFFIC,NO ACCESS CONTROL,25.0,WASHINGTON STREET,HYDE PARK AVENUE,DEVONSHIRE PLACE,BOSTON,FAIR,LEVEL TERRAIN,PULLED BACK FROM HPMS NETWORK ESTIMATION ROUTINE,,30,0,0,PRINCIPAL ARTERIAL - OTHER,1,NO,33.0,"DCC1:FAILED TO YIELD RIGHT OF WAY, DCC2:NOT REPORTED",NOT DISTRACTED,MA,NO,NO,"NO, NOT FEDERALLY REPORTABLE",NOT REPORTED,NO APPARENT INJURY (O),COLLISION WITH MOTOR VEHICLE IN TRAFFIC,1,TURNING LEFT,PASSENGER CAR,MDA1:CENTER FRONT,FALL RIVER,MA,MA,PAN,SEQ1:COLLISION WITH MOTOR VEHICLE IN TRAFFIC,NO,BMW,X328I,V1: (89-8),SOUTHBOUND,6140446,WASHINGTON STREET,2024,6,22,Saturday,True
2024,,5408845,BOSTON,06 22 2024,2024-06-22 01:34:00+00:00,OPEN,NON-FATAL INJURY,SUSPECTED MINOR INJURY (B),2,1,0,STATE POLICE,ANGLE,V1: TURNING LEFT / V2: TRAVELLING STRAIGHT AHEAD,V1: S  / V2: S,V1:(COLLISION WITH MOTOR VEHICLE IN TRAFFIC) V2:(COLLISION WITH MOTOR VEHICLE IN TRAFFIC),DARK - LIGHTED ROADWAY,NOT REPORTED,DRY,COLLISION WITH MOTOR VEHICLE IN TRAFFIC,V1:(COLLISION WITH MOTOR VEHICLE IN TRAFFIC) / V2:(COLLISION WITH MOTOR VEHICLE IN TRAFFIC),D1: (FAILED TO YIELD RIGHT OF WAY)  / D2: (NO IMPROPER DRIVING),V1:(PASSENGER CAR) / V2:(PASSENGER CAR),,WASHINGTON STREET / ARBORWAY RTE SR203 W,,,,FOUR-WAY INTERSECTION,TRAFFIC CONTROL SIGNAL,"TWO-WAY, DIVIDED, UNPROTECTED MEDIAN",CITY OR TOWN ACCEPTED ROAD,ROADWAY,,YES,OPERATOR DESIGNATED,231961.7552,894630.6744,42.30150383,-71.11237536,2024,D1: NOT DISTRACTED / D2: NOT DISTRACTED,6,MAPC,V1:(NO) / V2:(NO),"V1:(NO) / V2:(YES, VEHICLE OR TRAILER DISABLED)",SUFFOLK,"V1:(NO, NOT FEDERALLY REPORTABLE) / V2:(NO, NOT FEDERALLY REPORTABLE)","NO, NOT FEDERALLY REPORTABLE",NO HIT AND RUN,,"NO, SCHOOL BUS NOT INVOLVED",35.0,"YES, DEVICE FUNCTIONING",NO,27562.0,2020,,,,,BOTH SIDES,10,10,0,NO SHOULDER,40,BITUMINOUS CONCRETE ROAD,0,NO SHOULDER,4,0,0,,LARGE URBANIZED AREA,RURAL MINOR ARTERIAL OR URBAN PRINCIPAL ARTERIAL,BOSTON (MA-NH-RI),MAINLINE ROADWAY,TWO-WAY TRAFFIC,NO ACCESS CONTROL,25.0,WASHINGTON STREET,HYDE PARK AVENUE,DEVONSHIRE PLACE,BOSTON,FAIR,LEVEL TERRAIN,PULLED BACK FROM HPMS NETWORK ESTIMATION ROUTINE,,30,0,0,PRINCIPAL ARTERIAL - OTHER,2,NO,35.0,"DCC1:NO IMPROPER DRIVING, DCC2:NOT REPORTED",NOT DISTRACTED,FL,NO,NO,"NO, NOT FEDERALLY REPORTABLE",NOT REPORTED,SUSPECTED MINOR INJURY (B),COLLISION WITH MOTOR VEHICLE IN TRAFFIC,2,TRAVELLING STRAIGHT AHEAD,PASSENGER CAR,MDA1:LEFT FRONT,ORLANDO,FL,FL,PAN,SEQ1:COLLISION WITH MOTOR VEHICLE IN TRAFFIC,"YES, VEHICLE OR TRAILER DISABLED",TOYOTA,,V1: (89-8),SOUTHBOUND,6140447,WASHINGTON STREET,2024,6,22,Saturday,True
2024,,5411245,BOSTON,07 04 2024,2024-07-04 11:43:00+00:00,OPEN,NON-FATAL INJURY,POSSIBLE INJURY (C),2,3,0,LOCAL POLICE,HEAD-ON,V1: NOT REPORTED / V2: TRAVELLING STRAIGHT AHEAD,V1:    / V2: N,V2:(COLLISION WITH MOTOR VEHICLE IN TRAFFIC),DAYLIGHT,NOT REPORTED,NOT REPORTED,COLLISION WITH MOTOR VEHICLE IN TRAFFIC,V2:(COLLISION WITH MOTOR VEHICLE IN TRAFFIC),,"V1:(PASSENGER CAR) / V2:(LIGHT TRUCK(VAN, MINI-VAN, PICKUP, SPORT UTILITY))",,CENTRE ST RTE N/A N  / CEDAR ST RTE N/A E,,,,NOT REPORTED,NOT REPORTED,NOT REPORTED,CITY OR TOWN ACCEPTED ROAD,ROADWAY,,YES,AT INTERSECTION,233325.5936,897543.4375,42.32766977,-71.09566784,2024,,6,MAPC,V2:(NO),V1:(NO) / V2:(NO),SUFFOLK,"V1:(NO, NOT FEDERALLY REPORTABLE) / V2:(NO, NOT FEDERALLY REPORTABLE)","NO, NOT FEDERALLY REPORTABLE",NO HIT AND RUN,NOT REPORTED,"NO, SCHOOL BUS NOT INVOLVED",,NOT REPORTED,NO,8969.0,2020,0.253,440,0,53,BOTH SIDES,10,10,0,NO SHOULDER,41,BITUMINOUS CONCRETE ROAD,0,NO SHOULDER,2,0,0,,LARGE URBANIZED AREA,URBAN MINOR ARTERIAL OR RURAL MAJOR COLLECTOR,BOSTON (MA-NH-RI),MAINLINE ROADWAY,TWO-WAY TRAFFIC,NO ACCESS CONTROL,99.0,CENTRE STREET,COLUMBUS AVENUE,ROXBURY STREET,BOSTON,FAIR,LEVEL TERRAIN,GROWN FROM PRIOR YEAR HPMS NETWORK,,99,0,0,MINOR ARTERIAL,1,NOT REPORTED,52.0,DCC1:NOT REPORTED,NOT REPORTED,MA,NOT REPORTED,NOT REPORTED,"NO, NOT FEDERALLY REPORTABLE",NOT REPORTED,POSSIBLE INJURY (C),NOT REPORTED,1,NOT REPORTED,PASSENGER CAR,,WORCESTER,MA,MA,PAN,,NO,HYUN,SONATA,,,6145105,CENTRE STREET,2024,7,4,Thursday,True
2024,,5411245,BOSTON,07 04 2024,2024-07-04 11:43:00+00:00,OPEN,NON-FATAL INJURY,POSSIBLE INJURY (C),2,3,0,LOCAL POLICE,HEAD-ON,V1: NOT REPORTED / V2: TRAVELLING STRAIGHT AHEAD,V1:    / V2: N,V2:(COLLISION WITH MOTOR VEHICLE IN TRAFFIC),DAYLIGHT,NOT REPORTED,NOT REPORTED,COLLISION WITH MOTOR VEHICLE IN TRAFFIC,V2:(COLLISION WITH MOTOR VEHICLE IN TRAFFIC),,"V1:(PASSENGER CAR) / V2:(LIGHT TRUCK(VAN, MINI-VAN, PICKUP, SPORT UTILITY))",,CENTRE ST RTE N/A N  / CEDAR ST RTE N/A E,,,,NOT REPORTED,NOT REPORTED,NOT REPORTED,CITY OR TOWN ACCEPTED ROAD,ROADWAY,,YES,AT INTERSECTION,233325.5936,897543.4375,42.32766977,-71.09566784,2024,,6,MAPC,V2:(NO),V1:(NO) / V2:(NO),SUFFOLK,"V1:(NO, NOT FEDERALLY REPORTABLE) / V2:(NO, NOT FEDERALLY REPORTABLE)","NO, NOT FEDERALLY REPORTABLE",NO HIT AND RUN,NOT REPORTED,"NO, SCHOOL BUS NOT INVOLVED",,NOT REPORTED,NO,8969.0,2020,0.253,440,0,53,BOTH SIDES,10,10,0,NO SHOULDER,41,BITUMINOUS CONCRETE ROAD,0,NO SHOULDER,2,0,0,,LARGE URBANIZED AREA,URBAN MINOR ARTERIAL OR RURAL MAJOR COLLECTOR,BOSTON (MA-NH-RI),MAINLINE ROADWAY,TWO-WAY TRAFFIC,NO ACCESS CONTROL,99.0,CENTRE STREET,COLUMBUS AVENUE,ROXBURY STREET,BOSTON,FAIR,LEVEL TERRAIN,GROWN FROM PRIOR YEAR HPMS NETWORK,,99,0,0,MINOR ARTERIAL,2,NOT REPORTED,56.0,DCC1:NOT REPORTED,NOT REPORTED,MA,NOT REPORTED,NO,"NO, NOT FEDERALLY REPORTABLE",NOT REPORTED,POSSIBLE INJURY (C),COLLISION WITH MOTOR VEHICLE IN TRAFFIC,3,TRAVELLING STRAIGHT AHEAD,"LIGHT TRUCK(VAN, MINI-VAN, PICKUP, SPORT UTILITY)","MDA1:RIGHT SIDE, MDA2:RIGHT FRONT, MDA3:RIGHT REAR",WALTHAM,MA,MA,SPN,SEQ1:COLLISION WITH MOTOR VEHICLE IN TRAFFIC,NO,DODG,GRAND CARA,,NORTHBOUND,6145106,CENTRE STREET,2024,7,4,Thursday,True
2024,,5412404,BOSTON,07 07 2024,2024-07-07 04:46:00+00:00,OPEN,PROPERTY DAMAGE ONLY (NONE INJURED),NO APPARENT INJURY (O),1,0,0,LOCAL POLICE,SINGLE VEHICLE CRASH,V1: TRAVELLING STRAIGHT AHEAD,V1: E,V1:(COLLISION WITH CURB),DAWN,CLEAR,DRY,COLLISION WITH CURB,V1:(COLLISION WITH CURB),D1: (UNKNOWN),V1:(UNKNOWN VEHICLE CONFIGURATION),,CENTRE STREET,150 FEET E  OF,HIGHLAND STREET,,NOT AT JUNCTION,NO CONTROLS,"TWO-WAY, NOT DIVIDED",CITY OR TOWN ACCEPTED ROAD,ROADWAY,,YES,AT ADDRESS,233199.08802357,897264.44753682,42.32516349,-71.09721867,2024,D1: EXTERNAL DISTRACTION (OUTSIDE THE VEHICLE),6,MAPC,V1:(NO),"V1:(YES, VEHICLE OR TRAILER DISABLED)",SUFFOLK,"V1:(NO, NOT FEDERALLY REPORTABLE)","NO, NOT FEDERALLY REPORTABLE",NO HIT AND RUN,OTHER,"NO, SCHOOL BUS NOT INVOLVED",25.0,"NO, DEVICE NOT FUNCTIONING",NO,8969.0,2020,0.253,440,0,53,BOTH SIDES,10,10,0,NO SHOULDER,41,BITUMINOUS CONCRETE ROAD,0,NO SHOULDER,2,0,0,,LARGE URBANIZED AREA,URBAN MINOR ARTERIAL OR RURAL MAJOR COLLECTOR,BOSTON (MA-NH-RI),MAINLINE ROADWAY,TWO-WAY TRAFFIC,NO ACCESS CONTROL,99.0,CENTRE STREET,COLUMBUS AVENUE,ROXBURY STREET,BOSTON,FAIR,LEVEL TERRAIN,GROWN FROM PRIOR YEAR HPMS NETWORK,,99,0,0,MINOR ARTERIAL,1,NO,22.0,"DCC1:UNKNOWN, DCC2:NOT REPORTED",EXTERNAL DISTRACTION (OUTSIDE THE VEHICLE),MA,NO,NO,"NO, NOT FEDERALLY REPORTABLE",NOT REPORTED,NO APPARENT INJURY (O),COLLISION WITH CURB,1,TRAVELLING STRAIGHT AHEAD,UNKNOWN VEHICLE CONFIGURATION,"MDA1:RIGHT REAR, MDA2:RIGHT SIDE, MDA3:RIGHT FRONT",ROXBURY,MA,96,PAN,SEQ1:COLLISION WITH CURB,"YES, VEHICLE OR TRAILER DISABLED",DODGE,,,EASTBOUND,6146465,CENTRE STREET,2024,7,7,Sunday,False
2024,,5412176,BOSTON,07 06 2024,2024-07-06 06:42:00+00:00,OPEN,PROPERTY DAMAGE ONLY (NONE INJURED),NO APPARENT INJURY (O),2,0,0,LOCAL POLICE,REAR-END,V1: LEAVING TRAFFIC LANE / V2: PARKED,V1: N  / V2: N,V1:(COLLISION WITH PARKED MOTOR VEHICLE) V2:(COLLISION WITH MOTOR VEHICLE IN TRAFFIC),DAWN,CLOUDY,WET,COLLISION WITH PARKED MOTOR VEHICLE,V1:(COLLISION WITH PARKED MOTOR VEHICLE) / V2:(COLLISION WITH MOTOR VEHICLE IN TRAFFIC),D1: (FAILURE TO KEEP IN PROPER LANE OR RUNNING OFF ROAD),V1:(PASSENGER CAR) / V2:(PASSENGER CAR),125,CENTRE ST RTE N,,,OPPOSITE 125 CENTRE ST,NOT AT JUNCTION,NO CONTROLS,"TWO-WAY, NOT DIVIDED",CITY OR TOWN ACCEPTED ROAD,ROADSIDE,,YES,AT ADDRESS,233288.95206702,897466.92668815,42.32698253,-71.0961168,2024,,6,MAPC,V1:(NO) / V2:(NO),"V1:(YES, VEHICLE OR TRAILER DISABLED) / V2:(NO)",SUFFOLK,"V1:(NO, NOT FEDERALLY REPORTABLE) / V2:(NO, NOT FEDERALLY REPORTABLE)","NO, NOT FEDERALLY REPORTABLE","YES, HIT AND RUN",,"NO, SCHOOL BUS NOT INVOLVED",25.0,NOT REPORTED,NO,8969.0,2020,0.253,440,0,53,BOTH SIDES,10,10,0,NO SHOULDER,41,BITUMINOUS CONCRETE ROAD,0,NO SHOULDER,2,0,0,,LARGE URBANIZED AREA,URBAN MINOR ARTERIAL OR RURAL MAJOR COLLECTOR,BOSTON (MA-NH-RI),MAINLINE ROADWAY,TWO-WAY TRAFFIC,NO ACCESS CONTROL,99.0,CENTRE STREET,COLUMBUS AVENUE,ROXBURY STREET,BOSTON,FAIR,LEVEL TERRAIN,GROWN FROM PRIOR YEAR HPMS NETWORK,,99,0,0,MINOR ARTERIAL,1,,,"DCC1:FAILURE TO KEEP IN PROPER LANE OR RUNNING OFF ROAD, DCC2:NOT REPORTED",,96,,NO,"NO, NOT FEDERALLY REPORTABLE",NOT REPORTED,,COLLISION WITH PARKED MOTOR VEHICLE,1,LEAVING TRAFFIC LANE,PASSENGER CAR,"MDA1:RIGHT FRONT, MDA2:CENTER FRONT, MDA3:UNDERCARRIAGE",,98,NY,PAN,SEQ1:COLLISION WITH PARKED MOTOR VEHICLE,"YES, VEHICLE OR TRAILER DISABLED",TOYOTA,,,NORTHBOUND,6146760,CENTRE STREET,2024,7,6,Saturday,False
2024,,5412176,BOSTON,07 06 2024,2024-07-06 06:42:00+00:00,OPEN,PROPERTY DAMAGE ONLY (NONE INJURED),NO APPARENT INJURY (O),2,0,0,LOCAL POLICE,REAR-END,V1: LEAVING TRAFFIC LANE / V2: PARKED,V1: N  / V2: N,V1:(COLLISION WITH PARKED MOTOR VEHICLE) V2:(COLLISION WITH MOTOR VEHICLE IN TRAFFIC),DAWN,CLOUDY,WET,COLLISION WITH PARKED MOTOR VEHICLE,V1:(COLLISION WITH PARKED MOTOR VEHICLE) / V2:(COLLISION WITH MOTOR VEHICLE IN TRAFFIC),D1: (FAILURE TO KEEP IN PROPER LANE OR RUNNING OFF ROAD),V1:(PASSENGER CAR) / V2:(PASSENGER CAR),125,CENTRE ST RTE N,,,OPPOSITE 125 CENTRE ST,NOT AT JUNCTION,NO CONTROLS,"TWO-WAY, NOT DIVIDED",CITY OR TOWN ACCEPTED ROAD,ROADSIDE,,YES,AT ADDRESS,233288.95206702,897466.92668815,42.32698253,-71.0961168,2024,,6,MAPC,V1:(NO) / V2:(NO),"V1:(YES, VEHICLE OR TRAILER DISABLED) / V2:(NO)",SUFFOLK,"V1:(NO, NOT FEDERALLY REPORTABLE) / V2:(NO, NOT FEDERALLY REPORTABLE)","NO, NOT FEDERALLY REPORTABLE","YES, HIT AND RUN",,"NO, SCHOOL BUS NOT INVOLVED",25.0,NOT REPORTED,NO,8969.0,2020,0.253,440,0,53,BOTH SIDES,10,10,0,NO SHOULDER,41,BITUMINOUS CONCRETE ROAD,0,NO SHOULDER,2,0,0,,LARGE URBANIZED AREA,URBAN MINOR ARTERIAL OR RURAL MAJOR COLLECTOR,BOSTON (MA-NH-RI),MAINLINE ROADWAY,TWO-WAY TRAFFIC,NO ACCESS CONTROL,99.0,CENTRE STREET,COLUMBUS AVENUE,ROXBURY STREET,BOSTON,FAIR,LEVEL TERRAIN,GROWN FROM PRIOR YEAR HPMS NETWORK,,99,0,0,MINOR ARTERIAL,2,NOT REPORTED,,DCC1:NOT REPORTED,NOT REPORTED,MA,NOT REPORTED,NO,"NO, NOT FEDERALLY REPORTABLE",NOT REPORTED,NO APPARENT INJURY (O),COLLISION WITH MOTOR VEHICLE IN TRAFFIC,2,PARKED,PASSENGER CAR,"MDA1:LEFT REAR, MDA2:LEFT SIDE, MDA3:CENTER REAR",CANTON,MA,MA,PAN,SEQ1:COLLISION WITH MOTOR VEHICLE IN TRAFFIC,NO,TOYT,CAMRY,,NORTHBOUND,6146761,CENTRE STREET,2024,7,6,Saturday,False
2024,,5414502,BOSTON,06 25 2024,2024-06-25 15:52:00+00:00,OPEN,PROPERTY DAMAGE ONLY (NONE INJURED),NO APPARENT INJURY (O),2,0,0,STATE POLICE,"SIDESWIPE, SAME DIRECTION",V1: TRAVELLING STRAIGHT AHEAD / V2: SLOWING OR STOPPED IN TRAFFIC,V1: W  / V2: W,V1:(COLLISION WITH MOTOR VEHICLE IN TRAFFIC) V2:(COLLISION WITH MOTOR VEHICLE IN TRAFFIC),DAYLIGHT,CLEAR,DRY,COLLISION WITH MOTOR VEHICLE IN TRAFFIC,V1:(COLLISION WITH MOTOR VEHICLE IN TRAFFIC) / V2:(COLLISION WITH MOTOR VEHICLE IN TRAFFIC),"D1: (FAILURE TO KEEP IN PROPER LANE OR RUNNING OFF ROAD)  / D2: (NO IMPROPER DRIVING),(NO IMPROPER DRIVING)","V1:(PASSENGER CAR) / V2:(LIGHT TRUCK(VAN, MINI-VAN, PICKUP, SPORT UTILITY))",,WASHINGTON STREET / ARBORWAY RTE SR203 W,,,,FOUR-WAY INTERSECTION,TRAFFIC CONTROL SIGNAL,"TWO-WAY, DIVIDED, POSITIVE MEDIAN BARRIER",CITY OR TOWN ACCEPTED ROAD,ROADWAY,,YES,OPERATOR DESIGNATED,231961.7552,894630.6744,42.30150383,-71.11237536,2024,D1: NOT DISTRACTED / D2: NOT DISTRACTED,6,MAPC,,V1:(NO) / V2:(NO),SUFFOLK,"V1:(NO, NOT FEDERALLY REPORTABLE) / V2:(NO, NOT FEDERALLY REPORTABLE)","NO, NOT FEDERALLY REPORTABLE","YES, HIT AND RUN",,"NO, SCHOOL BUS NOT INVOLVED",35.0,"YES, DEVICE FUNCTIONING",NO,27562.0,2020,,,,,BOTH SIDES,10,10,0,NO SHOULDER,40,BITUMINOUS CONCRETE ROAD,0,NO SHOULDER,4,0,0,,LARGE URBANIZED AREA,RURAL MINOR ARTERIAL OR URBAN PRINCIPAL ARTERIAL,BOSTON (MA-NH-RI),MAINLINE ROADWAY,TWO-WAY TRAFFIC,NO ACCESS CONTROL,25.0,WASHINGTON STREET,HYDE PARK AVENUE,DEVONSHIRE PLACE,BOSTON,FAIR,LEVEL TERRAIN,PULLED BACK FROM HPMS NETWORK ESTIMATION ROUTINE,,30,0,0,PRINCIPAL ARTERIAL - OTHER,1,NOT REPORTED,,"DCC1:FAILURE TO KEEP IN PROPER LANE OR RUNNING OFF ROAD, DCC2:NOT REPORTED",NOT DISTRACTED,MA,NOT REPORTED,NOT REPORTED,"NO, NOT FEDERALLY REPORTABLE",NOT REPORTED,NOT REPORTED,COLLISION WITH MOTOR VEHICLE IN TRAFFIC,1,TRAVELLING STRAIGHT AHEAD,PASSENGER CAR,MDA1:RIGHT FRONT,,MA,MA,,SEQ1:COLLISION WITH MOTOR VEHICLE IN TRAFFIC,NO,,,,WESTBOUND,6151673,WASHINGTON STREET,2024,6,25,Tuesday,False
2024,,5414502,BOSTON,06 25 2024,2024-06-25 15:52:00+00:00,OPEN,PROPERTY DAMAGE ONLY (NONE INJURED),NO APPARENT INJURY (O),2,0,0,STATE POLICE,"SIDESWIPE, SAME DIRECTION",V1: TRAVELLING STRAIGHT AHEAD / V2: SLOWING OR STOPPED IN TRAFFIC,V1: W  / V2: W,V1:(COLLISION WITH MOTOR VEHICLE IN TRAFFIC) V2:(COLLISION WITH MOTOR VEHICLE IN TRAFFIC),DAYLIGHT,CLEAR,DRY,COLLISION WITH MOTOR VEHICLE IN TRAFFIC,V1:(COLLISION WITH MOTOR VEHICLE IN TRAFFIC) / V2:(COLLISION WITH MOTOR VEHICLE IN TRAFFIC),"D1: (FAILURE TO KEEP IN PROPER LANE OR RUNNING OFF ROAD)  / D2: (NO IMPROPER DRIVING),(NO IMPROPER DRIVING)","V1:(PASSENGER CAR) / V2:(LIGHT TRUCK(VAN, MINI-VAN, PICKUP, SPORT UTILITY))",,WASHINGTON STREET / ARBORWAY RTE SR203 W,,,,FOUR-WAY INTERSECTION,TRAFFIC CONTROL SIGNAL,"TWO-WAY, DIVIDED, POSITIVE MEDIAN BARRIER",CITY OR TOWN ACCEPTED ROAD,ROADWAY,,YES,OPERATOR DESIGNATED,231961.7552,894630.6744,42.30150383,-71.11237536,2024,D1: NOT DISTRACTED / D2: NOT DISTRACTED,6,MAPC,,V1:(NO) / V2:(NO),SUFFOLK,"V1:(NO, NOT FEDERALLY REPORTABLE) / V2:(NO, NOT FEDERALLY REPORTABLE)","NO, NOT FEDERALLY REPORTABLE","YES, HIT AND RUN",,"NO, SCHOOL BUS NOT INVOLVED",35.0,"YES, DEVICE FUNCTIONING",NO,27562.0,2020,,,,,BOTH SIDES,10,10,0,NO SHOULDER,40,BITUMINOUS CONCRETE ROAD,0,NO SHOULDER,4,0,0,,LARGE URBANIZED AREA,RURAL MINOR ARTERIAL OR URBAN PRINCIPAL ARTERIAL,BOSTON (MA-NH-RI),MAINLINE ROADWAY,TWO-WAY TRAFFIC,NO ACCESS CONTROL,25.0,WASHINGTON STREET,HYDE PARK AVENUE,DEVONSHIRE PLACE,BOSTON,FAIR,LEVEL TERRAIN,PULLED BACK FROM HPMS NETWORK ESTIMATION ROUTINE,,30,0,0,PRINCIPAL ARTERIAL - OTHER,2,NO,43.0,DCC1:NO IMPROPER DRIVING,NOT DISTRACTED,MA,NO,NOT REPORTED,"NO, NOT FEDERALLY REPORTABLE",NOT REPORTED,NO APPARENT INJURY (O),COLLISION WITH MOTOR VEHICLE IN TRAFFIC,1,SLOWING OR STOPPED IN TRAFFIC,"LIGHT TRUCK(VAN, MINI-VAN, PICKUP, SPORT UTILITY)",MDA1:LEFT FRONT,BOSTON,MA,MA,PAN,SEQ1:COLLISION WITH MOTOR VEHICLE IN TRAFFIC,NO,TOYT,SIENNA,,WESTBOUND,6151674,WASHINGTON STREET,2024,6,25,Tuesday,False