SOURCE_YEAR,OBJECTID,CRASH_NUMB,CITY_TOWN_NAME,CRASH_DATE_TEXT,CRASH_DATETIME,CRASH_STATUS,CRASH_SEVERITY_DESCR,MAX_INJR_SVRTY_CL,NUMB_VEHC,NUMB_NONFATAL_INJR,NUMB_FATAL_INJR,POLC_AGNCY_TYPE_DESCR,MANR_COLL_DESCR,VEHC_MNVR_ACTN_CL,VEHC_TRVL_DIRC_CL,VEHC_SEQ_EVENTS_CL,AMBNT_LIGHT_DESCR,WEATH_COND_DESCR,ROAD_SURF_COND_DESCR,FIRST_HRMF_EVENT_DESCR,MOST_HRMFL_EVT_CL,DRVR_CNTRB_CIRC_CL,VEHC_CONFIG_CL,STREET_NUMB,RDWY,DIST_DIRC_FROM_INT,NEAR_INT_RDWY,LANDMARK,RDWY_JNCT_TYPE_DESCR,TRAF_CNTRL_DEVC_TYPE_DESCR,TRAFY_DESCR_DESCR,JURISDICTN,FIRST_HRMF_EVENT_LOC_DESCR,NON_MTRST_TYPE_CL,IS_GEOCODED,GEOCODING_METHOD_NAME,X,Y,LAT,LON,YEAR,DRVR_DISTRACTED_CL,DISTRICT_NUM,RPA_ABBR,VEHC_EMER_USE_CL,VEHC_TOWED_FROM_SCENE_CL,CNTY_NAME,FMCSA_RPTBL_CL,FMCSA_RPTBL,HIT_RUN_DESCR,ROAD_CNTRB_DESCR,SCHL_BUS_RELD_DESCR,SPEED_LIMIT,TRAF_CNTRL_DEVC_FUNC_DESCR,WORK_ZONE_RELD_DESCR,AADT,AADT_YEAR,PK_PCT_SUT,AV_PCT_SUT,PK_PCT_CT,AV_PCT_CT,CURB,LT_SIDEWLK,RT_SIDEWLK,SHLDR_LT_W,SHLDR_LT_T,SURFACE_WD,SURFACE_TP,SHLDR_RT_W,SHLDR_RT_T,NUM_LANES,OPP_LANES,MED_WIDTH,MED_TYPE,URBAN_TYPE,F_CLASS,URBAN_AREA,FACILITY,OPERATION,CONTROL,SPEED_LIM,STREETNAME,FROMSTREETNAME,TOSTREETNAME,CITY,STRUCT_CND,TERRAIN,AADT_DERIV,STATN_NUM,OP_DIR_SL,SHLDR_UL_T,SHLDR_UL_W,F_F_CLASS,VEHC_UNIT_NUMB,ALC_SUSPD_TYPE_DESCR,DRIVER_AGE,DRVR_CNTRB_CIRC_DESCR,DRIVER_DISTRACTED_TYPE_DESCR,DRVR_LCN_STATE,DRUG_SUSPD_TYPE_DESCR,EMERGENCY_USE_DESC,FMCSA_RPTBL_VL,HAZ_MAT_PLACARD_DESCR,MAX_INJR_SVRTY_VL,MOST_HRMF_EVENT,TOTAL_OCCPT_IN_VEHC,VEHC_MANR_ACT_DESCR,VEHC_CONFG_DESCR,VEHC_MOST_DMGD_AREA,OWNER_ADDR_CITY_TOWN,OWNER_ADDR_STATE,VEHC_REG_STATE,VEHC_REG_TYPE_CODE,VEHC_SEQ_EVENTS,VEHC_TOWED_FROM_SCENE,VEHICLE_MAKE_DESCR,VEHICLE_MODEL_DESCR,DRIVER_VIOLATION_CL,TRVL_DIRC_DESCR,OBJECTID_1,TARGET_STREET,CRASH_YEAR,CRASH_MONTH,CRASH_DAY,CRASH_WEEKDAY,HAS_INJURY
2024,,5416623,BOSTON,07 16 2024,2024-07-16 15:14:00+00:00,OPEN,NON-FATAL INJURY,SUSPECTED MINOR INJURY (B),2,2,0,LOCAL POLICE,"SIDESWIPE, SAME DIRECTION",V1: CHANGING LANES / V2: TRAVELLING STRAIGHT AHEAD,V1: S  / V2: S,V1:(COLLISION WITH MOTOR VEHICLE IN TRAFFIC) V2:(COLLISION WITH MOTOR VEHICLE IN TRAFFIC),DAYLIGHT,CLEAR,DRY,COLLISION WITH MOTOR VEHICLE IN TRAFFIC,V1:(COLLISION WITH MOTOR VEHICLE IN TRAFFIC) / V2:(COLLISION WITH MOTOR VEHICLE IN TRAFFIC),,V1:(PASSENGER CAR) / V2:(PASSENGER CAR),,WASHINGTON ST RTE E  / UKRAINE WAY RTE S,,,,T-INTERSECTION,TRAFFIC CONTROL SIGNAL,"TWO-WAY, DIVIDED, UNPROTECTED MEDIAN",CITY OR TOWN ACCEPTED ROAD,ROADWAY,,YES,AT INTERSECTION,231678.1342,894272.4052,42.29828995,-71.11583458,2024,D1: EXTERNAL DISTRACTION (OUTSIDE THE VEHICLE),6,MAPC,V1:(NO) / V2:(NO),"V1:(YES, VEHICLE OR TRAILER DISABLED) / V2:(YES, VEHICLE OR TRAILER DISABLED)",SUFFOLK,"V1:(NO, NOT FEDERALLY REPORTABLE) / V2:(NO, NOT FEDERALLY REPORTABLE)","NO, NOT FEDERALLY REPORTABLE",NO HIT AND RUN,TRAFFIC CONGESTION RELATED,"NO, SCHOOL BUS NOT INVOLVED",25.0,"YES, DEVICE FUNCTIONING",NO,14717.0,2020,0.558,677,0.155,162,BOTH SIDES,8,8,0,NO SHOULDER,22,BITUMINOUS CONCRETE ROAD,0,NO SHOULDER,2,0,0,,LARGE URBANIZED AREA,RURAL MINOR ARTERIAL OR URBAN PRINCIPAL ARTERIAL,BOSTON (MA-NH-RI),MAINLINE ROADWAY,TWO-WAY TRAFFIC,NO ACCESS CONTROL,30.0,WASHINGTON STREET,DEDHAM TOWN LINE,SOUTH STREET,BOSTON,FAIR,LEVEL TERRAIN,PULLED BACK FROM HPMS NETWORK ESTIMATION ROUTINE,,30,0,0,PRINCIPAL ARTERIAL - OTHER,1,NO,34.0,DCC1:NOT REPORTED,EXTERNAL DISTRACTION (OUTSIDE THE VEHICLE),MA,NO,NO,"NO, NOT FEDERALLY REPORTABLE",NOT REPORTED,NO APPARENT INJURY (O),COLLISION WITH MOTOR VEHICLE IN TRAFFIC,1,CHANGING LANES,PASSENGER CAR,"MDA1:UNDERCARRIAGE, MDA2:RIGHT FRONT",DORCHESTER,MA,MA,PAN,SEQ1:COLLISION WITH MOTOR VEHICLE IN TRAFFIC,"YES, VEHICLE OR TRAILER DISABLED",NISS,SENTRA,,SOUTHBOUND,6158986,WASHINGTON STREET,2024,7,16,Tuesday,True
2024,,5416623,BOSTON,07 16 2024,2024-07-16 15:14:00+00:00,OPEN,NON-FATAL INJURY,SUSPECTED MINOR INJURY (B),2,2,0,LOCAL POLICE,"SIDESWIPE, SAME DIRECTION",V1: CHANGING LANES / V2: TRAVELLING STRAIGHT AHEAD,V1: S  / V2: S,V1:(COLLISION WITH MOTOR VEHICLE IN TRAFFIC) V2:(COLLISION WITH MOTOR VEHICLE IN TRAFFIC),DAYLIGHT,CLEAR,DRY,COLLISION WITH MOTOR VEHICLE IN TRAFFIC,V1:(COLLISION WITH MOTOR VEHICLE IN TRAFFIC) / V2:(COLLISION WITH MOTOR VEHICLE IN TRAFFIC),,V1:(PASSENGER CAR) / V2:(PASSENGER CAR),,WASHINGTON ST RTE E  / UKRAINE WAY RTE S,,,,T-INTERSECTION,TRAFFIC CONTROL SIGNAL,"TWO-WAY, DIVIDED, UNPROTECTED MEDIAN",CITY OR TOWN ACCEPTED ROAD,ROADWAY,,YES,AT INTERSECTION,231678.1342,894272.4052,42.29828995,-71.11583458,2024,D1: EXTERNAL DISTRACTION (OUTSIDE THE VEHICLE),6,MAPC,V1:(NO) / V2:(NO),"V1:(YES, VEHICLE OR TRAILER DISABLED) / V2:(YES, VEHICLE OR TRAILER DISABLED)",SUFFOLK,"V1:(NO, NOT FEDERALLY REPORTABLE) / V2:(NO, NOT FEDERALLY REPORTABLE)","NO, NOT FEDERALLY REPORTABLE",NO HIT AND RUN,TRAFFIC CONGESTION RELATED,"NO, SCHOOL BUS NOT INVOLVED",25.0,"YES, DEVICE FUNCTIONING",NO,14717.0,2020,0.558,677,0.155,162,BOTH SIDES,8,8,0,NO SHOULDER,22,BITUMINOUS CONCRETE ROAD,0,NO SHOULDER,2,0,0,,LARGE URBANIZED AREA,RURAL MINOR ARTERIAL OR URBAN PRINCIPAL ARTERIAL,BOSTON (MA-NH-RI),MAINLINE ROADWAY,TWO-WAY TRAFFIC,NO ACCESS CONTROL,30.0,WASHINGTON STREET,DEDHAM TOWN LINE,SOUTH STREET,BOSTON,FAIR,LEVEL TERRAIN,PULLED BACK FROM HPMS NETWORK ESTIMATION ROUTINE,,30,0,0,PRINCIPAL ARTERIAL - OTHER,2,NOT REPORTED,18.0,DCC1:NOT REPORTED,NOT REPORTED,MA,NOT REPORTED,NO,"NO, NOT FEDERALLY REPORTABLE",NOT REPORTED,SUSPECTED MINOR INJURY (B),COLLISION WITH MOTOR VEHICLE IN TRAFFIC,3,TRAVELLING STRAIGHT AHEAD,PASSENGER CAR,"MDA1:UNDERCARRIAGE, MDA2:LEFT SIDE, MDA3:LEFT FRONT",DORCHESTER,MA,MA,PAN,SEQ1:COLLISION WITH MOTOR VEHICLE IN TRAFFIC,"YES, VEHICLE OR TRAILER DISABLED",JEEP,GRAND CHER,,SOUTHBOUND,6158987,WASHINGTON STREET,2024,7,16,Tuesday,True
2024,,5418136,BOSTON,07 22 2024,2024-07-22 08:39:00+00:00,OPEN,NON-FATAL INJURY,SUSPECTED MINOR INJURY (B),2,1,0,STATE POLICE,REAR-END,V1: TRAVELLING STRAIGHT AHEAD / V2: TRAVELLING STRAIGHT AHEAD,V1: W  / V2: W,V1:(COLLISION WITH MOTOR VEHICLE IN TRAFFIC) V2:(COLLISION WITH MOTOR VEHICLE IN TRAFFIC),DAYLIGHT,CLEAR,DRY,COLLISION WITH MOTOR VEHICLE IN TRAFFIC,V1:(COLLISION WITH MOTOR VEHICLE IN TRAFFIC) / V2:(COLLISION WITH MOTOR VEHICLE IN TRAFFIC),D1: (NO IMPROPER DRIVING)  / D2: (FOLLOWED TOO CLOSELY),"V1:(LIGHT TRUCK(VAN, MINI-VAN, PICKUP, SPORT UTILITY)) / V2:(LIGHT TRUCK(VAN, MINI-VAN, PICKUP, SPORT UTILITY))",7,VFW PARKWAY RTE,,,,NOT AT JUNCTION,NO CONTROLS,"TWO-WAY, DIVIDED, POSITIVE MEDIAN BARRIER",DEPARTMENT OF CONSERVATION AND RECREATION,ROADWAY,,YES,AT ADDRESS,230275.03225914,894122.79977876,42.29699871,-71.1328578,2024,D1: NOT DISTRACTED,6,MAPC,V1:(NO) / V2:(NO),"V1:(YES, VEHICLE OR TRAILER DISABLED) / V2:(YES, VEHICLE OR TRAILER DISABLED)",SUFFOLK,"V1:(NO, NOT FEDERALLY REPORTABLE) / V2:(NO, NOT FEDERALLY REPORTABLE)","NO, NOT FEDERALLY REPORTABLE",NO HIT AND RUN,TRAFFIC CONGESTION RELATED,"NO, SCHOOL BUS NOT INVOLVED",35.0,NOT REPORTED,NO,33898.0,2009,3,3,2,2,ALL CURBS (DIVIDED HIGHWAY),0,6,0,NO SHOULDER,22,BITUMINOUS CONCRETE ROAD,4,HARDENED BITUMINOUS MIX OR PENETRATION,2,2,18,RAISED MEDIAN,LARGE URBANIZED AREA,RURAL OR URBAN PRINCIPAL ARTERIAL,BOSTON (MA-NH-RI),MAINLINE ROADWAY,TWO-WAY TRAFFIC,NO ACCESS CONTROL,35.0,CENTRE STREET,WEST ROXBURY CENTRE STREET ROTARY,MURRAY CIRCLE,BOSTON,FAIR,LEVEL TERRAIN,ESTIMATE,8536,0,0,0,PRINCIPAL ARTERIAL - OTHER,1,NO,30.0,"DCC1:NO IMPROPER DRIVING, DCC2:NOT REPORTED",NOT DISTRACTED,MA,NO,NO,"NO, NOT FEDERALLY REPORTABLE",NOT REPORTED,SUSPECTED MINOR INJURY (B),COLLISION WITH MOTOR VEHICLE IN TRAFFIC,1,TRAVELLING STRAIGHT AHEAD,"LIGHT TRUCK(VAN, MINI-VAN, PICKUP, SPORT UTILITY)",MDA1:CENTER REAR,PLYMOUTH,MA,MA,PAN,SEQ1:COLLISION WITH MOTOR VEHICLE IN TRAFFIC,"YES, VEHICLE OR TRAILER DISABLED",NISS,ROGUE SELE,,WESTBOUND,6161220,CENTRE STREET,2024,7,22,Monday,True
2024,,5418136,BOSTON,07 22 2024,2024-07-22 08:39:00+00:00,OPEN,NON-FATAL INJURY,SUSPECTED MINOR INJURY (B),2,1,0,STATE POLICE,REAR-END,V1: TRAVELLING STRAIGHT AHEAD / V2: TRAVELLING STRAIGHT AHEAD,V1: W  / V2: W,V1:(COLLISION WITH MOTOR VEHICLE IN TRAFFIC) V2:(COLLISION WITH MOTOR VEHICLE IN TRAFFIC),DAYLIGHT,CLEAR,DRY,COLLISION WITH MOTOR VEHICLE IN TRAFFIC,V1:(COLLISION WITH MOTOR VEHICLE IN TRAFFIC) / V2:(COLLISION WITH MOTOR VEHICLE IN TRAFFIC),D1: (NO IMPROPER DRIVING)  / D2: (FOLLOWED TOO CLOSELY),"V1:(LIGHT TRUCK(VAN, MINI-VAN, PICKUP, SPORT UTILITY)) / V2:(LIGHT TRUCK(VAN, MINI-VAN, PICKUP, SPORT UTILITY))",7,VFW PARKWAY RTE,,,,NOT AT JUNCTION,NO CONTROLS,"TWO-WAY, DIVIDED, POSITIVE MEDIAN BARRIER",DEPARTMENT OF CONSERVATION AND RECREATION,ROADWAY,,YES,AT ADDRESS,230275.03225914,894122.79977876,42.29699871,-71.1328578,2024,D1: NOT DISTRACTED,6,MAPC,V1:(NO) / V2:(NO),"V1:(YES, VEHICLE OR TRAILER DISABLED) / V2:(YES, VEHICLE OR TRAILER DISABLED)",SUFFOLK,"V1:(NO, NOT FEDERALLY REPORTABLE) / V2:(NO, NOT FEDERALLY REPORTABLE)","NO, NOT FEDERALLY REPORTABLE",NO HIT AND RUN,TRAFFIC CONGESTION RELATED,"NO, SCHOOL BUS NOT INVOLVED",35.0,NOT REPORTED,NO,33898.0,2009,3,3,2,2,ALL CURBS (DIVIDED HIGHWAY),0,6,0,NO SHOULDER,22,BITUMINOUS CONCRETE ROAD,4,HARDENED BITUMINOUS MIX OR PENETRATION,2,2,18,RAISED MEDIAN,LARGE URBANIZED AREA,RURAL OR URBAN PRINCIPAL ARTERIAL,BOSTON (MA-NH-RI),MAINLINE ROADWAY,TWO-WAY TRAFFIC,NO ACCESS CONTROL,35.0,CENTRE STREET,WEST ROXBURY CENTRE STREET ROTARY,MURRAY CIRCLE,BOSTON,FAIR,LEVEL TERRAIN,ESTIMATE,8536,0,0,0,PRINCIPAL ARTERIAL - OTHER,2,NO,59.0,"DCC1:FOLLOWED TOO CLOSELY, DCC2:NOT REPORTED",NOT REPORTED,MA,NO,NO,"NO, NOT FEDERALLY REPORTABLE",NOT REPORTED,NO APPARENT INJURY (O),COLLISION WITH MOTOR VEHICLE IN TRAFFIC,1,TRAVELLING STRAIGHT AHEAD,"LIGHT TRUCK(VAN, MINI-VAN, PICKUP, SPORT UTILITY)",MDA1:RIGHT FRONT,BOSTON,MA,MA,PAN,SEQ1:COLLISION WITH MOTOR VEHICLE IN TRAFFIC,"YES, VEHICLE OR TRAILER DISABLED",NISS,FRONTI,,WESTBOUND,6161221,CENTRE STREET,2024,7,22,Monday,True
2024,,5418538,BOSTON,07 17 2024,2024-07-17 12:00:00+00:00,OPEN,PROPERTY DAMAGE ONLY (NONE INJURED),NO APPARENT INJURY (O),2,0,0,STATE POLICE,REAR-END,V1: TRAVELLING STRAIGHT AHEAD / V2: SLOWING OR STOPPED IN TRAFFIC,V1: W  / V2: W,V1:(COLLISION WITH MOTOR VEHICLE IN TRAFFIC) V2:(COLLISION WITH MOTOR VEHICLE IN TRAFFIC),DAYLIGHT,CLEAR,DRY,COLLISION WITH MOTOR VEHICLE IN TRAFFIC,V1:(COLLISION WITH MOTOR VEHICLE IN TRAFFIC) / V2:(COLLISION WITH MOTOR VEHICLE IN TRAFFIC),D1: (OTHER IMPROPER ACTION)  / D2: (NO IMPROPER DRIVING),"V1:(PASSENGER CAR) / V2:(LIGHT TRUCK(VAN, MINI-VAN, PICKUP, SPORT UTILITY))",,CENTRE STREET / ALLANDALE STREET,,,,NOT AT JUNCTION,TRAFFIC CONTROL SIGNAL,"TWO-WAY, DIVIDED, POSITIVE MEDIAN BARRIER",DEPARTMENT OF CONSERVATION AND RECREATION,ROADWAY,,YES,AT INTERSECTION,230689.4817,894469.7684,42.30010624,-71.12781351,2024,D1: NOT DISTRACTED / D2: NOT DISTRACTED,6,MAPC,V1:(NO) / V2:(NO),"V1:(YES, VEHICLE OR TRAILER DISABLED) / V2:(NO)",SUFFOLK,"V1:(NO, NOT FEDERALLY REPORTABLE) / V2:(NO, NOT FEDERALLY REPORTABLE)","NO, NOT FEDERALLY REPORTABLE",NO HIT AND RUN,,"NO, SCHOOL BUS NOT INVOLVED",35.0,"YES, DEVICE FUNCTIONING",NO,31806.0,2020,0.558,1463,0.155,350,ALL CURBS (DIVIDED HIGHWAY),0,8,0,NO SHOULDER,22,BITUMINOUS CONCRETE ROAD,0,NO SHOULDER,2,2,3,RAISED MEDIAN,LARGE URBANIZED AREA,RURAL OR URBAN PRINCIPAL ARTERIAL,BOSTON (MA-NH-RI),MAINLINE ROADWAY,TWO-WAY TRAFFIC,NO ACCESS CONTROL,35.0,CENTRE STREET,WEST ROXBURY CENTRE STREET ROTARY,MURRAY CIRCLE,BOSTON,FAIR,LEVEL TERRAIN,PULLED BACK FROM HPMS NETWORK ESTIMATION ROUTINE,,0,0,0,PRINCIPAL ARTERIAL - OTHER,1,NO,41.0,"DCC1:OTHER IMPROPER ACTION, DCC2:NOT REPORTED",NOT DISTRACTED,MA,NO,NO,"NO, NOT FEDERALLY REPORTABLE",NOT REPORTED,NO APPARENT INJURY (O),COLLISION WITH MOTOR VEHICLE IN TRAFFIC,1,TRAVELLING STRAIGHT AHEAD,PASSENGER CAR,MDA1:CENTER FRONT,BOSTON,MA,MA,PAN,SEQ1:COLLISION WITH MOTOR VEHICLE IN TRAFFIC,"YES, VEHICLE OR TRAILER DISABLED",TOYT,CAMRY,,WESTBOUND,6162191,CENTRE STREET,2024,7,17,Wednesday,False
2024,,5418538,BOSTON,07 17 2024,2024-07-17 12:00:00+00:00,OPEN,PROPERTY DAMAGE ONLY (NONE INJURED),NO APPARENT INJURY (O),2,0,0,STATE POLICE,REAR-END,V1: TRAVELLING STRAIGHT AHEAD / V2: SLOWING OR STOPPED IN TRAFFIC,V1: W  / V2: W,V1:(COLLISION WITH MOTOR VEHICLE IN TRAFFIC) V2:(COLLISION WITH MOTOR VEHICLE IN TRAFFIC),DAYLIGHT,CLEAR,DRY,COLLISION WITH MOTOR VEHICLE IN TRAFFIC,V1:(COLLISION WITH MOTOR VEHICLE IN TRAFFIC) / V2:(COLLISION WITH MOTOR VEHICLE IN TRAFFIC),D1: (OTHER IMPROPER ACTION)  / D2: (NO IMPROPER DRIVING),"V1:(PASSENGER CAR) / V2:(LIGHT TRUCK(VAN, MINI-VAN, PICKUP, SPORT UTILITY))",,CENTRE STREET / ALLANDALE STREET,,,,NOT AT JUNCTION,TRAFFIC CONTROL SIGNAL,"TWO-WAY, DIVIDED, POSITIVE MEDIAN BARRIER",DEPARTMENT OF CONSERVATION AND RECREATION,ROADWAY,,YES,AT INTERSECTION,230689.4817,894469.7684,42.30010624,-71.12781351,2024,D1: NOT DISTRACTED / D2: NOT DISTRACTED,6,MAPC,V1:(NO) / V2:(NO),"V1:(YES, VEHICLE OR TRAILER DISABLED) / V2:(NO)",SUFFOLK,"V1:(NO, NOT FEDERALLY REPORTABLE) / V2:(NO, NOT FEDERALLY REPORTABLE)","NO, NOT FEDERALLY REPORTABLE",NO HIT AND RUN,,"NO, SCHOOL BUS NOT INVOLVED",35.0,"YES, DEVICE FUNCTIONING",NO,31806.0,2020,0.558,1463,0.155,350,ALL CURBS (DIVIDED HIGHWAY),0,8,0,NO SHOULDER,22,BITUMINOUS CONCRETE ROAD,0,NO SHOULDER,2,2,3,RAISED MEDIAN,LARGE URBANIZED AREA,RURAL OR URBAN PRINCIPAL ARTERIAL,BOSTON (MA-NH-RI),MAINLINE ROADWAY,TWO-WAY TRAFFIC,NO ACCESS CONTROL,35.0,CENTRE STREET,WEST ROXBURY CENTRE STREET ROTARY,MURRAY CIRCLE,BOSTON,FAIR,LEVEL TERRAIN,PULLED BACK FROM HPMS NETWORK ESTIMATION ROUTINE,,0,0,0,PRINCIPAL ARTERIAL - OTHER,2,NO,73.0,"DCC1:NO IMPROPER DRIVING, DCC2:NOT REPORTED",NOT DISTRACTED,NH,NO,NO,"NO, NOT FEDERALLY REPORTABLE",NOT REPORTED,NO APPARENT INJURY (O),COLLISION WITH MOTOR VEHICLE IN TRAFFIC,1,SLOWING OR STOPPED IN TRAFFIC,"LIGHT TRUCK(VAN, MINI-VAN, PICKUP, SPORT UTILITY)",MDA1:CENTER REAR,CENTER BARNSTEAD,NH,NH,PAN,SEQ1:COLLISION WITH MOTOR VEHICLE IN TRAFFIC,NO,CHEVROLET,,,WESTBOUND,6162192,CENTRE STREET,2024,7,17,Wednesday,False
2024,,5422953,BOSTON,08 01 2024,2024-08-01 12:04:00+00:00,OPEN,NON-FATAL INJURY,SUSPECTED MINOR INJURY (B),4,1,0,MBTA POLICE,"SIDESWIPE, SAME DIRECTION",V1: SLOWING OR STOPPED IN TRAFFIC / V2: CHANGING LANES / V3: PARKED / V4: TRAVELLING STRAIGHT AHEAD,V1: E  / V2: E  / V3: E  / V4: E,"V1:(COLLISION WITH MOTOR VEHICLE IN TRAFFIC) V2:(COLLISION WITH MOTOR VEHICLE IN TRAFFIC),(COLLISION WITH PARKED MOTOR VEHICLE) V3:(COLLISION WITH MOTOR VEHICLE IN TRAFFIC) V4:(COLLISION WITH MOTOR VEHICLE IN TRAFFIC),(COLLISION WITH PARKED MOTOR VEHICLE)",DAYLIGHT,CLEAR,DRY,COLLISION WITH MOTOR VEHICLE IN TRAFFIC,V1:(COLLISION WITH MOTOR VEHICLE IN TRAFFIC) / V2:(COLLISION WITH MOTOR VEHICLE IN TRAFFIC) / V3:(COLLISION WITH MOTOR VEHICLE IN TRAFFIC) / V4:(COLLISION WITH PARKED MOTOR VEHICLE),D1: (NO IMPROPER DRIVING)  / D2: (FAILURE TO KEEP IN PROPER LANE OR RUNNING OFF ROAD)  / D4: (NO IMPROPER DRIVING),"V1:(PASSENGER CAR) / V2:(PASSENGER CAR) / V3:(BUS (SEATS FOR 16 OR MORE, INCLUDING DRIVER)) / V4:(PASSENGER CAR)",3699,WASHINGTON STREET RTE 203 E,100 FEET W  OF,WASHINGTON STREET RTE,,NOT AT JUNCTION,NO CONTROLS,"TWO-WAY, DIVIDED, POSITIVE MEDIAN BARRIER",CITY OR TOWN ACCEPTED ROAD,ROADWAY,,YES,AT ADDRESS,231915.54707144,894555.17042059,42.30082597,-71.11293991,2024,D1: NOT DISTRACTED / D4: NOT DISTRACTED,6,MAPC,V1:(NO) / V2:(NO) / V3:(NO) / V4:(NO),"V1:(NO) / V2:(YES, VEHICLE OR TRAILER DISABLED) / V3:(NO) / V4:(NO)",SUFFOLK,"V1:(NO, NOT FEDERALLY REPORTABLE) / V2:(NO, NOT FEDERALLY REPORTABLE) / V3:(YES, FEDERALLY REPORTABLE) / V4:(NO, NOT FEDERALLY REPORTABLE)","YES, FEDERALLY REPORTABLE",NO HIT AND RUN,,"NO, SCHOOL BUS NOT INVOLVED",25.0,NOT REPORTED,NO,11864.0,2020,0.33,462,0.105,130,BOTH SIDES,10,10,0,NO SHOULDER,40,BITUMINOUS CONCRETE ROAD,0,NO SHOULDER,4,0,0,,LARGE URBANIZED AREA,RURAL MINOR ARTERIAL OR URBAN PRINCIPAL ARTERIAL,BOSTON (MA-NH-RI),MAINLINE ROADWAY,TWO-WAY TRAFFIC,NO ACCESS CONTROL,30.0,WASHINGTON STREET,HYDE PARK AVENUE,DEVONSHIRE PLACE,BOSTON,GOOD,LEVEL TERRAIN,GROWN FROM PRIOR YEAR HPMS NETWORK,,30,0,0,PRINCIPAL ARTERIAL - OTHER,1,NO,79.0,"DCC1:NO IMPROPER DRIVING, DCC2:NOT REPORTED",NOT DISTRACTED,MA,NO,NO,"NO, NOT FEDERALLY REPORTABLE",NOT REPORTED,NO APPARENT INJURY (O),COLLISION WITH MOTOR VEHICLE IN TRAFFIC,2,SLOWING OR STOPPED IN TRAFFIC,PASSENGER CAR,MDA1:RIGHT REAR,BROOKLINE,MA,MA,PAN,SEQ1:COLLISION WITH MOTOR VEHICLE IN TRAFFIC,NO,MAZD,CX3,V2: (89 4A),EASTBOUND,6172464,WASHINGTON STREET,2024,8,1,Thursday,True
2024,,5422953,BOSTON,08 01 2024,2024-08-01 12:04:00+00:00,OPEN,NON-FATAL INJURY,SUSPECTED MINOR INJURY (B),4,1,0,MBTA POLICE,"SIDESWIPE, SAME DIRECTION",V1: SLOWING OR STOPPED IN TRAFFIC / V2: CHANGING LANES / V3: PARKED / V4: TRAVELLING STRAIGHT AHEAD,V1: E  / V2: E  / V3: E  / V4: E,"V1:(COLLISION WITH MOTOR VEHICLE IN TRAFFIC) V2:(COLLISION WITH MOTOR VEHICLE IN TRAFFIC),(COLLISION WITH PARKED MOTOR VEHICLE) V3:(COLLISION WITH MOTOR VEHICLE IN TRAFFIC) V4:(COLLISION WITH MOTOR VEHICLE IN TRAFFIC),(COLLISION WITH PARKED MOTOR VEHICLE)",DAYLIGHT,CLEAR,DRY,COLLISION WITH MOTOR VEHICLE IN TRAFFIC,V1:(COLLISION WITH MOTOR VEHICLE IN TRAFFIC) / V2:(COLLISION WITH MOTOR VEHICLE IN TRAFFIC) / V3:(COLLISION WITH MOTOR VEHICLE IN TRAFFIC) / V4:(COLLISION WITH PARKED MOTOR VEHICLE),D1: (NO IMPROPER DRIVING)  / D2: (FAILURE TO KEEP IN PROPER LANE OR RUNNING OFF ROAD)  / D4: (NO IMPROPER DRIVING),"V1:(PASSENGER CAR) / V2:(PASSENGER CAR) / V3:(BUS (SEATS FOR 16 OR MORE, INCLUDING DRIVER)) / V4:(PASSENGER CAR)",3699,WASHINGTON STREET RTE 203 E,100 FEET W  OF,WASHINGTON STREET RTE,,NOT AT JUNCTION,NO CONTROLS,"TWO-WAY, DIVIDED, POSITIVE MEDIAN BARRIER",CITY OR TOWN ACCEPTED ROAD,ROADWAY,,YES,AT ADDRESS,231915.54707144,894555.17042059,42.30082597,-71.11293991,2024,D1: NOT DISTRACTED / D4: NOT DISTRACTED,6,MAPC,V1:(NO) / V2:(NO) / V3:(NO) / V4:(NO),"V1:(NO) / V2:(YES, VEHICLE OR TRAILER DISABLED) / V3:(NO) / V4:(NO)",SUFFOLK,"V1:(NO, NOT FEDERALLY REPORTABLE) / V2:(NO, NOT FEDERALLY REPORTABLE) / V3:(YES, FEDERALLY REPORTABLE) / V4:(NO, NOT FEDERALLY REPORTABLE)","YES, FEDERALLY REPORTABLE",NO HIT AND RUN,,"NO, SCHOOL BUS NOT INVOLVED",25.0,NOT REPORTED,NO,11864.0,2020,0.33,462,0.105,130,BOTH SIDES,10,10,0,NO SHOULDER,40,BITUMINOUS CONCRETE ROAD,0,NO SHOULDER,4,0,0,,LARGE URBANIZED AREA,RURAL MINOR ARTERIAL OR URBAN PRINCIPAL ARTERIAL,BOSTON (MA-NH-RI),MAINLINE ROADWAY,TWO-WAY TRAFFIC,NO ACCESS CONTROL,30.0,WASHINGTON STREET,HYDE PARK AVENUE,DEVONSHIRE PLACE,BOSTON,GOOD,LEVEL TERRAIN,GROWN FROM PRIOR YEAR HPMS NETWORK,,30,0,0,PRINCIPAL ARTERIAL - OTHER,2,NO,23.0,"DCC1:FAILURE TO KEEP IN PROPER LANE OR RUNNING OFF ROAD, DCC2:NOT REPORTED",,MA,NO,NO,"NO, NOT FEDERALLY REPORTABLE",NOT REPORTED,SUSPECTED MINOR INJURY (B),COLLISION WITH MOTOR VEHICLE IN TRAFFIC,1,CHANGING LANES,PASSENGER CAR,"MDA1:RIGHT FRONT, MDA2:LEFT FRONT",BOSTON,MA,MA,PAN,"SEQ1:COLLISION WITH MOTOR VEHICLE IN TRAFFIC, SEQ2:COLLISION WITH PARKED MOTOR VEHICLE","YES, VEHICLE OR TRAILER DISABLED",HOND,ACCORD,V2: (89 4A),EASTBOUND,6172465,WASHINGTON STREET,2024,8,1,Thursday,True