SOURCE_YEAR,OBJECTID,CRASH_NUMB,CITY_TOWN_NAME,CRASH_DATE_TEXT,CRASH_DATETIME,CRASH_STATUS,CRASH_SEVERITY_DESCR,MAX_INJR_SVRTY_CL,NUMB_VEHC,NUMB_NONFATAL_INJR,NUMB_FATAL_INJR,POLC_AGNCY_TYPE_DESCR,MANR_COLL_DESCR,VEHC_MNVR_ACTN_CL,VEHC_TRVL_DIRC_CL,VEHC_SEQ_EVENTS_CL,AMBNT_LIGHT_DESCR,WEATH_COND_DESCR,ROAD_SURF_COND_DESCR,FIRST_HRMF_EVENT_DESCR,MOST_HRMFL_EVT_CL,DRVR_CNTRB_CIRC_CL,VEHC_CONFIG_CL,STREET_NUMB,RDWY,DIST_DIRC_FROM_INT,NEAR_INT_RDWY,LANDMARK,RDWY_JNCT_TYPE_DESCR,TRAF_CNTRL_DEVC_TYPE_DESCR,TRAFY_DESCR_DESCR,JURISDICTN,FIRST_HRMF_EVENT_LOC_DESCR,NON_MTRST_TYPE_CL,IS_GEOCODED,GEOCODING_METHOD_NAME,X,Y,LAT,LON,YEAR,DRVR_DISTRACTED_CL,DISTRICT_NUM,RPA_ABBR,VEHC_EMER_USE_CL,VEHC_TOWED_FROM_SCENE_CL,CNTY_NAME,FMCSA_RPTBL_CL,FMCSA_RPTBL,HIT_RUN_DESCR,ROAD_CNTRB_DESCR,SCHL_BUS_RELD_DESCR,SPEED_LIMIT,TRAF_CNTRL_DEVC_FUNC_DESCR,WORK_ZONE_RELD_DESCR,AADT,AADT_YEAR,PK_PCT_SUT,AV_PCT_SUT,PK_PCT_CT,AV_PCT_CT,CURB,LT_SIDEWLK,RT_SIDEWLK,SHLDR_LT_W,SHLDR_LT_T,SURFACE_WD,SURFACE_TP,SHLDR_RT_W,SHLDR_RT_T,NUM_LANES,OPP_LANES,MED_WIDTH,MED_TYPE,URBAN_TYPE,F_CLASS,URBAN_AREA,FACILITY,OPERATION,CONTROL,SPEED_LIM,STREETNAME,FROMSTREETNAME,TOSTREETNAME,CITY,STRUCT_CND,TERRAIN,AADT_DERIV,STATN_NUM,OP_DIR_SL,SHLDR_UL_T,SHLDR_UL_W,F_F_CLASS,VEHC_UNIT_NUMB,ALC_SUSPD_TYPE_DESCR,DRIVER_AGE,DRVR_CNTRB_CIRC_DESCR,DRIVER_DISTRACTED_TYPE_DESCR,DRVR_LCN_STATE,DRUG_SUSPD_TYPE_DESCR,EMERGENCY_USE_DESC,FMCSA_RPTBL_VL,HAZ_MAT_PLACARD_DESCR,MAX_INJR_SVRTY_VL,MOST_HRMF_EVENT,TOTAL_OCCPT_IN_VEHC,VEHC_MANR_ACT_DESCR,VEHC_CONFG_DESCR,VEHC_MOST_DMGD_AREA,OWNER_ADDR_CITY_TOWN,OWNER_ADDR_STATE,VEHC_REG_STATE,VEHC_REG_TYPE_CODE,VEHC_SEQ_EVENTS,VEHC_TOWED_FROM_SCENE,VEHICLE_MAKE_DESCR,VEHICLE_MODEL_DESCR,DRIVER_VIOLATION_CL,TRVL_DIRC_DESCR,OBJECTID_1,TARGET_STREET,CRASH_YEAR,CRASH_MONTH,CRASH_DAY,CRASH_WEEKDAY,HAS_INJURY
2024,,5422953,BOSTON,08 01 2024,2024-08-01 12:04:00+00:00,OPEN,NON-FATAL INJURY,SUSPECTED MINOR INJURY (B),4,1,0,MBTA POLICE,"SIDESWIPE, SAME DIRECTION",V1: SLOWING OR STOPPED IN TRAFFIC / V2: CHANGING LANES / V3: PARKED / V4: TRAVELLING STRAIGHT AHEAD,V1: E  / V2: E  / V3: E  / V4: E,"V1:(COLLISION WITH MOTOR VEHICLE IN TRAFFIC) V2:(COLLISION WITH MOTOR VEHICLE IN TRAFFIC),(COLLISION WITH PARKED MOTOR VEHICLE) V3:(COLLISION WITH MOTOR VEHICLE IN TRAFFIC) V4:(COLLISION WITH MOTOR VEHICLE IN TRAFFIC),(COLLISION WITH PARKED MOTOR VEHICLE)",DAYLIGHT,CLEAR,DRY,COLLISION WITH MOTOR VEHICLE IN TRAFFIC,V1:(COLLISION WITH MOTOR VEHICLE IN TRAFFIC) / V2:(COLLISION WITH MOTOR VEHICLE IN TRAFFIC) / V3:(COLLISION WITH MOTOR VEHICLE IN TRAFFIC) / V4:(COLLISION WITH PARKED MOTOR VEHICLE),D1: (NO IMPROPER DRIVING)  / D2: (FAILURE TO KEEP IN PROPER LANE OR RUNNING OFF ROAD)  / D4: (NO IMPROPER DRIVING),"V1:(PASSENGER CAR) / V2:(PASSENGER CAR) / V3:(BUS (SEATS FOR 16 OR MORE, INCLUDING DRIVER)) / V4:(PASSENGER CAR)",3699,WASHINGTON STREET RTE 203 E,100 FEET W  OF,WASHINGTON STREET RTE,,NOT AT JUNCTION,NO CONTROLS,"TWO-WAY, DIVIDED, POSITIVE MEDIAN BARRIER",CITY OR TOWN ACCEPTED ROAD,ROADWAY,,YES,AT ADDRESS,231915.54707144,894555.17042059,42.30082597,-71.11293991,2024,D1: NOT DISTRACTED / D4: NOT DISTRACTED,6,MAPC,V1:(NO) / V2:(NO) / V3:(NO) / V4:(NO),"V1:(NO) / V2:(YES, VEHICLE OR TRAILER DISABLED) / V3:(NO) / V4:(NO)",SUFFOLK,"V1:(NO, NOT FEDERALLY REPORTABLE) / V2:(NO, NOT FEDERALLY REPORTABLE) / V3:(YES, FEDERALLY REPORTABLE) / V4:(NO, NOT FEDERALLY REPORTABLE)","YES, FEDERALLY REPORTABLE",NO HIT AND RUN,,"NO, SCHOOL BUS NOT INVOLVED",25.0,NOT REPORTED,NO,11864.0,2020,0.33,462,0.105,130,BOTH SIDES,10,10,0,NO SHOULDER,40,BITUMINOUS CONCRETE ROAD,0,NO SHOULDER,4,0,0,,LARGE URBANIZED AREA,RURAL MINOR ARTERIAL OR URBAN PRINCIPAL ARTERIAL,BOSTON (MA-NH-RI),MAINLINE ROADWAY,TWO-WAY TRAFFIC,NO ACCESS CONTROL,30.0,WASHINGTON STREET,HYDE PARK AVENUE,DEVONSHIRE PLACE,BOSTON,GOOD,LEVEL TERRAIN,GROWN FROM PRIOR YEAR HPMS NETWORK,,30,0,0,PRINCIPAL ARTERIAL - OTHER,3,NOT REPORTED,,DCC1:NOT REPORTED,NOT REPORTED,MA,NOT REPORTED,NO,"YES, FEDERALLY REPORTABLE",NO,NO APPARENT INJURY (O),COLLISION WITH MOTOR VEHICLE IN TRAFFIC,2,PARKED,"BUS (SEATS FOR 16 OR MORE, INCLUDING DRIVER)",MDA1:LEFT FRONT,BOSTON,MA,MA,ATN,SEQ1:COLLISION WITH MOTOR VEHICLE IN TRAFFIC,NO,NFLY,DE60LF,V2: (89 4A),EASTBOUND,6172466,WASHINGTON STREET,2024,8,1,Thursday,True
2024,,5422953,BOSTON,08 01 2024,2024-08-01 12:04:00+00:00,OPEN,NON-FATAL INJURY,SUSPECTED MINOR INJURY (B),4,1,0,MBTA POLICE,"SIDESWIPE, SAME DIRECTION",V1: SLOWING OR STOPPED IN TRAFFIC / V2: CHANGING LANES / V3: PARKED / V4: TRAVELLING STRAIGHT AHEAD,V1: E  / V2: E  / V3: E  / V4: E,"V1:(COLLISION WITH MOTOR VEHICLE IN TRAFFIC) V2:(COLLISION WITH MOTOR VEHICLE IN TRAFFIC),(COLLISION WITH PARKED MOTOR VEHICLE) V3:(COLLISION WITH MOTOR VEHICLE IN TRAFFIC) V4:(COLLISION WITH MOTOR VEHICLE IN TRAFFIC),(COLLISION WITH PARKED MOTOR VEHICLE)",DAYLIGHT,CLEAR,DRY,COLLISION WITH MOTOR VEHICLE IN TRAFFIC,V1:(COLLISION WITH MOTOR VEHICLE IN TRAFFIC) / V2:(COLLISION WITH MOTOR VEHICLE IN TRAFFIC) / V3:(COLLISION WITH MOTOR VEHICLE IN TRAFFIC) / V4:(COLLISION WITH PARKED MOTOR VEHICLE),D1: (NO IMPROPER DRIVING)  / D2: (FAILURE TO KEEP IN PROPER LANE OR RUNNING OFF ROAD)  / D4: (NO IMPROPER DRIVING),"V1:(PASSENGER CAR) / V2:(PASSENGER CAR) / V3:(BUS (SEATS FOR 16 OR MORE, INCLUDING DRIVER)) / V4:(PASSENGER CAR)",3699,WASHINGTON STREET RTE 203 E,100 FEET W  OF,WASHINGTON STREET RTE,,NOT AT JUNCTION,NO CONTROLS,"TWO-WAY, DIVIDED, POSITIVE MEDIAN BARRIER",CITY OR TOWN ACCEPTED ROAD,ROADWAY,,YES,AT ADDRESS,231915.54707144,894555.17042059,42.30082597,-71.11293991,2024,D1: NOT DISTRACTED / D4: NOT DISTRACTED,6,MAPC,V1:(NO) / V2:(NO) / V3:(NO) / V4:(NO),"V1:(NO) / V2:(YES, VEHICLE OR TRAILER DISABLED) / V3:(NO) / V4:(NO)",SUFFOLK,"V1:(NO, NOT FEDERALLY REPORTABLE) / V2:(NO, NOT FEDERALLY REPORTABLE) / V3:(YES, FEDERALLY REPORTABLE) / V4:(NO, NOT FEDERALLY REPORTABLE)","YES, FEDERALLY REPORTABLE",NO HIT AND RUN,,"NO, SCHOOL BUS NOT INVOLVED",25.0,NOT REPORTED,NO,11864.0,2020,0.33,462,0.105,130,BOTH SIDES,10,10,0,NO SHOULDER,40,BITUMINOUS CONCRETE ROAD,0,NO SHOULDER,4,0,0,,LARGE URBANIZED AREA,RURAL MINOR ARTERIAL OR URBAN PRINCIPAL ARTERIAL,BOSTON (MA-NH-RI),MAINLINE ROADWAY,TWO-WAY TRAFFIC,NO ACCESS CONTROL,30.0,WASHINGTON STREET,HYDE PARK AVENUE,DEVONSHIRE PLACE,BOSTON,GOOD,LEVEL TERRAIN,GROWN FROM PRIOR YEAR HPMS NETWORK,,30,0,0,PRINCIPAL ARTERIAL - OTHER,4,NO,41.0,"DCC1:NO IMPROPER DRIVING, DCC2:NOT REPORTED",NOT DISTRACTED,MA,NO,NO,"NO, NOT FEDERALLY REPORTABLE",NOT REPORTED,NO APPARENT INJURY (O),COLLISION WITH PARKED MOTOR VEHICLE,1,TRAVELLING STRAIGHT AHEAD,PASSENGER CAR,"MDA1:RIGHT FRONT, MDA2:LEFT FRONT, MDA3:TOTAL (ALL AREAS)",QUINCY,MA,MA,PAN,"SEQ1:COLLISION WITH MOTOR VEHICLE IN TRAFFIC, SEQ2:COLLISION WITH PARKED MOTOR VEHICLE",NO,MAZD,CX-5,V2: (89 4A),EASTBOUND,6172467,WASHINGTON STREET,2024,8,1,Thursday,True
2024,,5423368,BOSTON,08 02 2024,2024-08-02 23:00:00+00:00,OPEN,PROPERTY DAMAGE ONLY (NONE INJURED),NO APPARENT INJURY (O),2,0,0,STATE POLICE,ANGLE,V1: TURNING LEFT / V2: TRAVELLING STRAIGHT AHEAD,V1: N  / V2: S,"V1:(COLLISION WITH MOTOR VEHICLE IN TRAFFIC),(COLLISION WITH CURB),(COLLISION WITH HIGHWAY TRAFFIC SIGN POST) V2:(COLLISION WITH MOTOR VEHICLE IN TRAFFIC)",DARK - LIGHTED ROADWAY,CLEAR,DRY,COLLISION WITH MOTOR VEHICLE IN TRAFFIC,V1:(COLLISION WITH MOTOR VEHICLE IN TRAFFIC) / V2:(COLLISION WITH MOTOR VEHICLE IN TRAFFIC),"D1: (NO IMPROPER DRIVING),(NO IMPROPER DRIVING)  / D2: (NO IMPROPER DRIVING),(NO IMPROPER DRIVING)",V1:(PASSENGER CAR) / V2:(PASSENGER CAR),,WASHINGTON STREET / ARBORWAY RTE SR203 W,,,,FOUR-WAY INTERSECTION,TRAFFIC CONTROL SIGNAL,"TWO-WAY, DIVIDED, POSITIVE MEDIAN BARRIER",CITY OR TOWN ACCEPTED ROAD,ROADWAY,,YES,OPERATOR DESIGNATED,231961.7552,894630.6744,42.30150383,-71.11237536,2024,D1: NOT DISTRACTED / D2: NOT DISTRACTED,6,MAPC,V1:(NO) / V2:(NO),"V1:(YES, VEHICLE OR TRAILER DISABLED) / V2:(YES, VEHICLE OR TRAILER DISABLED)",SUFFOLK,"V1:(NO, NOT FEDERALLY REPORTABLE) / V2:(NO, NOT FEDERALLY REPORTABLE)","NO, NOT FEDERALLY REPORTABLE",NO HIT AND RUN,,"NO, SCHOOL BUS NOT INVOLVED",25.0,"YES, DEVICE FUNCTIONING",NO,27562.0,2020,,,,,BOTH SIDES,10,10,0,NO SHOULDER,40,BITUMINOUS CONCRETE ROAD,0,NO SHOULDER,4,0,0,,LARGE URBANIZED AREA,RURAL MINOR ARTERIAL OR URBAN PRINCIPAL ARTERIAL,BOSTON (MA-NH-RI),MAINLINE ROADWAY,TWO-WAY TRAFFIC,NO ACCESS CONTROL,25.0,WASHINGTON STREET,HYDE PARK AVENUE,DEVONSHIRE PLACE,BOSTON,FAIR,LEVEL TERRAIN,PULLED BACK FROM HPMS NETWORK ESTIMATION ROUTINE,,30,0,0,PRINCIPAL ARTERIAL - OTHER,1,NO,37.0,DCC1:NO IMPROPER DRIVING,NOT DISTRACTED,MA,NO,NO,"NO, NOT FEDERALLY REPORTABLE",NOT REPORTED,NO APPARENT INJURY (O),COLLISION WITH MOTOR VEHICLE IN TRAFFIC,1,TURNING LEFT,PASSENGER CAR,"MDA1:CENTER FRONT, MDA2:RIGHT FRONT",SOMERVILLE,MA,MA,PAN,"SEQ1:COLLISION WITH MOTOR VEHICLE IN TRAFFIC, SEQ2:COLLISION WITH CURB,SEQ3:COLLISION WITH HIGHWAY TRAFFIC SIGN POST","YES, VEHICLE OR TRAILER DISABLED",TOYT,COROLLA,,NORTHBOUND,6173090,WASHINGTON STREET,2024,8,2,Friday,False
2024,,5423368,BOSTON,08 02 2024,2024-08-02 23:00:00+00:00,OPEN,PROPERTY DAMAGE ONLY (NONE INJURED),NO APPARENT INJURY (O),2,0,0,STATE POLICE,ANGLE,V1: TURNING LEFT / V2: TRAVELLING STRAIGHT AHEAD,V1: N  / V2: S,"V1:(COLLISION WITH MOTOR VEHICLE IN TRAFFIC),(COLLISION WITH CURB),(COLLISION WITH HIGHWAY TRAFFIC SIGN POST) V2:(COLLISION WITH MOTOR VEHICLE IN TRAFFIC)",DARK - LIGHTED ROADWAY,CLEAR,DRY,COLLISION WITH MOTOR VEHICLE IN TRAFFIC,V1:(COLLISION WITH MOTOR VEHICLE IN TRAFFIC) / V2:(COLLISION WITH MOTOR VEHICLE IN TRAFFIC),"D1: (NO IMPROPER DRIVING),(NO IMPROPER DRIVING)  / D2: (NO IMPROPER DRIVING),(NO IMPROPER DRIVING)",V1:(PASSENGER CAR) / V2:(PASSENGER CAR),,WASHINGTON STREET / ARBORWAY RTE SR203 W,,,,FOUR-WAY INTERSECTION,TRAFFIC CONTROL SIGNAL,"TWO-WAY, DIVIDED, POSITIVE MEDIAN BARRIER",CITY OR TOWN ACCEPTED ROAD,ROADWAY,,YES,OPERATOR DESIGNATED,231961.7552,894630.6744,42.30150383,-71.11237536,2024,D1: NOT DISTRACTED / D2: NOT DISTRACTED,6,MAPC,V1:(NO) / V2:(NO),"V1:(YES, VEHICLE OR TRAILER DISABLED) / V2:(YES, VEHICLE OR TRAILER DISABLED)",SUFFOLK,"V1:(NO, NOT FEDERALLY REPORTABLE) / V2:(NO, NOT FEDERALLY REPORTABLE)","NO, NOT FEDERALLY REPORTABLE",NO HIT AND RUN,,"NO, SCHOOL BUS NOT INVOLVED",25.0,"YES, DEVICE FUNCTIONING",NO,27562.0,2020,,,,,BOTH SIDES,10,10,0,NO SHOULDER,40,BITUMINOUS CONCRETE ROAD,0,NO SHOULDER,4,0,0,,LARGE URBANIZED AREA,RURAL MINOR ARTERIAL OR URBAN PRINCIPAL ARTERIAL,BOSTON (MA-NH-RI),MAINLINE ROADWAY,TWO-WAY TRAFFIC,NO ACCESS CONTROL,25.0,WASHINGTON STREET,HYDE PARK AVENUE,DEVONSHIRE PLACE,BOSTON,FAIR,LEVEL TERRAIN,PULLED BACK FROM HPMS NETWORK ESTIMATION ROUTINE,,30,0,0,PRINCIPAL ARTERIAL - OTHER,2,NO,35.0,DCC1:NO IMPROPER DRIVING,NOT DISTRACTED,MA,NO,NO,"NO, NOT FEDERALLY REPORTABLE",NOT REPORTED,NO APPARENT INJURY (O),COLLISION WITH MOTOR VEHICLE IN TRAFFIC,1,TRAVELLING STRAIGHT AHEAD,PASSENGER CAR,"MDA1:CENTER FRONT, MDA2:LEFT FRONT",PALO ALTO,CA,MA,PAS,SEQ1:COLLISION WITH MOTOR VEHICLE IN TRAFFIC,"YES, VEHICLE OR TRAILER DISABLED",TESL,MODEL 3,,SOUTHBOUND,6173091,WASHINGTON STREET,2024,8,2,Friday,False
2024,,5423856,BOSTON,07 26 2024,2024-07-26 14:49:00+00:00,OPEN,PROPERTY DAMAGE ONLY (NONE INJURED),NO APPARENT INJURY (O),2,0,0,STATE POLICE,HEAD-ON,V1: TRAVELLING STRAIGHT AHEAD / V2: TRAVELLING STRAIGHT AHEAD,V1: S  / V2: N,V1:(COLLISION WITH MOTOR VEHICLE IN TRAFFIC) V2:(COLLISION WITH MOTOR VEHICLE IN TRAFFIC),DAYLIGHT,CLEAR,DRY,COLLISION WITH MOTOR VEHICLE IN TRAFFIC,V1:(COLLISION WITH MOTOR VEHICLE IN TRAFFIC) / V2:(COLLISION WITH MOTOR VEHICLE IN TRAFFIC),"D1: (FAILED TO YIELD RIGHT OF WAY),(NO IMPROPER DRIVING)  / D2: (NO IMPROPER DRIVING),(NO IMPROPER DRIVING)","V1:(LIGHT TRUCK(VAN, MINI-VAN, PICKUP, SPORT UTILITY)) / V2:(PASSENGER CAR)",,CENTRE STREET RTE    / WALTER STREET RTE,,,,Y-INTERSECTION,NO CONTROLS,"TWO-WAY, DIVIDED, UNPROTECTED MEDIAN",DEPARTMENT OF CONSERVATION AND RECREATION,ROADWAY,,YES,AT INTERSECTION,230518.3708,894246.2134,42.29810032,-71.1299004,2024,D1: NOT DISTRACTED / D2: NOT DISTRACTED,6,MAPC,V1:(NO) / V2:(NO),"V1:(NO) / V2:(YES, OTHER REASON NOT DISABLED)",SUFFOLK,"V1:(NO, NOT FEDERALLY REPORTABLE) / V2:(NO, NOT FEDERALLY REPORTABLE)","NO, NOT FEDERALLY REPORTABLE",NO HIT AND RUN,,"NO, SCHOOL BUS NOT INVOLVED",35.0,"YES, DEVICE FUNCTIONING",NO,31806.0,2020,0.558,1463,0.155,350,ALL CURBS (DIVIDED HIGHWAY),0,8,0,NO SHOULDER,22,BITUMINOUS CONCRETE ROAD,0,NO SHOULDER,2,2,3,RAISED MEDIAN,LARGE URBANIZED AREA,RURAL OR URBAN PRINCIPAL ARTERIAL,BOSTON (MA-NH-RI),MAINLINE ROADWAY,TWO-WAY TRAFFIC,NO ACCESS CONTROL,35.0,CENTRE STREET,WEST ROXBURY CENTRE STREET ROTARY,MURRAY CIRCLE,BOSTON,FAIR,LEVEL TERRAIN,PULLED BACK FROM HPMS NETWORK ESTIMATION ROUTINE,,0,0,0,PRINCIPAL ARTERIAL - OTHER,1,NO,31.0,"DCC1:FAILED TO YIELD RIGHT OF WAY, DCC2:NO IMPROPER DRIVING",NOT DISTRACTED,MA,NO,NO,"NO, NOT FEDERALLY REPORTABLE",NOT REPORTED,NO APPARENT INJURY (O),COLLISION WITH MOTOR VEHICLE IN TRAFFIC,1,TRAVELLING STRAIGHT AHEAD,"LIGHT TRUCK(VAN, MINI-VAN, PICKUP, SPORT UTILITY)",MDA1:NONE,HYDE PARK,MA,MA,PAN,SEQ1:COLLISION WITH MOTOR VEHICLE IN TRAFFIC,NO,TOYT,RAV4,,SOUTHBOUND,6174900,CENTRE STREET,2024,7,26,Friday,False
2024,,5423856,BOSTON,07 26 2024,2024-07-26 14:49:00+00:00,OPEN,PROPERTY DAMAGE ONLY (NONE INJURED),NO APPARENT INJURY (O),2,0,0,STATE POLICE,HEAD-ON,V1: TRAVELLING STRAIGHT AHEAD / V2: TRAVELLING STRAIGHT AHEAD,V1: S  / V2: N,V1:(COLLISION WITH MOTOR VEHICLE IN TRAFFIC) V2:(COLLISION WITH MOTOR VEHICLE IN TRAFFIC),DAYLIGHT,CLEAR,DRY,COLLISION WITH MOTOR VEHICLE IN TRAFFIC,V1:(COLLISION WITH MOTOR VEHICLE IN TRAFFIC) / V2:(COLLISION WITH MOTOR VEHICLE IN TRAFFIC),"D1: (FAILED TO YIELD RIGHT OF WAY),(NO IMPROPER DRIVING)  / D2: (NO IMPROPER DRIVING),(NO IMPROPER DRIVING)","V1:(LIGHT TRUCK(VAN, MINI-VAN, PICKUP, SPORT UTILITY)) / V2:(PASSENGER CAR)",,CENTRE STREET RTE    / WALTER STREET RTE,,,,Y-INTERSECTION,NO CONTROLS,"TWO-WAY, DIVIDED, UNPROTECTED MEDIAN",DEPARTMENT OF CONSERVATION AND RECREATION,ROADWAY,,YES,AT INTERSECTION,230518.3708,894246.2134,42.29810032,-71.1299004,2024,D1: NOT DISTRACTED / D2: NOT DISTRACTED,6,MAPC,V1:(NO) / V2:(NO),"V1:(NO) / V2:(YES, OTHER REASON NOT DISABLED)",SUFFOLK,"V1:(NO, NOT FEDERALLY REPORTABLE) / V2:(NO, NOT FEDERALLY REPORTABLE)","NO, NOT FEDERALLY REPORTABLE",NO HIT AND RUN,,"NO, SCHOOL BUS NOT INVOLVED",35.0,"YES, DEVICE FUNCTIONING",NO,31806.0,2020,0.558,1463,0.155,350,ALL CURBS (DIVIDED HIGHWAY),0,8,0,NO SHOULDER,22,BITUMINOUS CONCRETE ROAD,0,NO SHOULDER,2,2,3,RAISED MEDIAN,LARGE URBANIZED AREA,RURAL OR URBAN PRINCIPAL ARTERIAL,BOSTON (MA-NH-RI),MAINLINE ROADWAY,TWO-WAY TRAFFIC,NO ACCESS CONTROL,35.0,CENTRE STREET,WEST ROXBURY CENTRE STREET ROTARY,MURRAY CIRCLE,BOSTON,FAIR,LEVEL TERRAIN,PULLED BACK FROM HPMS NETWORK ESTIMATION ROUTINE,,0,0,0,PRINCIPAL ARTERIAL - OTHER,2,NO,79.0,DCC1:NO IMPROPER DRIVING,NOT DISTRACTED,MA,NO,NO,"NO, NOT FEDERALLY REPORTABLE",NOT REPORTED,NO APPARENT INJURY (O),COLLISION WITH MOTOR VEHICLE IN TRAFFIC,1,TRAVELLING STRAIGHT AHEAD,PASSENGER CAR,"MDA1:CENTER FRONT, MDA2:RIGHT FRONT, MDA3:LEFT FRONT",ROSLINDALE,MA,MA,PAN,SEQ1:COLLISION WITH MOTOR VEHICLE IN TRAFFIC,"YES, OTHER REASON NOT DISABLED",TOYT,COROLL,,NORTHBOUND,6174901,CENTRE STREET,2024,7,26,Friday,False
2024,,5426322,BOSTON,08 08 2024,2024-08-08 00:43:00+00:00,OPEN,NON-FATAL INJURY,SUSPECTED MINOR INJURY (B),1,1,0,STATE POLICE,SINGLE VEHICLE CRASH,V1: TURNING RIGHT,V1: N,"V1:(COLLISION WITH CURB),(COLLISION WITH TREE)",DARK - LIGHTED ROADWAY,CLEAR,DRY,COLLISION WITH TREE,V1:(COLLISION WITH TREE),D1: (EXCEEDED AUTHORIZED SPEED LIMIT),V1:(PASSENGER CAR),,CENTRE STREET / MURRAY CIRCLE,,,,TRAFFIC CIRCLE,YIELD SIGNS,"ONE-WAY, NOT DIVIDED",DEPARTMENT OF CONSERVATION AND RECREATION,ROADSIDE,,YES,OPERATOR DESIGNATED,231182.8592,895422.2502,42.30866171,-71.12177894,2024,D1: NOT DISTRACTED,6,MAPC,V1:(NO),"V1:(YES, VEHICLE OR TRAILER DISABLED)",SUFFOLK,"V1:(NO, NOT FEDERALLY REPORTABLE)","NO, NOT FEDERALLY REPORTABLE",NO HIT AND RUN,,"NO, SCHOOL BUS NOT INVOLVED",25.0,"YES, DEVICE FUNCTIONING",NO,31806.0,2020,0.558,1463,0.155,350,BOTH SIDES,0,8,0,NO SHOULDER,34,BITUMINOUS CONCRETE ROAD,0,NO SHOULDER,2,0,198,RAISED MEDIAN,LARGE URBANIZED AREA,RURAL OR URBAN PRINCIPAL ARTERIAL,BOSTON (MA-NH-RI),ROTARY,TWO-WAY TRAFFIC,NO ACCESS CONTROL,25.0,MURRAY CIRCLE,ARBORWAY,ARBORWAY,BOSTON,FAIR,LEVEL TERRAIN,PULLED BACK FROM HPMS NETWORK ESTIMATION ROUTINE,,0,0,0,PRINCIPAL ARTERIAL - OTHER,1,NO,39.0,"DCC1:EXCEEDED AUTHORIZED SPEED LIMIT, DCC2:NOT REPORTED",NOT DISTRACTED,MA,NO,NO,"NO, NOT FEDERALLY REPORTABLE",NOT REPORTED,SUSPECTED MINOR INJURY (B),COLLISION WITH TREE,1,TURNING RIGHT,PASSENGER CAR,"MDA1:CENTER FRONT, MDA2:RIGHT SIDE, MDA3:LEFT FRONT",ATLANTA,GA,MA,PAN,"SEQ1:COLLISION WITH CURB, SEQ2:COLLISION WITH TREE","YES, VEHICLE OR TRAILER DISABLED",HYUN,KONA,,NORTHBOUND,6178785,CENTRE STREET,2024,8,8,Thursday,True
2024,,5426918,BOSTON,08 19 2024,2024-08-19 08:30:00+00:00,OPEN,PROPERTY DAMAGE ONLY (NONE INJURED),NO APPARENT INJURY (O),1,0,0,LOCAL POLICE,SINGLE VEHICLE CRASH,V1: TRAVELLING STRAIGHT AHEAD,V1: E,V1:(COLLISION WITH UTILITY POLE),DAYLIGHT,CLEAR,WET,COLLISION WITH UNKNOWN FIXED OBJECT,V1:(COLLISION WITH UTILITY POLE),D1: (UNKNOWN),V1:(PASSENGER CAR),3615,WASHINGTON ST RTE E,,,,NOT AT JUNCTION,PEDESTRIAN CROSSING SIGNAL/BEACON,"TWO-WAY, NOT DIVIDED",CITY OR TOWN ACCEPTED ROAD,OUTSIDE ROADWAY,,YES,AT ADDRESS,232052.91670761,894754.9472335,42.3026189,-71.11126293,2024,,6,MAPC,V1:(NO),V1:(NO),SUFFOLK,"V1:(NO, NOT FEDERALLY REPORTABLE)","NO, NOT FEDERALLY REPORTABLE",NO HIT AND RUN,"ROAD SURFACE CONDITION (WET, ICY, SNOW, SLUSH, ETC.)","NO, SCHOOL BUS NOT INVOLVED",25.0,"YES, DEVICE FUNCTIONING",NO,11864.0,2020,0.33,462,0.105,130,BOTH SIDES,10,10,0,NO SHOULDER,28,BITUMINOUS CONCRETE ROAD,0,NO SHOULDER,2,0,0,,LARGE URBANIZED AREA,RURAL MINOR ARTERIAL OR URBAN PRINCIPAL ARTERIAL,BOSTON (MA-NH-RI),MAINLINE ROADWAY,TWO-WAY TRAFFIC,NO ACCESS CONTROL,25.0,WASHINGTON STREET,HYDE PARK AVENUE,DEVONSHIRE PLACE,BOSTON,FAIR,LEVEL TERRAIN,GROWN FROM PRIOR YEAR HPMS NETWORK,,30,0,0,PRINCIPAL ARTERIAL - OTHER,1,NO,42.0,"DCC1:UNKNOWN, DCC2:NOT REPORTED",,MA,NO,NO,"NO, NOT FEDERALLY REPORTABLE",NOT REPORTED,NO APPARENT INJURY (O),COLLISION WITH UTILITY POLE,1,TRAVELLING STRAIGHT AHEAD,PASSENGER CAR,MDA1:RIGHT FRONT,JAMAICA PLAIN,MA,MA,PAN,SEQ1:COLLISION WITH UTILITY POLE,NO,TOYT,PRIUS,,EASTBOUND,6179285,WASHINGTON STREET,2024,8,19,Monday,False