SOURCE_YEAR,OBJECTID,CRASH_NUMB,CITY_TOWN_NAME,CRASH_DATE_TEXT,CRASH_DATETIME,CRASH_STATUS,CRASH_SEVERITY_DESCR,MAX_INJR_SVRTY_CL,NUMB_VEHC,NUMB_NONFATAL_INJR,NUMB_FATAL_INJR,POLC_AGNCY_TYPE_DESCR,MANR_COLL_DESCR,VEHC_MNVR_ACTN_CL,VEHC_TRVL_DIRC_CL,VEHC_SEQ_EVENTS_CL,AMBNT_LIGHT_DESCR,WEATH_COND_DESCR,ROAD_SURF_COND_DESCR,FIRST_HRMF_EVENT_DESCR,MOST_HRMFL_EVT_CL,DRVR_CNTRB_CIRC_CL,VEHC_CONFIG_CL,STREET_NUMB,RDWY,DIST_DIRC_FROM_INT,NEAR_INT_RDWY,LANDMARK,RDWY_JNCT_TYPE_DESCR,TRAF_CNTRL_DEVC_TYPE_DESCR,TRAFY_DESCR_DESCR,JURISDICTN,FIRST_HRMF_EVENT_LOC_DESCR,NON_MTRST_TYPE_CL,IS_GEOCODED,GEOCODING_METHOD_NAME,X,Y,LAT,LON,YEAR,DRVR_DISTRACTED_CL,DISTRICT_NUM,RPA_ABBR,VEHC_EMER_USE_CL,VEHC_TOWED_FROM_SCENE_CL,CNTY_NAME,FMCSA_RPTBL_CL,FMCSA_RPTBL,HIT_RUN_DESCR,ROAD_CNTRB_DESCR,SCHL_BUS_RELD_DESCR,SPEED_LIMIT,TRAF_CNTRL_DEVC_FUNC_DESCR,WORK_ZONE_RELD_DESCR,AADT,AADT_YEAR,PK_PCT_SUT,AV_PCT_SUT,PK_PCT_CT,AV_PCT_CT,CURB,LT_SIDEWLK,RT_SIDEWLK,SHLDR_LT_W,SHLDR_LT_T,SURFACE_WD,SURFACE_TP,SHLDR_RT_W,SHLDR_RT_T,NUM_LANES,OPP_LANES,MED_WIDTH,MED_TYPE,URBAN_TYPE,F_CLASS,URBAN_AREA,FACILITY,OPERATION,CONTROL,SPEED_LIM,STREETNAME,FROMSTREETNAME,TOSTREETNAME,CITY,STRUCT_CND,TERRAIN,AADT_DERIV,STATN_NUM,OP_DIR_SL,SHLDR_UL_T,SHLDR_UL_W,F_F_CLASS,VEHC_UNIT_NUMB,ALC_SUSPD_TYPE_DESCR,DRIVER_AGE,DRVR_CNTRB_CIRC_DESCR,DRIVER_DISTRACTED_TYPE_DESCR,DRVR_LCN_STATE,DRUG_SUSPD_TYPE_DESCR,EMERGENCY_USE_DESC,FMCSA_RPTBL_VL,HAZ_MAT_PLACARD_DESCR,MAX_INJR_SVRTY_VL,MOST_HRMF_EVENT,TOTAL_OCCPT_IN_VEHC,VEHC_MANR_ACT_DESCR,VEHC_CONFG_DESCR,VEHC_MOST_DMGD_AREA,OWNER_ADDR_CITY_TOWN,OWNER_ADDR_STATE,VEHC_REG_STATE,VEHC_REG_TYPE_CODE,VEHC_SEQ_EVENTS,VEHC_TOWED_FROM_SCENE,VEHICLE_MAKE_DESCR,VEHICLE_MODEL_DESCR,DRIVER_VIOLATION_CL,TRVL_DIRC_DESCR,OBJECTID_1,TARGET_STREET,CRASH_YEAR,CRASH_MONTH,CRASH_DAY,CRASH_WEEKDAY,HAS_INJURY
2024,,5439803,BOSTON,07 15 2024,2024-07-15 08:26:00+00:00,OPEN,PROPERTY DAMAGE ONLY (NONE INJURED),NO APPARENT INJURY (O),3,0,0,STATE POLICE,REAR-END,V1: SLOWING OR STOPPED IN TRAFFIC / V2: TRAVELLING STRAIGHT AHEAD / V3: SLOWING OR STOPPED IN TRAFFIC,V1: N  / V2: N  / V3: N,V1:(COLLISION WITH MOTOR VEHICLE IN TRAFFIC) V2:(COLLISION WITH MOTOR VEHICLE IN TRAFFIC) V3:(COLLISION WITH MOTOR VEHICLE IN TRAFFIC),DAYLIGHT,CLEAR,DRY,COLLISION WITH MOTOR VEHICLE IN TRAFFIC,V1:(COLLISION WITH MOTOR VEHICLE IN TRAFFIC) / V2:(COLLISION WITH MOTOR VEHICLE IN TRAFFIC) / V3:(COLLISION WITH MOTOR VEHICLE IN TRAFFIC),"D1: (NO IMPROPER DRIVING)  / D2: (FOLLOWED TOO CLOSELY),(INATTENTION)  / D3: (NO IMPROPER DRIVING)","V1:(PASSENGER CAR) / V2:(LIGHT TRUCK(VAN, MINI-VAN, PICKUP, SPORT UTILITY)) / V3:(PASSENGER CAR)",1011,CENTRE STREET,,LOUDERS LANE,,NOT AT JUNCTION,NO CONTROLS,"TWO-WAY, DIVIDED, UNPROTECTED MEDIAN",DEPARTMENT OF CONSERVATION AND RECREATION,ROADWAY,,YES,AT ADDRESS,230968.17048441,895112.76100653,42.30588398,-71.12439942,2024,D1: NOT DISTRACTED / D3: NOT DISTRACTED,6,MAPC,V1:(NO) / V2:(NO) / V3:(NO),"V1:(NO) / V2:(YES, VEHICLE OR TRAILER DISABLED) / V3:(NO)",SUFFOLK,"V1:(NO, NOT FEDERALLY REPORTABLE) / V2:(NO, NOT FEDERALLY REPORTABLE) / V3:(NO, NOT FEDERALLY REPORTABLE)","NO, NOT FEDERALLY REPORTABLE",NO HIT AND RUN,,"NO, SCHOOL BUS NOT INVOLVED",25.0,NOT REPORTED,NO,33898.0,2009,3,3,2,2,ALL CURBS (DIVIDED HIGHWAY),0,8,0,NO SHOULDER,22,BITUMINOUS CONCRETE ROAD,0,NO SHOULDER,2,2,3,RAISED MEDIAN,LARGE URBANIZED AREA,RURAL OR URBAN PRINCIPAL ARTERIAL,BOSTON (MA-NH-RI),MAINLINE ROADWAY,TWO-WAY TRAFFIC,NO ACCESS CONTROL,30.0,CENTRE STREET,WEST ROXBURY CENTRE STREET ROTARY,MURRAY CIRCLE,BOSTON,FAIR,LEVEL TERRAIN,ESTIMATE,8536,0,0,0,PRINCIPAL ARTERIAL - OTHER,1,NO,23.0,"DCC1:NO IMPROPER DRIVING, DCC2:NOT REPORTED",NOT DISTRACTED,MA,NO,NO,"NO, NOT FEDERALLY REPORTABLE",NOT REPORTED,NO APPARENT INJURY (O),COLLISION WITH MOTOR VEHICLE IN TRAFFIC,1,SLOWING OR STOPPED IN TRAFFIC,PASSENGER CAR,"MDA1:CENTER FRONT, MDA2:CENTER REAR",MANSFIELD,MA,MA,PAN,SEQ1:COLLISION WITH MOTOR VEHICLE IN TRAFFIC,NO,HOND,CIVIC,,NORTHBOUND,6211193,CENTRE STREET,2024,7,15,Monday,False
2024,,5439803,BOSTON,07 15 2024,2024-07-15 08:26:00+00:00,OPEN,PROPERTY DAMAGE ONLY (NONE INJURED),NO APPARENT INJURY (O),3,0,0,STATE POLICE,REAR-END,V1: SLOWING OR STOPPED IN TRAFFIC / V2: TRAVELLING STRAIGHT AHEAD / V3: SLOWING OR STOPPED IN TRAFFIC,V1: N  / V2: N  / V3: N,V1:(COLLISION WITH MOTOR VEHICLE IN TRAFFIC) V2:(COLLISION WITH MOTOR VEHICLE IN TRAFFIC) V3:(COLLISION WITH MOTOR VEHICLE IN TRAFFIC),DAYLIGHT,CLEAR,DRY,COLLISION WITH MOTOR VEHICLE IN TRAFFIC,V1:(COLLISION WITH MOTOR VEHICLE IN TRAFFIC) / V2:(COLLISION WITH MOTOR VEHICLE IN TRAFFIC) / V3:(COLLISION WITH MOTOR VEHICLE IN TRAFFIC),"D1: (NO IMPROPER DRIVING)  / D2: (FOLLOWED TOO CLOSELY),(INATTENTION)  / D3: (NO IMPROPER DRIVING)","V1:(PASSENGER CAR) / V2:(LIGHT TRUCK(VAN, MINI-VAN, PICKUP, SPORT UTILITY)) / V3:(PASSENGER CAR)",1011,CENTRE STREET,,LOUDERS LANE,,NOT AT JUNCTION,NO CONTROLS,"TWO-WAY, DIVIDED, UNPROTECTED MEDIAN",DEPARTMENT OF CONSERVATION AND RECREATION,ROADWAY,,YES,AT ADDRESS,230968.17048441,895112.76100653,42.30588398,-71.12439942,2024,D1: NOT DISTRACTED / D3: NOT DISTRACTED,6,MAPC,V1:(NO) / V2:(NO) / V3:(NO),"V1:(NO) / V2:(YES, VEHICLE OR TRAILER DISABLED) / V3:(NO)",SUFFOLK,"V1:(NO, NOT FEDERALLY REPORTABLE) / V2:(NO, NOT FEDERALLY REPORTABLE) / V3:(NO, NOT FEDERALLY REPORTABLE)","NO, NOT FEDERALLY REPORTABLE",NO HIT AND RUN,,"NO, SCHOOL BUS NOT INVOLVED",25.0,NOT REPORTED,NO,33898.0,2009,3,3,2,2,ALL CURBS (DIVIDED HIGHWAY),0,8,0,NO SHOULDER,22,BITUMINOUS CONCRETE ROAD,0,NO SHOULDER,2,2,3,RAISED MEDIAN,LARGE URBANIZED AREA,RURAL OR URBAN PRINCIPAL ARTERIAL,BOSTON (MA-NH-RI),MAINLINE ROADWAY,TWO-WAY TRAFFIC,NO ACCESS CONTROL,30.0,CENTRE STREET,WEST ROXBURY CENTRE STREET ROTARY,MURRAY CIRCLE,BOSTON,FAIR,LEVEL TERRAIN,ESTIMATE,8536,0,0,0,PRINCIPAL ARTERIAL - OTHER,2,NO,35.0,"DCC1:FOLLOWED TOO CLOSELY, DCC2:INATTENTION",NOT REPORTED,MA,NO,NO,"NO, NOT FEDERALLY REPORTABLE",NOT REPORTED,NO APPARENT INJURY (O),COLLISION WITH MOTOR VEHICLE IN TRAFFIC,1,TRAVELLING STRAIGHT AHEAD,"LIGHT TRUCK(VAN, MINI-VAN, PICKUP, SPORT UTILITY)",MDA1:CENTER FRONT,EVERETT,MA,MA,CON,SEQ1:COLLISION WITH MOTOR VEHICLE IN TRAFFIC,"YES, VEHICLE OR TRAILER DISABLED",FORD,ECONOL,,NORTHBOUND,6211194,CENTRE STREET,2024,7,15,Monday,False
2024,,5439803,BOSTON,07 15 2024,2024-07-15 08:26:00+00:00,OPEN,PROPERTY DAMAGE ONLY (NONE INJURED),NO APPARENT INJURY (O),3,0,0,STATE POLICE,REAR-END,V1: SLOWING OR STOPPED IN TRAFFIC / V2: TRAVELLING STRAIGHT AHEAD / V3: SLOWING OR STOPPED IN TRAFFIC,V1: N  / V2: N  / V3: N,V1:(COLLISION WITH MOTOR VEHICLE IN TRAFFIC) V2:(COLLISION WITH MOTOR VEHICLE IN TRAFFIC) V3:(COLLISION WITH MOTOR VEHICLE IN TRAFFIC),DAYLIGHT,CLEAR,DRY,COLLISION WITH MOTOR VEHICLE IN TRAFFIC,V1:(COLLISION WITH MOTOR VEHICLE IN TRAFFIC) / V2:(COLLISION WITH MOTOR VEHICLE IN TRAFFIC) / V3:(COLLISION WITH MOTOR VEHICLE IN TRAFFIC),"D1: (NO IMPROPER DRIVING)  / D2: (FOLLOWED TOO CLOSELY),(INATTENTION)  / D3: (NO IMPROPER DRIVING)","V1:(PASSENGER CAR) / V2:(LIGHT TRUCK(VAN, MINI-VAN, PICKUP, SPORT UTILITY)) / V3:(PASSENGER CAR)",1011,CENTRE STREET,,LOUDERS LANE,,NOT AT JUNCTION,NO CONTROLS,"TWO-WAY, DIVIDED, UNPROTECTED MEDIAN",DEPARTMENT OF CONSERVATION AND RECREATION,ROADWAY,,YES,AT ADDRESS,230968.17048441,895112.76100653,42.30588398,-71.12439942,2024,D1: NOT DISTRACTED / D3: NOT DISTRACTED,6,MAPC,V1:(NO) / V2:(NO) / V3:(NO),"V1:(NO) / V2:(YES, VEHICLE OR TRAILER DISABLED) / V3:(NO)",SUFFOLK,"V1:(NO, NOT FEDERALLY REPORTABLE) / V2:(NO, NOT FEDERALLY REPORTABLE) / V3:(NO, NOT FEDERALLY REPORTABLE)","NO, NOT FEDERALLY REPORTABLE",NO HIT AND RUN,,"NO, SCHOOL BUS NOT INVOLVED",25.0,NOT REPORTED,NO,33898.0,2009,3,3,2,2,ALL CURBS (DIVIDED HIGHWAY),0,8,0,NO SHOULDER,22,BITUMINOUS CONCRETE ROAD,0,NO SHOULDER,2,2,3,RAISED MEDIAN,LARGE URBANIZED AREA,RURAL OR URBAN PRINCIPAL ARTERIAL,BOSTON (MA-NH-RI),MAINLINE ROADWAY,TWO-WAY TRAFFIC,NO ACCESS CONTROL,30.0,CENTRE STREET,WEST ROXBURY CENTRE STREET ROTARY,MURRAY CIRCLE,BOSTON,FAIR,LEVEL TERRAIN,ESTIMATE,8536,0,0,0,PRINCIPAL ARTERIAL - OTHER,3,NO,28.0,"DCC1:NO IMPROPER DRIVING, DCC2:NOT REPORTED",NOT DISTRACTED,MA,NO,NO,"NO, NOT FEDERALLY REPORTABLE",NOT REPORTED,NO APPARENT INJURY (O),COLLISION WITH MOTOR VEHICLE IN TRAFFIC,1,SLOWING OR STOPPED IN TRAFFIC,PASSENGER CAR,MDA1:CENTER REAR,JAMAICA PLAIN,MA,MA,PAN,SEQ1:COLLISION WITH MOTOR VEHICLE IN TRAFFIC,NO,HOND,CIVIC,,NORTHBOUND,6211195,CENTRE STREET,2024,7,15,Monday,False
2024,,5440594,BOSTON,09 13 2024,2024-09-13 01:38:00+00:00,OPEN,NON-FATAL INJURY,SUSPECTED MINOR INJURY (B),2,1,0,STATE POLICE,ANGLE,V1: TRAVELLING STRAIGHT AHEAD / V2: TURNING LEFT,V1: W  / V2: E,"V1:(COLLISION WITH MOTOR VEHICLE IN TRAFFIC) V2:(COLLISION WITH MOTOR VEHICLE IN TRAFFIC),(COLLISION WITH LIGHT  POLE OR OTHER POST/SUPPORT)",DARK - LIGHTED ROADWAY,CLEAR,DRY,COLLISION WITH MOTOR VEHICLE IN TRAFFIC,V1:(COLLISION WITH MOTOR VEHICLE IN TRAFFIC) / V2:(COLLISION WITH MOTOR VEHICLE IN TRAFFIC),"D1: (NO IMPROPER DRIVING),(NO IMPROPER DRIVING)  / D2: (MADE AN IMPROPER TURN),(FAILURE TO KEEP IN PROPER LANE OR RUNNING OFF ROAD)","V1:(LIGHT TRUCK(VAN, MINI-VAN, PICKUP, SPORT UTILITY)) / V2:(LIGHT TRUCK(VAN, MINI-VAN, PICKUP, SPORT UTILITY))",,WASHINGTON STREET / ARBORWAY RTE SR203 W,,,,T-INTERSECTION,TRAFFIC CONTROL SIGNAL,"TWO-WAY, DIVIDED, POSITIVE MEDIAN BARRIER",CITY OR TOWN ACCEPTED ROAD,ROADWAY,,YES,OPERATOR DESIGNATED,231961.7552,894630.6744,42.30150383,-71.11237536,2024,D1: NOT DISTRACTED / D2: NOT DISTRACTED,6,MAPC,V1:(NO) / V2:(NO),"V1:(YES, VEHICLE OR TRAILER DISABLED) / V2:(YES, VEHICLE OR TRAILER DISABLED)",SUFFOLK,"V1:(NO, NOT FEDERALLY REPORTABLE) / V2:(NO, NOT FEDERALLY REPORTABLE)","NO, NOT FEDERALLY REPORTABLE",NO HIT AND RUN,,"NO, SCHOOL BUS NOT INVOLVED",30.0,"YES, DEVICE FUNCTIONING",NO,27562.0,2020,,,,,BOTH SIDES,10,10,0,NO SHOULDER,40,BITUMINOUS CONCRETE ROAD,0,NO SHOULDER,4,0,0,,LARGE URBANIZED AREA,RURAL MINOR ARTERIAL OR URBAN PRINCIPAL ARTERIAL,BOSTON (MA-NH-RI),MAINLINE ROADWAY,TWO-WAY TRAFFIC,NO ACCESS CONTROL,25.0,WASHINGTON STREET,HYDE PARK AVENUE,DEVONSHIRE PLACE,BOSTON,FAIR,LEVEL TERRAIN,PULLED BACK FROM HPMS NETWORK ESTIMATION ROUTINE,,30,0,0,PRINCIPAL ARTERIAL - OTHER,1,NO,32.0,DCC1:NO IMPROPER DRIVING,NOT DISTRACTED,MA,NO,NO,"NO, NOT FEDERALLY REPORTABLE",NOT REPORTED,NO APPARENT INJURY (O),COLLISION WITH MOTOR VEHICLE IN TRAFFIC,1,TRAVELLING STRAIGHT AHEAD,"LIGHT TRUCK(VAN, MINI-VAN, PICKUP, SPORT UTILITY)","MDA1:CENTER FRONT, MDA2:RIGHT FRONT",ROXBURY,MA,MA,PAN,SEQ1:COLLISION WITH MOTOR VEHICLE IN TRAFFIC,"YES, VEHICLE OR TRAILER DISABLED",LINC,MKC,,WESTBOUND,6212515,WASHINGTON STREET,2024,9,13,Friday,True
2024,,5440594,BOSTON,09 13 2024,2024-09-13 01:38:00+00:00,OPEN,NON-FATAL INJURY,SUSPECTED MINOR INJURY (B),2,1,0,STATE POLICE,ANGLE,V1: TRAVELLING STRAIGHT AHEAD / V2: TURNING LEFT,V1: W  / V2: E,"V1:(COLLISION WITH MOTOR VEHICLE IN TRAFFIC) V2:(COLLISION WITH MOTOR VEHICLE IN TRAFFIC),(COLLISION WITH LIGHT  POLE OR OTHER POST/SUPPORT)",DARK - LIGHTED ROADWAY,CLEAR,DRY,COLLISION WITH MOTOR VEHICLE IN TRAFFIC,V1:(COLLISION WITH MOTOR VEHICLE IN TRAFFIC) / V2:(COLLISION WITH MOTOR VEHICLE IN TRAFFIC),"D1: (NO IMPROPER DRIVING),(NO IMPROPER DRIVING)  / D2: (MADE AN IMPROPER TURN),(FAILURE TO KEEP IN PROPER LANE OR RUNNING OFF ROAD)","V1:(LIGHT TRUCK(VAN, MINI-VAN, PICKUP, SPORT UTILITY)) / V2:(LIGHT TRUCK(VAN, MINI-VAN, PICKUP, SPORT UTILITY))",,WASHINGTON STREET / ARBORWAY RTE SR203 W,,,,T-INTERSECTION,TRAFFIC CONTROL SIGNAL,"TWO-WAY, DIVIDED, POSITIVE MEDIAN BARRIER",CITY OR TOWN ACCEPTED ROAD,ROADWAY,,YES,OPERATOR DESIGNATED,231961.7552,894630.6744,42.30150383,-71.11237536,2024,D1: NOT DISTRACTED / D2: NOT DISTRACTED,6,MAPC,V1:(NO) / V2:(NO),"V1:(YES, VEHICLE OR TRAILER DISABLED) / V2:(YES, VEHICLE OR TRAILER DISABLED)",SUFFOLK,"V1:(NO, NOT FEDERALLY REPORTABLE) / V2:(NO, NOT FEDERALLY REPORTABLE)","NO, NOT FEDERALLY REPORTABLE",NO HIT AND RUN,,"NO, SCHOOL BUS NOT INVOLVED",30.0,"YES, DEVICE FUNCTIONING",NO,27562.0,2020,,,,,BOTH SIDES,10,10,0,NO SHOULDER,40,BITUMINOUS CONCRETE ROAD,0,NO SHOULDER,4,0,0,,LARGE URBANIZED AREA,RURAL MINOR ARTERIAL OR URBAN PRINCIPAL ARTERIAL,BOSTON (MA-NH-RI),MAINLINE ROADWAY,TWO-WAY TRAFFIC,NO ACCESS CONTROL,25.0,WASHINGTON STREET,HYDE PARK AVENUE,DEVONSHIRE PLACE,BOSTON,FAIR,LEVEL TERRAIN,PULLED BACK FROM HPMS NETWORK ESTIMATION ROUTINE,,30,0,0,PRINCIPAL ARTERIAL - OTHER,2,NO,20.0,"DCC1:MADE AN IMPROPER TURN, DCC2:FAILURE TO KEEP IN PROPER LANE OR RUNNING OFF ROAD",NOT DISTRACTED,MA,NO,NO,"NO, NOT FEDERALLY REPORTABLE",NOT REPORTED,SUSPECTED MINOR INJURY (B),COLLISION WITH MOTOR VEHICLE IN TRAFFIC,3,TURNING LEFT,"LIGHT TRUCK(VAN, MINI-VAN, PICKUP, SPORT UTILITY)","MDA1:CENTER FRONT, MDA2:RIGHT FRONT",LYNN,MA,MA,PAN,"SEQ1:COLLISION WITH MOTOR VEHICLE IN TRAFFIC, SEQ2:COLLISION WITH LIGHT  POLE OR OTHER POST/SUPPORT","YES, VEHICLE OR TRAILER DISABLED",FORD,ESCAPE,,EASTBOUND,6212516,WASHINGTON STREET,2024,9,13,Friday,True
2024,,5441651,BOSTON,09 25 2024,2024-09-25 22:22:00+00:00,OPEN,PROPERTY DAMAGE ONLY (NONE INJURED),NO APPARENT INJURY (O),2,0,0,LOCAL POLICE,NOT REPORTED,V1: NOT REPORTED / V2: TURNING RIGHT,V1:    / V2: W,,NOT REPORTED,CLEAR,NOT REPORTED,NOT REPORTED,,,V1:(PASSENGER CAR) / V2:(PASSENGER CAR),3091,WASHINGTON STREET RTE N,,,STAR MARKET PARKING LOT,NOT REPORTED,NOT REPORTED,NOT REPORTED,CITY OR TOWN ACCEPTED ROAD,NOT REPORTED,,YES,AT ADDRESS,233073.81598099,896167.43357299,42.31529265,-71.09880109,2024,,6,MAPC,V2:(NO),V1:(NO) / V2:(NO),SUFFOLK,"V1:(NO, NOT FEDERALLY REPORTABLE) / V2:(NO, NOT FEDERALLY REPORTABLE)","NO, NOT FEDERALLY REPORTABLE","YES, HIT AND RUN",NOT REPORTED,NOT REPORTED,,NOT REPORTED,NO,11864.0,2020,0.33,462,0.105,130,BOTH SIDES,10,10,0,NO SHOULDER,28,BITUMINOUS CONCRETE ROAD,0,NO SHOULDER,2,0,0,,LARGE URBANIZED AREA,RURAL MINOR ARTERIAL OR URBAN PRINCIPAL ARTERIAL,BOSTON (MA-NH-RI),MAINLINE ROADWAY,TWO-WAY TRAFFIC,NO ACCESS CONTROL,30.0,WASHINGTON STREET,HYDE PARK AVENUE,DEVONSHIRE PLACE,BOSTON,FAIR,LEVEL TERRAIN,GROWN FROM PRIOR YEAR HPMS NETWORK,,30,0,0,PRINCIPAL ARTERIAL - OTHER,1,NO,46.0,DCC1:NOT REPORTED,NOT REPORTED,MA,NO,NOT REPORTED,"NO, NOT FEDERALLY REPORTABLE",NOT REPORTED,NO APPARENT INJURY (O),NOT REPORTED,1,NOT REPORTED,PASSENGER CAR,"MDA1:LEFT REAR, MDA2:CENTER REAR",JAMAICA PLAIN,MA,96,PAN,,NO,NISSAN,,,,6214593,WASHINGTON STREET,2024,9,25,Wednesday,False
2024,,5441651,BOSTON,09 25 2024,2024-09-25 22:22:00+00:00,OPEN,PROPERTY DAMAGE ONLY (NONE INJURED),NO APPARENT INJURY (O),2,0,0,LOCAL POLICE,NOT REPORTED,V1: NOT REPORTED / V2: TURNING RIGHT,V1:    / V2: W,,NOT REPORTED,CLEAR,NOT REPORTED,NOT REPORTED,,,V1:(PASSENGER CAR) / V2:(PASSENGER CAR),3091,WASHINGTON STREET RTE N,,,STAR MARKET PARKING LOT,NOT REPORTED,NOT REPORTED,NOT REPORTED,CITY OR TOWN ACCEPTED ROAD,NOT REPORTED,,YES,AT ADDRESS,233073.81598099,896167.43357299,42.31529265,-71.09880109,2024,,6,MAPC,V2:(NO),V1:(NO) / V2:(NO),SUFFOLK,"V1:(NO, NOT FEDERALLY REPORTABLE) / V2:(NO, NOT FEDERALLY REPORTABLE)","NO, NOT FEDERALLY REPORTABLE","YES, HIT AND RUN",NOT REPORTED,NOT REPORTED,,NOT REPORTED,NO,11864.0,2020,0.33,462,0.105,130,BOTH SIDES,10,10,0,NO SHOULDER,28,BITUMINOUS CONCRETE ROAD,0,NO SHOULDER,2,0,0,,LARGE URBANIZED AREA,RURAL MINOR ARTERIAL OR URBAN PRINCIPAL ARTERIAL,BOSTON (MA-NH-RI),MAINLINE ROADWAY,TWO-WAY TRAFFIC,NO ACCESS CONTROL,30.0,WASHINGTON STREET,HYDE PARK AVENUE,DEVONSHIRE PLACE,BOSTON,FAIR,LEVEL TERRAIN,GROWN FROM PRIOR YEAR HPMS NETWORK,,30,0,0,PRINCIPAL ARTERIAL - OTHER,2,NOT REPORTED,,DCC1:NOT REPORTED,NOT REPORTED,MA,NOT REPORTED,NO,"NO, NOT FEDERALLY REPORTABLE",NOT REPORTED,NOT REPORTED,NOT REPORTED,1,TURNING RIGHT,PASSENGER CAR,,,98,96,PAN,,NO,JEEP,,,WESTBOUND,6214594,WASHINGTON STREET,2024,9,25,Wednesday,False
2024,,5444495,BOSTON,10 01 2024,2024-10-01 17:02:00+00:00,OPEN,NON-FATAL INJURY,SUSPECTED MINOR INJURY (B),2,1,0,LOCAL POLICE,NOT REPORTED,V1: TRAVELLING STRAIGHT AHEAD / V2: TURNING LEFT,V1: W  / V2: S,V1:(COLLISION WITH MOTOR VEHICLE IN TRAFFIC) V2:(COLLISION WITH MOTOR VEHICLE IN TRAFFIC),NOT REPORTED,CLOUDY,NOT REPORTED,NOT REPORTED,V1:(COLLISION WITH MOTOR VEHICLE IN TRAFFIC) / V2:(COLLISION WITH MOTOR VEHICLE IN TRAFFIC),,V1:(MOPED) / V2:(PASSENGER CAR),,SOUTH STREET RTE W  / ST JOSEPH ST RTE S,,,,NOT REPORTED,NOT REPORTED,NOT REPORTED,CITY OR TOWN ACCEPTED ROAD,NOT REPORTED,,YES,AT INTERSECTION,231714.7033,895222.1878,42.30683917,-71.11533916,2024,,6,MAPC,V1:(NO) / V2:(NO),V1:(NO) / V2:(NO),SUFFOLK,"V1:(NO, NOT FEDERALLY REPORTABLE) / V2:(NO, NOT FEDERALLY REPORTABLE)","NO, NOT FEDERALLY REPORTABLE",NO HIT AND RUN,NOT REPORTED,NOT REPORTED,,NOT REPORTED,NO,20621.0,2020,0.477,1012,0.068,124,BOTH SIDES,8,8,0,NO SHOULDER,45,BITUMINOUS CONCRETE ROAD,0,NO SHOULDER,2,0,0,,LARGE URBANIZED AREA,URBAN MINOR ARTERIAL OR RURAL MAJOR COLLECTOR,BOSTON (MA-NH-RI),MAINLINE ROADWAY,TWO-WAY TRAFFIC,NO ACCESS CONTROL,99.0,SOUTH STREET,CENTRE STREET,WASHINGTON STREET,BOSTON,FAIR,LEVEL TERRAIN,GROWN FROM PRIOR YEAR HPMS NETWORK,,99,0,0,MINOR ARTERIAL,1,NO,27.0,DCC1:NOT REPORTED,NOT REPORTED,MA,NO,NO,"NO, NOT FEDERALLY REPORTABLE",NOT REPORTED,SUSPECTED MINOR INJURY (B),COLLISION WITH MOTOR VEHICLE IN TRAFFIC,1,TRAVELLING STRAIGHT AHEAD,MOPED,"MDA1:RIGHT SIDE, MDA2:RIGHT REAR",ROSLINDALE,MA,96,MCN,SEQ1:COLLISION WITH MOTOR VEHICLE IN TRAFFIC,NO,ZHEJIANG RIYA M,,,WESTBOUND,6218813,SOUTH STREET,2024,10,1,Tuesday,True
2024,,5444495,BOSTON,10 01 2024,2024-10-01 17:02:00+00:00,OPEN,NON-FATAL INJURY,SUSPECTED MINOR INJURY (B),2,1,0,LOCAL POLICE,NOT REPORTED,V1: TRAVELLING STRAIGHT AHEAD / V2: TURNING LEFT,V1: W  / V2: S,V1:(COLLISION WITH MOTOR VEHICLE IN TRAFFIC) V2:(COLLISION WITH MOTOR VEHICLE IN TRAFFIC),NOT REPORTED,CLOUDY,NOT REPORTED,NOT REPORTED,V1:(COLLISION WITH MOTOR VEHICLE IN TRAFFIC) / V2:(COLLISION WITH MOTOR VEHICLE IN TRAFFIC),,V1:(MOPED) / V2:(PASSENGER CAR),,SOUTH STREET RTE W  / ST JOSEPH ST RTE S,,,,NOT REPORTED,NOT REPORTED,NOT REPORTED,CITY OR TOWN ACCEPTED ROAD,NOT REPORTED,,YES,AT INTERSECTION,231714.7033,895222.1878,42.30683917,-71.11533916,2024,,6,MAPC,V1:(NO) / V2:(NO),V1:(NO) / V2:(NO),SUFFOLK,"V1:(NO, NOT FEDERALLY REPORTABLE) / V2:(NO, NOT FEDERALLY REPORTABLE)","NO, NOT FEDERALLY REPORTABLE",NO HIT AND RUN,NOT REPORTED,NOT REPORTED,,NOT REPORTED,NO,20621.0,2020,0.477,1012,0.068,124,BOTH SIDES,8,8,0,NO SHOULDER,45,BITUMINOUS CONCRETE ROAD,0,NO SHOULDER,2,0,0,,LARGE URBANIZED AREA,URBAN MINOR ARTERIAL OR RURAL MAJOR COLLECTOR,BOSTON (MA-NH-RI),MAINLINE ROADWAY,TWO-WAY TRAFFIC,NO ACCESS CONTROL,99.0,SOUTH STREET,CENTRE STREET,WASHINGTON STREET,BOSTON,FAIR,LEVEL TERRAIN,GROWN FROM PRIOR YEAR HPMS NETWORK,,99,0,0,MINOR ARTERIAL,2,NO,51.0,DCC1:NOT REPORTED,NOT REPORTED,MA,NO,NO,"NO, NOT FEDERALLY REPORTABLE",NOT REPORTED,NO APPARENT INJURY (O),COLLISION WITH MOTOR VEHICLE IN TRAFFIC,1,TURNING LEFT,PASSENGER CAR,"MDA1:RIGHT FRONT, MDA2:CENTER FRONT",ROXBURY,MA,96,PAN,SEQ1:COLLISION WITH MOTOR VEHICLE IN TRAFFIC,NO,TOYOTA,,,SOUTHBOUND,6218814,SOUTH STREET,2024,10,1,Tuesday,True