SOURCE_YEAR,OBJECTID,CRASH_NUMB,CITY_TOWN_NAME,CRASH_DATE_TEXT,CRASH_DATETIME,CRASH_STATUS,CRASH_SEVERITY_DESCR,MAX_INJR_SVRTY_CL,NUMB_VEHC,NUMB_NONFATAL_INJR,NUMB_FATAL_INJR,POLC_AGNCY_TYPE_DESCR,MANR_COLL_DESCR,VEHC_MNVR_ACTN_CL,VEHC_TRVL_DIRC_CL,VEHC_SEQ_EVENTS_CL,AMBNT_LIGHT_DESCR,WEATH_COND_DESCR,ROAD_SURF_COND_DESCR,FIRST_HRMF_EVENT_DESCR,MOST_HRMFL_EVT_CL,DRVR_CNTRB_CIRC_CL,VEHC_CONFIG_CL,STREET_NUMB,RDWY,DIST_DIRC_FROM_INT,NEAR_INT_RDWY,LANDMARK,RDWY_JNCT_TYPE_DESCR,TRAF_CNTRL_DEVC_TYPE_DESCR,TRAFY_DESCR_DESCR,JURISDICTN,FIRST_HRMF_EVENT_LOC_DESCR,NON_MTRST_TYPE_CL,IS_GEOCODED,GEOCODING_METHOD_NAME,X,Y,LAT,LON,YEAR,DRVR_DISTRACTED_CL,DISTRICT_NUM,RPA_ABBR,VEHC_EMER_USE_CL,VEHC_TOWED_FROM_SCENE_CL,CNTY_NAME,FMCSA_RPTBL_CL,FMCSA_RPTBL,HIT_RUN_DESCR,ROAD_CNTRB_DESCR,SCHL_BUS_RELD_DESCR,SPEED_LIMIT,TRAF_CNTRL_DEVC_FUNC_DESCR,WORK_ZONE_RELD_DESCR,AADT,AADT_YEAR,PK_PCT_SUT,AV_PCT_SUT,PK_PCT_CT,AV_PCT_CT,CURB,LT_SIDEWLK,RT_SIDEWLK,SHLDR_LT_W,SHLDR_LT_T,SURFACE_WD,SURFACE_TP,SHLDR_RT_W,SHLDR_RT_T,NUM_LANES,OPP_LANES,MED_WIDTH,MED_TYPE,URBAN_TYPE,F_CLASS,URBAN_AREA,FACILITY,OPERATION,CONTROL,SPEED_LIM,STREETNAME,FROMSTREETNAME,TOSTREETNAME,CITY,STRUCT_CND,TERRAIN,AADT_DERIV,STATN_NUM,OP_DIR_SL,SHLDR_UL_T,SHLDR_UL_W,F_F_CLASS,VEHC_UNIT_NUMB,ALC_SUSPD_TYPE_DESCR,DRIVER_AGE,DRVR_CNTRB_CIRC_DESCR,DRIVER_DISTRACTED_TYPE_DESCR,DRVR_LCN_STATE,DRUG_SUSPD_TYPE_DESCR,EMERGENCY_USE_DESC,FMCSA_RPTBL_VL,HAZ_MAT_PLACARD_DESCR,MAX_INJR_SVRTY_VL,MOST_HRMF_EVENT,TOTAL_OCCPT_IN_VEHC,VEHC_MANR_ACT_DESCR,VEHC_CONFG_DESCR,VEHC_MOST_DMGD_AREA,OWNER_ADDR_CITY_TOWN,OWNER_ADDR_STATE,VEHC_REG_STATE,VEHC_REG_TYPE_CODE,VEHC_SEQ_EVENTS,VEHC_TOWED_FROM_SCENE,VEHICLE_MAKE_DESCR,VEHICLE_MODEL_DESCR,DRIVER_VIOLATION_CL,TRVL_DIRC_DESCR,OBJECTID_1,TARGET_STREET,CRASH_YEAR,CRASH_MONTH,CRASH_DAY,CRASH_WEEKDAY,HAS_INJURY
2024,,5445837,BOSTON,10 03 2024,2024-10-03 16:52:00+00:00,OPEN,NON-FATAL INJURY,SUSPECTED MINOR INJURY (B),4,1,0,STATE POLICE,REAR-END,V1: NOT REPORTED / V2: NOT REPORTED / V3: SLOWING OR STOPPED IN TRAFFIC / V4: SLOWING OR STOPPED IN TRAFFIC,V1: S  / V2: S  / V3: S  / V4: S,V1:(COLLISION WITH MOTOR VEHICLE IN TRAFFIC) V2:(COLLISION WITH MOTOR VEHICLE IN TRAFFIC) V3:(COLLISION WITH MOTOR VEHICLE IN TRAFFIC) V4:(COLLISION WITH MOTOR VEHICLE IN TRAFFIC),DAYLIGHT,CLEAR,DRY,COLLISION WITH MOTOR VEHICLE IN TRAFFIC,V3:(COLLISION WITH MOTOR VEHICLE IN TRAFFIC) / V4:(COLLISION WITH MOTOR VEHICLE IN TRAFFIC),,"V3:(PASSENGER CAR) / V4:(SINGLE-UNIT TRUCK (2-AXLE, 6-TIRES))",1051,CENTRE STREET,100 FEET N  OF,RAMBLER ROAD,,NOT REPORTED,NO CONTROLS,"TWO-WAY, DIVIDED, POSITIVE MEDIAN BARRIER",DEPARTMENT OF CONSERVATION AND RECREATION,ROADWAY,,YES,OPERATOR DESIGNATED,230940.20604554,894980.80009224,42.30469707,-71.12474563,2024,,6,MAPC,V1:(NO) / V3:(NO) / V4:(NO),"V1:(NO) / V2:(NO) / V3:(YES, OTHER REASON NOT DISABLED) / V4:(NO)",SUFFOLK,"V1:(NO, NOT FEDERALLY REPORTABLE) / V2:(NO, NOT FEDERALLY REPORTABLE) / V3:(NO, NOT FEDERALLY REPORTABLE) / V4:(YES, FEDERALLY REPORTABLE)","YES, FEDERALLY REPORTABLE","YES, HIT AND RUN",TRAFFIC CONGESTION RELATED,"NO, SCHOOL BUS NOT INVOLVED",25.0,"NO, DEVICE NOT FUNCTIONING",NO,33898.0,2009,3,3,2,2,ALL CURBS (DIVIDED HIGHWAY),0,8,0,NO SHOULDER,22,BITUMINOUS CONCRETE ROAD,0,NO SHOULDER,2,2,3,RAISED MEDIAN,LARGE URBANIZED AREA,RURAL OR URBAN PRINCIPAL ARTERIAL,BOSTON (MA-NH-RI),MAINLINE ROADWAY,TWO-WAY TRAFFIC,NO ACCESS CONTROL,30.0,CENTRE STREET,WEST ROXBURY CENTRE STREET ROTARY,MURRAY CIRCLE,BOSTON,FAIR,LEVEL TERRAIN,ESTIMATE,8536,0,0,0,PRINCIPAL ARTERIAL - OTHER,3,NOT REPORTED,64.0,DCC1:NOT REPORTED,NOT REPORTED,MA,NOT REPORTED,NO,"NO, NOT FEDERALLY REPORTABLE",NOT REPORTED,SUSPECTED MINOR INJURY (B),COLLISION WITH MOTOR VEHICLE IN TRAFFIC,1,SLOWING OR STOPPED IN TRAFFIC,PASSENGER CAR,MDA1:CENTER REAR,DORCHESTER,MA,MA,PAN,SEQ1:COLLISION WITH MOTOR VEHICLE IN TRAFFIC,"YES, OTHER REASON NOT DISABLED",TOYT,COROLL,V4: (90-10-A),SOUTHBOUND,6224713,CENTRE STREET,2024,10,3,Thursday,True
2024,,5445837,BOSTON,10 03 2024,2024-10-03 16:52:00+00:00,OPEN,NON-FATAL INJURY,SUSPECTED MINOR INJURY (B),4,1,0,STATE POLICE,REAR-END,V1: NOT REPORTED / V2: NOT REPORTED / V3: SLOWING OR STOPPED IN TRAFFIC / V4: SLOWING OR STOPPED IN TRAFFIC,V1: S  / V2: S  / V3: S  / V4: S,V1:(COLLISION WITH MOTOR VEHICLE IN TRAFFIC) V2:(COLLISION WITH MOTOR VEHICLE IN TRAFFIC) V3:(COLLISION WITH MOTOR VEHICLE IN TRAFFIC) V4:(COLLISION WITH MOTOR VEHICLE IN TRAFFIC),DAYLIGHT,CLEAR,DRY,COLLISION WITH MOTOR VEHICLE IN TRAFFIC,V3:(COLLISION WITH MOTOR VEHICLE IN TRAFFIC) / V4:(COLLISION WITH MOTOR VEHICLE IN TRAFFIC),,"V3:(PASSENGER CAR) / V4:(SINGLE-UNIT TRUCK (2-AXLE, 6-TIRES))",1051,CENTRE STREET,100 FEET N  OF,RAMBLER ROAD,,NOT REPORTED,NO CONTROLS,"TWO-WAY, DIVIDED, POSITIVE MEDIAN BARRIER",DEPARTMENT OF CONSERVATION AND RECREATION,ROADWAY,,YES,OPERATOR DESIGNATED,230940.20604554,894980.80009224,42.30469707,-71.12474563,2024,,6,MAPC,V1:(NO) / V3:(NO) / V4:(NO),"V1:(NO) / V2:(NO) / V3:(YES, OTHER REASON NOT DISABLED) / V4:(NO)",SUFFOLK,"V1:(NO, NOT FEDERALLY REPORTABLE) / V2:(NO, NOT FEDERALLY REPORTABLE) / V3:(NO, NOT FEDERALLY REPORTABLE) / V4:(YES, FEDERALLY REPORTABLE)","YES, FEDERALLY REPORTABLE","YES, HIT AND RUN",TRAFFIC CONGESTION RELATED,"NO, SCHOOL BUS NOT INVOLVED",25.0,"NO, DEVICE NOT FUNCTIONING",NO,33898.0,2009,3,3,2,2,ALL CURBS (DIVIDED HIGHWAY),0,8,0,NO SHOULDER,22,BITUMINOUS CONCRETE ROAD,0,NO SHOULDER,2,2,3,RAISED MEDIAN,LARGE URBANIZED AREA,RURAL OR URBAN PRINCIPAL ARTERIAL,BOSTON (MA-NH-RI),MAINLINE ROADWAY,TWO-WAY TRAFFIC,NO ACCESS CONTROL,30.0,CENTRE STREET,WEST ROXBURY CENTRE STREET ROTARY,MURRAY CIRCLE,BOSTON,FAIR,LEVEL TERRAIN,ESTIMATE,8536,0,0,0,PRINCIPAL ARTERIAL - OTHER,4,NO,49.0,DCC1:NOT REPORTED,NOT REPORTED,MA,NO,NO,"YES, FEDERALLY REPORTABLE",NOT REPORTED,NO APPARENT INJURY (O),COLLISION WITH MOTOR VEHICLE IN TRAFFIC,1,SLOWING OR STOPPED IN TRAFFIC,"SINGLE-UNIT TRUCK (2-AXLE, 6-TIRES)","MDA1:CENTER FRONT, MDA2:CENTER REAR",ROSLINDALE,MA,MA,CON,SEQ1:COLLISION WITH MOTOR VEHICLE IN TRAFFIC,NO,FRHT,CHASSI,V4: (90-10-A),SOUTHBOUND,6224714,CENTRE STREET,2024,10,3,Thursday,True
2024,,5445826,BOSTON,10 03 2024,2024-10-03 16:58:00+00:00,OPEN,NON-FATAL INJURY,SUSPECTED MINOR INJURY (B),2,1,0,STATE POLICE,ANGLE,V1: TRAVELLING STRAIGHT AHEAD / V2: TURNING LEFT,V1: S  / V2: W,V1:(COLLISION WITH MOTOR VEHICLE IN TRAFFIC) V2:(COLLISION WITH MOTOR VEHICLE IN TRAFFIC),DAYLIGHT,CLEAR,DRY,COLLISION WITH MOTOR VEHICLE IN TRAFFIC,V1:(COLLISION WITH MOTOR VEHICLE IN TRAFFIC) / V2:(COLLISION WITH MOTOR VEHICLE IN TRAFFIC),"D1: (NO IMPROPER DRIVING)  / D2: (FAILED TO YIELD RIGHT OF WAY),(INATTENTION)","V1:(MOTORCYCLE) / V2:(LIGHT TRUCK(VAN, MINI-VAN, PICKUP, SPORT UTILITY))",,WHITCOMB AVENUE / CENTRE STREET,,,,T-INTERSECTION,WARNING SIGNS,"TWO-WAY, DIVIDED, UNPROTECTED MEDIAN",CITY OR TOWN ACCEPTED ROAD,ROADWAY,,YES,OPERATOR DESIGNATED,230817.5467,894658.3124,42.30179862,-71.12625041,2024,D1: NOT DISTRACTED,6,MAPC,V1:(NO) / V2:(NO),"V1:(YES, OTHER REASON NOT DISABLED) / V2:(NO)",SUFFOLK,"V1:(NO, NOT FEDERALLY REPORTABLE) / V2:(NO, NOT FEDERALLY REPORTABLE)","NO, NOT FEDERALLY REPORTABLE",NO HIT AND RUN,,"NO, SCHOOL BUS NOT INVOLVED",25.0,"YES, DEVICE FUNCTIONING",NO,1154.0,,,,,,BOTH SIDES,6,6,0,NO SHOULDER,24,BITUMINOUS CONCRETE ROAD,0,NO SHOULDER,2,0,0,,LARGE URBANIZED AREA,LOCAL,BOSTON (MA-NH-RI),MAINLINE ROADWAY,TWO-WAY TRAFFIC,NO ACCESS CONTROL,,WHITCOMB AVENUE,CENTRE STREET,ARBORVIEW ROAD,BOSTON,FAIR,MOUNTAINOUS TERRAIN,,,,0,0,LOCAL,1,NO,30.0,"DCC1:NO IMPROPER DRIVING, DCC2:NOT REPORTED",NOT DISTRACTED,MA,NO,NO,"NO, NOT FEDERALLY REPORTABLE",NOT REPORTED,SUSPECTED MINOR INJURY (B),COLLISION WITH MOTOR VEHICLE IN TRAFFIC,1,TRAVELLING STRAIGHT AHEAD,MOTORCYCLE,"MDA1:CENTER FRONT, MDA2:RIGHT SIDE, MDA3:LEFT SIDE",BOSTON,MA,MA,MCS,SEQ1:COLLISION WITH MOTOR VEHICLE IN TRAFFIC,"YES, OTHER REASON NOT DISABLED",HOND,VT750,"V2: (90-23-F),(89-9)",SOUTHBOUND,6224737,CENTRE STREET,2024,10,3,Thursday,True
2024,,5445826,BOSTON,10 03 2024,2024-10-03 16:58:00+00:00,OPEN,NON-FATAL INJURY,SUSPECTED MINOR INJURY (B),2,1,0,STATE POLICE,ANGLE,V1: TRAVELLING STRAIGHT AHEAD / V2: TURNING LEFT,V1: S  / V2: W,V1:(COLLISION WITH MOTOR VEHICLE IN TRAFFIC) V2:(COLLISION WITH MOTOR VEHICLE IN TRAFFIC),DAYLIGHT,CLEAR,DRY,COLLISION WITH MOTOR VEHICLE IN TRAFFIC,V1:(COLLISION WITH MOTOR VEHICLE IN TRAFFIC) / V2:(COLLISION WITH MOTOR VEHICLE IN TRAFFIC),"D1: (NO IMPROPER DRIVING)  / D2: (FAILED TO YIELD RIGHT OF WAY),(INATTENTION)","V1:(MOTORCYCLE) / V2:(LIGHT TRUCK(VAN, MINI-VAN, PICKUP, SPORT UTILITY))",,WHITCOMB AVENUE / CENTRE STREET,,,,T-INTERSECTION,WARNING SIGNS,"TWO-WAY, DIVIDED, UNPROTECTED MEDIAN",CITY OR TOWN ACCEPTED ROAD,ROADWAY,,YES,OPERATOR DESIGNATED,230817.5467,894658.3124,42.30179862,-71.12625041,2024,D1: NOT DISTRACTED,6,MAPC,V1:(NO) / V2:(NO),"V1:(YES, OTHER REASON NOT DISABLED) / V2:(NO)",SUFFOLK,"V1:(NO, NOT FEDERALLY REPORTABLE) / V2:(NO, NOT FEDERALLY REPORTABLE)","NO, NOT FEDERALLY REPORTABLE",NO HIT AND RUN,,"NO, SCHOOL BUS NOT INVOLVED",25.0,"YES, DEVICE FUNCTIONING",NO,1154.0,,,,,,BOTH SIDES,6,6,0,NO SHOULDER,24,BITUMINOUS CONCRETE ROAD,0,NO SHOULDER,2,0,0,,LARGE URBANIZED AREA,LOCAL,BOSTON (MA-NH-RI),MAINLINE ROADWAY,TWO-WAY TRAFFIC,NO ACCESS CONTROL,,WHITCOMB AVENUE,CENTRE STREET,ARBORVIEW ROAD,BOSTON,FAIR,MOUNTAINOUS TERRAIN,,,,0,0,LOCAL,2,NO,43.0,"DCC1:FAILED TO YIELD RIGHT OF WAY, DCC2:INATTENTION",NOT REPORTED,MA,NO,NO,"NO, NOT FEDERALLY REPORTABLE",NOT REPORTED,NO APPARENT INJURY (O),COLLISION WITH MOTOR VEHICLE IN TRAFFIC,1,TURNING LEFT,"LIGHT TRUCK(VAN, MINI-VAN, PICKUP, SPORT UTILITY)",MDA1:CENTER FRONT,DORCHESTER,MA,MA,PAN,SEQ1:COLLISION WITH MOTOR VEHICLE IN TRAFFIC,NO,NISS,PATHFINDER,"V2: (90-23-F),(89-9)",WESTBOUND,6224738,CENTRE STREET,2024,10,3,Thursday,True
2024,,5445820,BOSTON,09 26 2024,2024-09-26 22:03:00+00:00,OPEN,PROPERTY DAMAGE ONLY (NONE INJURED),NO APPARENT INJURY (O),2,0,0,STATE POLICE,ANGLE,V1: TRAVELLING STRAIGHT AHEAD / V2: TRAVELLING STRAIGHT AHEAD,V1: E  / V2: N,"V1:(COLLISION WITH MOTOR VEHICLE IN TRAFFIC),(COLLISION WITH OTHER MOVABLE OBJECT) V2:(COLLISION WITH MOTOR VEHICLE IN TRAFFIC),(COLLISION WITH OTHER MOVABLE OBJECT)",DUSK,RAIN,WET,COLLISION WITH MOTOR VEHICLE IN TRAFFIC,V1:(COLLISION WITH MOTOR VEHICLE IN TRAFFIC) / V2:(COLLISION WITH MOTOR VEHICLE IN TRAFFIC),,V1:(PASSENGER CAR) / V2:(PASSENGER CAR),,WASHINGTON STREET / ARBORWAY RTE SR203 E,,,,FOUR-WAY INTERSECTION,TRAFFIC CONTROL SIGNAL,"TWO-WAY, DIVIDED, UNPROTECTED MEDIAN",CITY OR TOWN ACCEPTED ROAD,ROADWAY,,YES,AT INTERSECTION,231950.6145,894613.2253,42.30134719,-71.11251144,2024,,6,MAPC,V1:(NO) / V2:(NO),"V1:(YES, VEHICLE OR TRAILER DISABLED) / V2:(YES, VEHICLE OR TRAILER DISABLED)",SUFFOLK,"V1:(NO, NOT FEDERALLY REPORTABLE) / V2:(NO, NOT FEDERALLY REPORTABLE)","NO, NOT FEDERALLY REPORTABLE",NO HIT AND RUN,TRAFFIC CONGESTION RELATED,"NO, SCHOOL BUS NOT INVOLVED",35.0,"YES, DEVICE FUNCTIONING",NO,27562.0,2020,,,,,BOTH SIDES,10,10,0,NO SHOULDER,40,BITUMINOUS CONCRETE ROAD,0,NO SHOULDER,4,0,0,,LARGE URBANIZED AREA,RURAL MINOR ARTERIAL OR URBAN PRINCIPAL ARTERIAL,BOSTON (MA-NH-RI),MAINLINE ROADWAY,TWO-WAY TRAFFIC,NO ACCESS CONTROL,25.0,WASHINGTON STREET,HYDE PARK AVENUE,DEVONSHIRE PLACE,BOSTON,FAIR,LEVEL TERRAIN,PULLED BACK FROM HPMS NETWORK ESTIMATION ROUTINE,,30,0,0,PRINCIPAL ARTERIAL - OTHER,1,NO,20.0,DCC1:NOT REPORTED,NOT REPORTED,IL,NO,NO,"NO, NOT FEDERALLY REPORTABLE",NOT REPORTED,NO APPARENT INJURY (O),COLLISION WITH MOTOR VEHICLE IN TRAFFIC,1,TRAVELLING STRAIGHT AHEAD,PASSENGER CAR,"MDA1:RIGHT FRONT, MDA2:RIGHT SIDE, MDA3:CENTER REAR",,98,IL,PAN,"SEQ1:COLLISION WITH MOTOR VEHICLE IN TRAFFIC, SEQ2:COLLISION WITH OTHER MOVABLE OBJECT","YES, VEHICLE OR TRAILER DISABLED",ACURA,,,EASTBOUND,6224748,WASHINGTON STREET,2024,9,26,Thursday,False
2024,,5445820,BOSTON,09 26 2024,2024-09-26 22:03:00+00:00,OPEN,PROPERTY DAMAGE ONLY (NONE INJURED),NO APPARENT INJURY (O),2,0,0,STATE POLICE,ANGLE,V1: TRAVELLING STRAIGHT AHEAD / V2: TRAVELLING STRAIGHT AHEAD,V1: E  / V2: N,"V1:(COLLISION WITH MOTOR VEHICLE IN TRAFFIC),(COLLISION WITH OTHER MOVABLE OBJECT) V2:(COLLISION WITH MOTOR VEHICLE IN TRAFFIC),(COLLISION WITH OTHER MOVABLE OBJECT)",DUSK,RAIN,WET,COLLISION WITH MOTOR VEHICLE IN TRAFFIC,V1:(COLLISION WITH MOTOR VEHICLE IN TRAFFIC) / V2:(COLLISION WITH MOTOR VEHICLE IN TRAFFIC),,V1:(PASSENGER CAR) / V2:(PASSENGER CAR),,WASHINGTON STREET / ARBORWAY RTE SR203 E,,,,FOUR-WAY INTERSECTION,TRAFFIC CONTROL SIGNAL,"TWO-WAY, DIVIDED, UNPROTECTED MEDIAN",CITY OR TOWN ACCEPTED ROAD,ROADWAY,,YES,AT INTERSECTION,231950.6145,894613.2253,42.30134719,-71.11251144,2024,,6,MAPC,V1:(NO) / V2:(NO),"V1:(YES, VEHICLE OR TRAILER DISABLED) / V2:(YES, VEHICLE OR TRAILER DISABLED)",SUFFOLK,"V1:(NO, NOT FEDERALLY REPORTABLE) / V2:(NO, NOT FEDERALLY REPORTABLE)","NO, NOT FEDERALLY REPORTABLE",NO HIT AND RUN,TRAFFIC CONGESTION RELATED,"NO, SCHOOL BUS NOT INVOLVED",35.0,"YES, DEVICE FUNCTIONING",NO,27562.0,2020,,,,,BOTH SIDES,10,10,0,NO SHOULDER,40,BITUMINOUS CONCRETE ROAD,0,NO SHOULDER,4,0,0,,LARGE URBANIZED AREA,RURAL MINOR ARTERIAL OR URBAN PRINCIPAL ARTERIAL,BOSTON (MA-NH-RI),MAINLINE ROADWAY,TWO-WAY TRAFFIC,NO ACCESS CONTROL,25.0,WASHINGTON STREET,HYDE PARK AVENUE,DEVONSHIRE PLACE,BOSTON,FAIR,LEVEL TERRAIN,PULLED BACK FROM HPMS NETWORK ESTIMATION ROUTINE,,30,0,0,PRINCIPAL ARTERIAL - OTHER,2,NO,26.0,DCC1:NOT REPORTED,NOT REPORTED,MA,NO,NO,"NO, NOT FEDERALLY REPORTABLE",NOT REPORTED,NO APPARENT INJURY (O),COLLISION WITH MOTOR VEHICLE IN TRAFFIC,1,TRAVELLING STRAIGHT AHEAD,PASSENGER CAR,"MDA1:LEFT SIDE, MDA2:LEFT FRONT",,98,FL,PAN,"SEQ1:COLLISION WITH MOTOR VEHICLE IN TRAFFIC, SEQ2:COLLISION WITH OTHER MOVABLE OBJECT","YES, VEHICLE OR TRAILER DISABLED",BMW,,,NORTHBOUND,6224749,WASHINGTON STREET,2024,9,26,Thursday,False
2024,,5445806,BOSTON,10 04 2024,2024-10-04 20:30:00+00:00,OPEN,PROPERTY DAMAGE ONLY (NONE INJURED),NO APPARENT INJURY (O),2,0,0,STATE POLICE,"SIDESWIPE, SAME DIRECTION",V1: OVERTAKING/PASSING / V2: TRAVELLING STRAIGHT AHEAD,V1: N  / V2: N,"V1:(RAN OFF ROAD LEFT),(COLLISION WITH MOTOR VEHICLE IN TRAFFIC),(RAN OFF ROAD RIGHT),(COLLISION WITH CURB) V2:(COLLISION WITH MOTOR VEHICLE IN TRAFFIC)",DARK - LIGHTED ROADWAY,CLEAR,DRY,COLLISION WITH MOTOR VEHICLE IN TRAFFIC,V1:(COLLISION WITH CURB) / V2:(COLLISION WITH MOTOR VEHICLE IN TRAFFIC),"D1: (FOLLOWED TOO CLOSELY),(FAILED TO YIELD RIGHT OF WAY)  / D2: (NO IMPROPER DRIVING),(NO IMPROPER DRIVING)",V1:(PASSENGER CAR) / V2:(PASSENGER CAR),,WASHINGTON STREET / ARBORWAY RTE SR203 E,,,AT WASHINGTON STREET,FOUR-WAY INTERSECTION,TRAFFIC CONTROL SIGNAL,"TWO-WAY, NOT DIVIDED",CITY OR TOWN ACCEPTED ROAD,ROADWAY,,YES,OPERATOR DESIGNATED,231950.6145,894613.2253,42.30134719,-71.11251144,2024,D2: NOT DISTRACTED,6,MAPC,V1:(NO) / V2:(NO),"V1:(YES, VEHICLE OR TRAILER DISABLED) / V2:(NO)",SUFFOLK,"V1:(NO, NOT FEDERALLY REPORTABLE) / V2:(NO, NOT FEDERALLY REPORTABLE)","NO, NOT FEDERALLY REPORTABLE",NO HIT AND RUN,,"NO, SCHOOL BUS NOT INVOLVED",25.0,"YES, DEVICE FUNCTIONING",NO,27562.0,2020,,,,,BOTH SIDES,10,10,0,NO SHOULDER,40,BITUMINOUS CONCRETE ROAD,0,NO SHOULDER,4,0,0,,LARGE URBANIZED AREA,RURAL MINOR ARTERIAL OR URBAN PRINCIPAL ARTERIAL,BOSTON (MA-NH-RI),MAINLINE ROADWAY,TWO-WAY TRAFFIC,NO ACCESS CONTROL,25.0,WASHINGTON STREET,HYDE PARK AVENUE,DEVONSHIRE PLACE,BOSTON,FAIR,LEVEL TERRAIN,PULLED BACK FROM HPMS NETWORK ESTIMATION ROUTINE,,30,0,0,PRINCIPAL ARTERIAL - OTHER,1,NO,22.0,"DCC1:FOLLOWED TOO CLOSELY, DCC2:FAILED TO YIELD RIGHT OF WAY",NOT REPORTED,MA,NO,NO,"NO, NOT FEDERALLY REPORTABLE",NOT REPORTED,NO APPARENT INJURY (O),COLLISION WITH CURB,1,OVERTAKING/PASSING,PASSENGER CAR,"MDA1:CENTER FRONT, MDA2:RIGHT FRONT, MDA3:LEFT FRONT",HYDE PARK,MA,MA,PAN,"SEQ1:RAN OFF ROAD LEFT, SEQ2:COLLISION WITH MOTOR VEHICLE IN TRAFFIC,SEQ3:RAN OFF ROAD RIGHT,SEQ4:COLLISION WITH CURB","YES, VEHICLE OR TRAILER DISABLED",HOND,CIVICE,V1: (89-4A),NORTHBOUND,6224777,WASHINGTON STREET,2024,10,4,Friday,False
2024,,5445806,BOSTON,10 04 2024,2024-10-04 20:30:00+00:00,OPEN,PROPERTY DAMAGE ONLY (NONE INJURED),NO APPARENT INJURY (O),2,0,0,STATE POLICE,"SIDESWIPE, SAME DIRECTION",V1: OVERTAKING/PASSING / V2: TRAVELLING STRAIGHT AHEAD,V1: N  / V2: N,"V1:(RAN OFF ROAD LEFT),(COLLISION WITH MOTOR VEHICLE IN TRAFFIC),(RAN OFF ROAD RIGHT),(COLLISION WITH CURB) V2:(COLLISION WITH MOTOR VEHICLE IN TRAFFIC)",DARK - LIGHTED ROADWAY,CLEAR,DRY,COLLISION WITH MOTOR VEHICLE IN TRAFFIC,V1:(COLLISION WITH CURB) / V2:(COLLISION WITH MOTOR VEHICLE IN TRAFFIC),"D1: (FOLLOWED TOO CLOSELY),(FAILED TO YIELD RIGHT OF WAY)  / D2: (NO IMPROPER DRIVING),(NO IMPROPER DRIVING)",V1:(PASSENGER CAR) / V2:(PASSENGER CAR),,WASHINGTON STREET / ARBORWAY RTE SR203 E,,,AT WASHINGTON STREET,FOUR-WAY INTERSECTION,TRAFFIC CONTROL SIGNAL,"TWO-WAY, NOT DIVIDED",CITY OR TOWN ACCEPTED ROAD,ROADWAY,,YES,OPERATOR DESIGNATED,231950.6145,894613.2253,42.30134719,-71.11251144,2024,D2: NOT DISTRACTED,6,MAPC,V1:(NO) / V2:(NO),"V1:(YES, VEHICLE OR TRAILER DISABLED) / V2:(NO)",SUFFOLK,"V1:(NO, NOT FEDERALLY REPORTABLE) / V2:(NO, NOT FEDERALLY REPORTABLE)","NO, NOT FEDERALLY REPORTABLE",NO HIT AND RUN,,"NO, SCHOOL BUS NOT INVOLVED",25.0,"YES, DEVICE FUNCTIONING",NO,27562.0,2020,,,,,BOTH SIDES,10,10,0,NO SHOULDER,40,BITUMINOUS CONCRETE ROAD,0,NO SHOULDER,4,0,0,,LARGE URBANIZED AREA,RURAL MINOR ARTERIAL OR URBAN PRINCIPAL ARTERIAL,BOSTON (MA-NH-RI),MAINLINE ROADWAY,TWO-WAY TRAFFIC,NO ACCESS CONTROL,25.0,WASHINGTON STREET,HYDE PARK AVENUE,DEVONSHIRE PLACE,BOSTON,FAIR,LEVEL TERRAIN,PULLED BACK FROM HPMS NETWORK ESTIMATION ROUTINE,,30,0,0,PRINCIPAL ARTERIAL - OTHER,2,NO,59.0,DCC1:NO IMPROPER DRIVING,NOT DISTRACTED,MA,NO,NO,"NO, NOT FEDERALLY REPORTABLE",NOT REPORTED,NO APPARENT INJURY (O),COLLISION WITH MOTOR VEHICLE IN TRAFFIC,1,TRAVELLING STRAIGHT AHEAD,PASSENGER CAR,MDA1:RIGHT FRONT,BOSTON,MA,MA,PAN,SEQ1:COLLISION WITH MOTOR VEHICLE IN TRAFFIC,NO,HOND,PILOT,V1: (89-4A),NORTHBOUND,6224778,WASHINGTON STREET,2024,10,4,Friday,False