SOURCE_YEAR,OBJECTID,CRASH_NUMB,CITY_TOWN_NAME,CRASH_DATE_TEXT,CRASH_DATETIME,CRASH_STATUS,CRASH_SEVERITY_DESCR,MAX_INJR_SVRTY_CL,NUMB_VEHC,NUMB_NONFATAL_INJR,NUMB_FATAL_INJR,POLC_AGNCY_TYPE_DESCR,MANR_COLL_DESCR,VEHC_MNVR_ACTN_CL,VEHC_TRVL_DIRC_CL,VEHC_SEQ_EVENTS_CL,AMBNT_LIGHT_DESCR,WEATH_COND_DESCR,ROAD_SURF_COND_DESCR,FIRST_HRMF_EVENT_DESCR,MOST_HRMFL_EVT_CL,DRVR_CNTRB_CIRC_CL,VEHC_CONFIG_CL,STREET_NUMB,RDWY,DIST_DIRC_FROM_INT,NEAR_INT_RDWY,LANDMARK,RDWY_JNCT_TYPE_DESCR,TRAF_CNTRL_DEVC_TYPE_DESCR,TRAFY_DESCR_DESCR,JURISDICTN,FIRST_HRMF_EVENT_LOC_DESCR,NON_MTRST_TYPE_CL,IS_GEOCODED,GEOCODING_METHOD_NAME,X,Y,LAT,LON,YEAR,DRVR_DISTRACTED_CL,DISTRICT_NUM,RPA_ABBR,VEHC_EMER_USE_CL,VEHC_TOWED_FROM_SCENE_CL,CNTY_NAME,FMCSA_RPTBL_CL,FMCSA_RPTBL,HIT_RUN_DESCR,ROAD_CNTRB_DESCR,SCHL_BUS_RELD_DESCR,SPEED_LIMIT,TRAF_CNTRL_DEVC_FUNC_DESCR,WORK_ZONE_RELD_DESCR,AADT,AADT_YEAR,PK_PCT_SUT,AV_PCT_SUT,PK_PCT_CT,AV_PCT_CT,CURB,LT_SIDEWLK,RT_SIDEWLK,SHLDR_LT_W,SHLDR_LT_T,SURFACE_WD,SURFACE_TP,SHLDR_RT_W,SHLDR_RT_T,NUM_LANES,OPP_LANES,MED_WIDTH,MED_TYPE,URBAN_TYPE,F_CLASS,URBAN_AREA,FACILITY,OPERATION,CONTROL,SPEED_LIM,STREETNAME,FROMSTREETNAME,TOSTREETNAME,CITY,STRUCT_CND,TERRAIN,AADT_DERIV,STATN_NUM,OP_DIR_SL,SHLDR_UL_T,SHLDR_UL_W,F_F_CLASS,VEHC_UNIT_NUMB,ALC_SUSPD_TYPE_DESCR,DRIVER_AGE,DRVR_CNTRB_CIRC_DESCR,DRIVER_DISTRACTED_TYPE_DESCR,DRVR_LCN_STATE,DRUG_SUSPD_TYPE_DESCR,EMERGENCY_USE_DESC,FMCSA_RPTBL_VL,HAZ_MAT_PLACARD_DESCR,MAX_INJR_SVRTY_VL,MOST_HRMF_EVENT,TOTAL_OCCPT_IN_VEHC,VEHC_MANR_ACT_DESCR,VEHC_CONFG_DESCR,VEHC_MOST_DMGD_AREA,OWNER_ADDR_CITY_TOWN,OWNER_ADDR_STATE,VEHC_REG_STATE,VEHC_REG_TYPE_CODE,VEHC_SEQ_EVENTS,VEHC_TOWED_FROM_SCENE,VEHICLE_MAKE_DESCR,VEHICLE_MODEL_DESCR,DRIVER_VIOLATION_CL,TRVL_DIRC_DESCR,OBJECTID_1,TARGET_STREET,CRASH_YEAR,CRASH_MONTH,CRASH_DAY,CRASH_WEEKDAY,HAS_INJURY
2024,,5457439,BOSTON,11 08 2024,2024-11-08 16:56:00+00:00,OPEN,NON-FATAL INJURY,SUSPECTED MINOR INJURY (B),2,1,0,LOCAL POLICE,NOT REPORTED,V1: NOT REPORTED / V2: PARKED,V1:    / V2:,V2:(COLLISION WITH PARKED MOTOR VEHICLE),NOT REPORTED,NOT REPORTED,NOT REPORTED,NOT REPORTED,V2:(COLLISION WITH PARKED MOTOR VEHICLE),D2: (NO IMPROPER DRIVING),"V1:(BUS (SEATS FOR 9-15 PEOPLE, INCLUDING DRIVER)) / V2:(PASSENGER CAR)",325,CENTRE ST RTE E,,,,NOT REPORTED,NOT REPORTED,NOT REPORTED,CITY OR TOWN ACCEPTED ROAD,NOT REPORTED,,YES,AT ADDRESS,232593.21224778,896993.92119918,42.32275353,-71.10458445,2024,,6,MAPC,V2:(NO),"V1:(NO) / V2:(YES, VEHICLE OR TRAILER DISABLED)",SUFFOLK,"V1:(YES, FEDERALLY REPORTABLE) / V2:(NO, NOT FEDERALLY REPORTABLE)","YES, FEDERALLY REPORTABLE",NO HIT AND RUN,NOT REPORTED,NOT REPORTED,,NOT REPORTED,NOT REPORTED,20621.0,2020,0.477,1012,0.068,124,BOTH SIDES,10,10,0,NO SHOULDER,43,BITUMINOUS CONCRETE ROAD,0,NO SHOULDER,2,0,0,,LARGE URBANIZED AREA,URBAN MINOR ARTERIAL OR RURAL MAJOR COLLECTOR,BOSTON (MA-NH-RI),MAINLINE ROADWAY,TWO-WAY TRAFFIC,NO ACCESS CONTROL,99.0,CENTRE STREET,CENTRE PERKINS STREET ROTARY,COLUMBUS AVENUE,BOSTON,FAIR,LEVEL TERRAIN,GROWN FROM PRIOR YEAR HPMS NETWORK,,99,0,0,MINOR ARTERIAL,1,NOT REPORTED,,DCC1:NOT REPORTED,NOT REPORTED,MA,NOT REPORTED,NOT REPORTED,"YES, FEDERALLY REPORTABLE",NOT REPORTED,NOT REPORTED,NOT REPORTED,1,NOT REPORTED,"BUS (SEATS FOR 9-15 PEOPLE, INCLUDING DRIVER)",,,98,96,,,NO,,,,,6251413,CENTRE STREET,2024,11,8,Friday,True
2024,,5457439,BOSTON,11 08 2024,2024-11-08 16:56:00+00:00,OPEN,NON-FATAL INJURY,SUSPECTED MINOR INJURY (B),2,1,0,LOCAL POLICE,NOT REPORTED,V1: NOT REPORTED / V2: PARKED,V1:    / V2:,V2:(COLLISION WITH PARKED MOTOR VEHICLE),NOT REPORTED,NOT REPORTED,NOT REPORTED,NOT REPORTED,V2:(COLLISION WITH PARKED MOTOR VEHICLE),D2: (NO IMPROPER DRIVING),"V1:(BUS (SEATS FOR 9-15 PEOPLE, INCLUDING DRIVER)) / V2:(PASSENGER CAR)",325,CENTRE ST RTE E,,,,NOT REPORTED,NOT REPORTED,NOT REPORTED,CITY OR TOWN ACCEPTED ROAD,NOT REPORTED,,YES,AT ADDRESS,232593.21224778,896993.92119918,42.32275353,-71.10458445,2024,,6,MAPC,V2:(NO),"V1:(NO) / V2:(YES, VEHICLE OR TRAILER DISABLED)",SUFFOLK,"V1:(YES, FEDERALLY REPORTABLE) / V2:(NO, NOT FEDERALLY REPORTABLE)","YES, FEDERALLY REPORTABLE",NO HIT AND RUN,NOT REPORTED,NOT REPORTED,,NOT REPORTED,NOT REPORTED,20621.0,2020,0.477,1012,0.068,124,BOTH SIDES,10,10,0,NO SHOULDER,43,BITUMINOUS CONCRETE ROAD,0,NO SHOULDER,2,0,0,,LARGE URBANIZED AREA,URBAN MINOR ARTERIAL OR RURAL MAJOR COLLECTOR,BOSTON (MA-NH-RI),MAINLINE ROADWAY,TWO-WAY TRAFFIC,NO ACCESS CONTROL,99.0,CENTRE STREET,CENTRE PERKINS STREET ROTARY,COLUMBUS AVENUE,BOSTON,FAIR,LEVEL TERRAIN,GROWN FROM PRIOR YEAR HPMS NETWORK,,99,0,0,MINOR ARTERIAL,2,NOT REPORTED,35.0,"DCC1:NO IMPROPER DRIVING, DCC2:NOT REPORTED",NOT REPORTED,MA,NOT REPORTED,NO,"NO, NOT FEDERALLY REPORTABLE",NOT REPORTED,SUSPECTED MINOR INJURY (B),COLLISION WITH PARKED MOTOR VEHICLE,1,PARKED,PASSENGER CAR,"MDA1:LEFT FRONT, MDA2:LEFT SIDE",,98,96,,SEQ1:COLLISION WITH PARKED MOTOR VEHICLE,"YES, VEHICLE OR TRAILER DISABLED",HONDA,,,,6251414,CENTRE STREET,2024,11,8,Friday,True
2024,,5461624,BOSTON,11 16 2024,2024-11-16 19:50:00+00:00,OPEN,NON-FATAL INJURY,SUSPECTED SERIOUS INJURY (A),2,2,0,LOCAL POLICE,HEAD-ON,V1: TRAVELLING STRAIGHT AHEAD / V2: TRAVELLING STRAIGHT AHEAD,V1: N  / V2: N,V1:(COLLISION WITH MOTOR VEHICLE IN TRAFFIC) V2:(COLLISION WITH MOTOR VEHICLE IN TRAFFIC),DARK - LIGHTED ROADWAY,CLEAR,DRY,COLLISION WITH MOTOR VEHICLE IN TRAFFIC,V1:(COLLISION WITH MOTOR VEHICLE IN TRAFFIC) / V2:(COLLISION WITH MOTOR VEHICLE IN TRAFFIC),D1: (UNKNOWN)  / D2: (FAILED TO YIELD RIGHT OF WAY),V1:(PASSENGER CAR) / V2:(PASSENGER CAR),,WASHINGTON ST RTE N  / ARCHDALE RD RTE N,,,,FOUR-WAY INTERSECTION,TRAFFIC CONTROL SIGNAL,"TWO-WAY, NOT DIVIDED",CITY OR TOWN ACCEPTED ROAD,ROADWAY,,YES,AT INTERSECTION,231222.5469,893657.5623,42.29277297,-71.12139257,2024,,6,MAPC,V1:(NO) / V2:(NO),"V1:(YES, VEHICLE OR TRAILER DISABLED) / V2:(YES, VEHICLE OR TRAILER DISABLED)",SUFFOLK,"V1:(NO, NOT FEDERALLY REPORTABLE) / V2:(NO, NOT FEDERALLY REPORTABLE)","NO, NOT FEDERALLY REPORTABLE",NO HIT AND RUN,,"NO, SCHOOL BUS NOT INVOLVED",25.0,"YES, DEVICE FUNCTIONING",NO,14717.0,2020,0.558,677,0.155,162,BOTH SIDES,8,8,0,NO SHOULDER,22,BITUMINOUS CONCRETE ROAD,0,NO SHOULDER,2,0,0,,LARGE URBANIZED AREA,RURAL MINOR ARTERIAL OR URBAN PRINCIPAL ARTERIAL,BOSTON (MA-NH-RI),MAINLINE ROADWAY,TWO-WAY TRAFFIC,NO ACCESS CONTROL,30.0,WASHINGTON STREET,DEDHAM TOWN LINE,SOUTH STREET,BOSTON,FAIR,LEVEL TERRAIN,PULLED BACK FROM HPMS NETWORK ESTIMATION ROUTINE,,30,0,0,PRINCIPAL ARTERIAL - OTHER,1,NO,19.0,"DCC1:UNKNOWN, DCC2:NOT REPORTED",,MA,NO,NO,"NO, NOT FEDERALLY REPORTABLE",NOT REPORTED,SUSPECTED SERIOUS INJURY (A),COLLISION WITH MOTOR VEHICLE IN TRAFFIC,2,TRAVELLING STRAIGHT AHEAD,PASSENGER CAR,MDA1:CENTER FRONT,BOSTON,MA,MA,PAN,SEQ1:COLLISION WITH MOTOR VEHICLE IN TRAFFIC,"YES, VEHICLE OR TRAILER DISABLED",SUBA,WRX,"V2: (8980),(894A0)",NORTHBOUND,6263157,WASHINGTON STREET,2024,11,16,Saturday,True
2024,,5461624,BOSTON,11 16 2024,2024-11-16 19:50:00+00:00,OPEN,NON-FATAL INJURY,SUSPECTED SERIOUS INJURY (A),2,2,0,LOCAL POLICE,HEAD-ON,V1: TRAVELLING STRAIGHT AHEAD / V2: TRAVELLING STRAIGHT AHEAD,V1: N  / V2: N,V1:(COLLISION WITH MOTOR VEHICLE IN TRAFFIC) V2:(COLLISION WITH MOTOR VEHICLE IN TRAFFIC),DARK - LIGHTED ROADWAY,CLEAR,DRY,COLLISION WITH MOTOR VEHICLE IN TRAFFIC,V1:(COLLISION WITH MOTOR VEHICLE IN TRAFFIC) / V2:(COLLISION WITH MOTOR VEHICLE IN TRAFFIC),D1: (UNKNOWN)  / D2: (FAILED TO YIELD RIGHT OF WAY),V1:(PASSENGER CAR) / V2:(PASSENGER CAR),,WASHINGTON ST RTE N  / ARCHDALE RD RTE N,,,,FOUR-WAY INTERSECTION,TRAFFIC CONTROL SIGNAL,"TWO-WAY, NOT DIVIDED",CITY OR TOWN ACCEPTED ROAD,ROADWAY,,YES,AT INTERSECTION,231222.5469,893657.5623,42.29277297,-71.12139257,2024,,6,MAPC,V1:(NO) / V2:(NO),"V1:(YES, VEHICLE OR TRAILER DISABLED) / V2:(YES, VEHICLE OR TRAILER DISABLED)",SUFFOLK,"V1:(NO, NOT FEDERALLY REPORTABLE) / V2:(NO, NOT FEDERALLY REPORTABLE)","NO, NOT FEDERALLY REPORTABLE",NO HIT AND RUN,,"NO, SCHOOL BUS NOT INVOLVED",25.0,"YES, DEVICE FUNCTIONING",NO,14717.0,2020,0.558,677,0.155,162,BOTH SIDES,8,8,0,NO SHOULDER,22,BITUMINOUS CONCRETE ROAD,0,NO SHOULDER,2,0,0,,LARGE URBANIZED AREA,RURAL MINOR ARTERIAL OR URBAN PRINCIPAL ARTERIAL,BOSTON (MA-NH-RI),MAINLINE ROADWAY,TWO-WAY TRAFFIC,NO ACCESS CONTROL,30.0,WASHINGTON STREET,DEDHAM TOWN LINE,SOUTH STREET,BOSTON,FAIR,LEVEL TERRAIN,PULLED BACK FROM HPMS NETWORK ESTIMATION ROUTINE,,30,0,0,PRINCIPAL ARTERIAL - OTHER,2,NO,34.0,"DCC1:FAILED TO YIELD RIGHT OF WAY, DCC2:NOT REPORTED",,MA,NO,NO,"NO, NOT FEDERALLY REPORTABLE",NOT REPORTED,SUSPECTED MINOR INJURY (B),COLLISION WITH MOTOR VEHICLE IN TRAFFIC,1,TRAVELLING STRAIGHT AHEAD,PASSENGER CAR,MDA1:CENTER FRONT,HYDE PARK,MA,MA,PAN,SEQ1:COLLISION WITH MOTOR VEHICLE IN TRAFFIC,"YES, VEHICLE OR TRAILER DISABLED",HOND,ACCORD,"V2: (8980),(894A0)",NORTHBOUND,6263158,WASHINGTON STREET,2024,11,16,Saturday,True
2024,,5461623,BOSTON,11 16 2024,2024-11-16 21:30:00+00:00,OPEN,PROPERTY DAMAGE ONLY (NONE INJURED),NO APPARENT INJURY (O),2,0,0,LOCAL POLICE,,V1: TRAVELLING STRAIGHT AHEAD / V2: TRAVELLING STRAIGHT AHEAD,V1: N  / V2: E,V1:(COLLISION WITH MOTOR VEHICLE IN TRAFFIC) V2:(COLLISION WITH MOTOR VEHICLE IN TRAFFIC),DARK - LIGHTED ROADWAY,CLEAR,DRY,COLLISION WITH MOTOR VEHICLE IN TRAFFIC,V1:(COLLISION WITH MOTOR VEHICLE IN TRAFFIC) / V2:(COLLISION WITH MOTOR VEHICLE IN TRAFFIC),D1: (UNKNOWN)  / D2: (UNKNOWN),V1:(PASSENGER CAR) / V2:(PASSENGER CAR),,WASHINGTON STREET RTE E  / ARCHDALE ROAD RTE S,,,,FOUR-WAY INTERSECTION,TRAFFIC CONTROL SIGNAL,"ONE-WAY, NOT DIVIDED",CITY OR TOWN ACCEPTED ROAD,,,YES,AT INTERSECTION,231222.5469,893657.5623,42.29277297,-71.12139257,2024,,6,MAPC,V1:(NO) / V2:(NO),V1:(NO),SUFFOLK,"V1:(NO, NOT FEDERALLY REPORTABLE) / V2:(NO, NOT FEDERALLY REPORTABLE)","NO, NOT FEDERALLY REPORTABLE",NO HIT AND RUN,,"NO, SCHOOL BUS NOT INVOLVED",25.0,"YES, DEVICE FUNCTIONING",NO,14717.0,2020,0.558,677,0.155,162,BOTH SIDES,8,8,0,NO SHOULDER,22,BITUMINOUS CONCRETE ROAD,0,NO SHOULDER,2,0,0,,LARGE URBANIZED AREA,RURAL MINOR ARTERIAL OR URBAN PRINCIPAL ARTERIAL,BOSTON (MA-NH-RI),MAINLINE ROADWAY,TWO-WAY TRAFFIC,NO ACCESS CONTROL,30.0,WASHINGTON STREET,DEDHAM TOWN LINE,SOUTH STREET,BOSTON,FAIR,LEVEL TERRAIN,PULLED BACK FROM HPMS NETWORK ESTIMATION ROUTINE,,30,0,0,PRINCIPAL ARTERIAL - OTHER,1,NO,35.0,"DCC1:UNKNOWN, DCC2:NOT REPORTED",,MA,NO,NO,"NO, NOT FEDERALLY REPORTABLE",NOT REPORTED,NO APPARENT INJURY (O),COLLISION WITH MOTOR VEHICLE IN TRAFFIC,1,TRAVELLING STRAIGHT AHEAD,PASSENGER CAR,"MDA1:RIGHT SIDE, MDA2:RIGHT FRONT",TYNGSBORO,MA,96,PAN,SEQ1:COLLISION WITH MOTOR VEHICLE IN TRAFFIC,NO,HONDA,,,NORTHBOUND,6263159,WASHINGTON STREET,2024,11,16,Saturday,False
2024,,5461623,BOSTON,11 16 2024,2024-11-16 21:30:00+00:00,OPEN,PROPERTY DAMAGE ONLY (NONE INJURED),NO APPARENT INJURY (O),2,0,0,LOCAL POLICE,,V1: TRAVELLING STRAIGHT AHEAD / V2: TRAVELLING STRAIGHT AHEAD,V1: N  / V2: E,V1:(COLLISION WITH MOTOR VEHICLE IN TRAFFIC) V2:(COLLISION WITH MOTOR VEHICLE IN TRAFFIC),DARK - LIGHTED ROADWAY,CLEAR,DRY,COLLISION WITH MOTOR VEHICLE IN TRAFFIC,V1:(COLLISION WITH MOTOR VEHICLE IN TRAFFIC) / V2:(COLLISION WITH MOTOR VEHICLE IN TRAFFIC),D1: (UNKNOWN)  / D2: (UNKNOWN),V1:(PASSENGER CAR) / V2:(PASSENGER CAR),,WASHINGTON STREET RTE E  / ARCHDALE ROAD RTE S,,,,FOUR-WAY INTERSECTION,TRAFFIC CONTROL SIGNAL,"ONE-WAY, NOT DIVIDED",CITY OR TOWN ACCEPTED ROAD,,,YES,AT INTERSECTION,231222.5469,893657.5623,42.29277297,-71.12139257,2024,,6,MAPC,V1:(NO) / V2:(NO),V1:(NO),SUFFOLK,"V1:(NO, NOT FEDERALLY REPORTABLE) / V2:(NO, NOT FEDERALLY REPORTABLE)","NO, NOT FEDERALLY REPORTABLE",NO HIT AND RUN,,"NO, SCHOOL BUS NOT INVOLVED",25.0,"YES, DEVICE FUNCTIONING",NO,14717.0,2020,0.558,677,0.155,162,BOTH SIDES,8,8,0,NO SHOULDER,22,BITUMINOUS CONCRETE ROAD,0,NO SHOULDER,2,0,0,,LARGE URBANIZED AREA,RURAL MINOR ARTERIAL OR URBAN PRINCIPAL ARTERIAL,BOSTON (MA-NH-RI),MAINLINE ROADWAY,TWO-WAY TRAFFIC,NO ACCESS CONTROL,30.0,WASHINGTON STREET,DEDHAM TOWN LINE,SOUTH STREET,BOSTON,FAIR,LEVEL TERRAIN,PULLED BACK FROM HPMS NETWORK ESTIMATION ROUTINE,,30,0,0,PRINCIPAL ARTERIAL - OTHER,2,NO,42.0,"DCC1:UNKNOWN, DCC2:NOT REPORTED",,MA,NO,NO,"NO, NOT FEDERALLY REPORTABLE",NOT REPORTED,NO APPARENT INJURY (O),COLLISION WITH MOTOR VEHICLE IN TRAFFIC,1,TRAVELLING STRAIGHT AHEAD,PASSENGER CAR,MDA1:CENTER FRONT,ROSLINDALE,MA,96,PAN,SEQ1:COLLISION WITH MOTOR VEHICLE IN TRAFFIC,NOT REPORTED,JEEP,,,EASTBOUND,6263160,WASHINGTON STREET,2024,11,16,Saturday,False
2024,,5464398,BOSTON,11 21 2024,2024-11-21 23:30:00+00:00,OPEN,NON-FATAL INJURY,POSSIBLE INJURY (C),2,1,0,LOCAL POLICE,NOT REPORTED,V1: PARKED / V2: BACKING,V1:    / V2:,V2:(COLLISION WITH PARKED MOTOR VEHICLE),NOT REPORTED,NOT REPORTED,NOT REPORTED,NOT REPORTED,,D2: (OTHER IMPROPER ACTION),V1:(PASSENGER CAR) / V2:(PASSENGER CAR),304,CENTRE ST RTE W,,,,NOT REPORTED,NOT REPORTED,NOT REPORTED,CITY OR TOWN ACCEPTED ROAD,NOT REPORTED,,YES,AT ADDRESS,232687.40491018,897009.17029576,42.32288687,-71.10344087,2024,,6,MAPC,,V1:(NO) / V2:(NO),SUFFOLK,"V1:(NO, NOT FEDERALLY REPORTABLE) / V2:(NO, NOT FEDERALLY REPORTABLE)","NO, NOT FEDERALLY REPORTABLE","YES, HIT AND RUN",NOT REPORTED,NOT REPORTED,,NOT REPORTED,NOT REPORTED,20621.0,2020,0.477,1012,0.068,124,BOTH SIDES,10,10,0,NO SHOULDER,43,BITUMINOUS CONCRETE ROAD,0,NO SHOULDER,2,0,0,,LARGE URBANIZED AREA,URBAN MINOR ARTERIAL OR RURAL MAJOR COLLECTOR,BOSTON (MA-NH-RI),MAINLINE ROADWAY,TWO-WAY TRAFFIC,NO ACCESS CONTROL,99.0,CENTRE STREET,CENTRE PERKINS STREET ROTARY,COLUMBUS AVENUE,BOSTON,FAIR,ROLLING TERRAIN,GROWN FROM PRIOR YEAR HPMS NETWORK,,99,0,0,MINOR ARTERIAL,1,NO,61.0,DCC1:NOT REPORTED,NOT REPORTED,MA,NO,NOT REPORTED,"NO, NOT FEDERALLY REPORTABLE",NOT REPORTED,POSSIBLE INJURY (C),NOT REPORTED,1,PARKED,PASSENGER CAR,MDA1:CENTER FRONT,ROXBURY,MA,MA,PAN,,NO,HOND,ACCORD,,,6267521,CENTRE STREET,2024,11,21,Thursday,True
2024,,5464398,BOSTON,11 21 2024,2024-11-21 23:30:00+00:00,OPEN,NON-FATAL INJURY,POSSIBLE INJURY (C),2,1,0,LOCAL POLICE,NOT REPORTED,V1: PARKED / V2: BACKING,V1:    / V2:,V2:(COLLISION WITH PARKED MOTOR VEHICLE),NOT REPORTED,NOT REPORTED,NOT REPORTED,NOT REPORTED,,D2: (OTHER IMPROPER ACTION),V1:(PASSENGER CAR) / V2:(PASSENGER CAR),304,CENTRE ST RTE W,,,,NOT REPORTED,NOT REPORTED,NOT REPORTED,CITY OR TOWN ACCEPTED ROAD,NOT REPORTED,,YES,AT ADDRESS,232687.40491018,897009.17029576,42.32288687,-71.10344087,2024,,6,MAPC,,V1:(NO) / V2:(NO),SUFFOLK,"V1:(NO, NOT FEDERALLY REPORTABLE) / V2:(NO, NOT FEDERALLY REPORTABLE)","NO, NOT FEDERALLY REPORTABLE","YES, HIT AND RUN",NOT REPORTED,NOT REPORTED,,NOT REPORTED,NOT REPORTED,20621.0,2020,0.477,1012,0.068,124,BOTH SIDES,10,10,0,NO SHOULDER,43,BITUMINOUS CONCRETE ROAD,0,NO SHOULDER,2,0,0,,LARGE URBANIZED AREA,URBAN MINOR ARTERIAL OR RURAL MAJOR COLLECTOR,BOSTON (MA-NH-RI),MAINLINE ROADWAY,TWO-WAY TRAFFIC,NO ACCESS CONTROL,99.0,CENTRE STREET,CENTRE PERKINS STREET ROTARY,COLUMBUS AVENUE,BOSTON,FAIR,ROLLING TERRAIN,GROWN FROM PRIOR YEAR HPMS NETWORK,,99,0,0,MINOR ARTERIAL,2,,,"DCC1:OTHER IMPROPER ACTION, DCC2:NOT REPORTED",NOT REPORTED,MA,,NOT REPORTED,"NO, NOT FEDERALLY REPORTABLE",NOT REPORTED,,NOT REPORTED,1,BACKING,PASSENGER CAR,MDA1:CENTER REAR,SHREWSBURY,MA,MA,PAN,SEQ1:COLLISION WITH PARKED MOTOR VEHICLE,NO,HYUN,SONATA,,,6267522,CENTRE STREET,2024,11,21,Thursday,True
2024,,5465784,BOSTON,11 26 2024,2024-11-26 13:29:00+00:00,OPEN,NON-FATAL INJURY,POSSIBLE INJURY (C),1,1,0,LOCAL POLICE,SINGLE VEHICLE CRASH,V1: TURNING RIGHT,V1: S,V1:(COLLISION WITH PEDESTRIAN),OTHER,RAIN,NOT REPORTED,COLLISION WITH PEDESTRIAN,V1:(COLLISION WITH PEDESTRIAN),"D1: (DISREGARDED TRAFFIC SIGNS, SIGNALS, ROAD MARKINGS)",V1:(PASSENGER CAR),,FIRTH RD RTE N  / WASHINGTON ST RTE S,,,,NOT REPORTED,NOT REPORTED,NOT REPORTED,CITY OR TOWN ACCEPTED ROAD,ROADWAY,VU2: PEDESTRIAN,YES,AT INTERSECTION,230859.9531,893194.125,42.28861513,-71.12581402,2024,D1: NOT DISTRACTED,6,MAPC,V1:(NO),V1:(NO),SUFFOLK,"V1:(NO, NOT FEDERALLY REPORTABLE)","NO, NOT FEDERALLY REPORTABLE",NO HIT AND RUN,"ROAD SURFACE CONDITION (WET, ICY, SNOW, SLUSH, ETC.)",NOT REPORTED,,NOT REPORTED,NO,14717.0,2020,0.558,677,0.155,162,BOTH SIDES,8,8,0,NO SHOULDER,22,BITUMINOUS CONCRETE ROAD,0,NO SHOULDER,2,0,0,,LARGE URBANIZED AREA,RURAL MINOR ARTERIAL OR URBAN PRINCIPAL ARTERIAL,BOSTON (MA-NH-RI),MAINLINE ROADWAY,TWO-WAY TRAFFIC,NO ACCESS CONTROL,30.0,WASHINGTON STREET,DEDHAM TOWN LINE,SOUTH STREET,BOSTON,FAIR,LEVEL TERRAIN,PULLED BACK FROM HPMS NETWORK ESTIMATION ROUTINE,,30,0,0,PRINCIPAL ARTERIAL - OTHER,1,NO,28.0,"DCC1:DISREGARDED TRAFFIC SIGNS, SIGNALS, ROAD MARKINGS, DCC2:NOT REPORTED",NOT DISTRACTED,MA,NO,NO,"NO, NOT FEDERALLY REPORTABLE",NOT REPORTED,NO APPARENT INJURY (O),COLLISION WITH PEDESTRIAN,1,TURNING RIGHT,PASSENGER CAR,,JAMAICA PLAIN,MA,96,PAN,SEQ1:COLLISION WITH PEDESTRIAN,NO,NISSAN,,V1: (89113),SOUTHBOUND,6270061,WASHINGTON STREET,2024,11,26,Tuesday,True