SOURCE_YEAR,OBJECTID,CRASH_NUMB,CITY_TOWN_NAME,CRASH_DATE_TEXT,CRASH_DATETIME,CRASH_STATUS,CRASH_SEVERITY_DESCR,MAX_INJR_SVRTY_CL,NUMB_VEHC,NUMB_NONFATAL_INJR,NUMB_FATAL_INJR,POLC_AGNCY_TYPE_DESCR,MANR_COLL_DESCR,VEHC_MNVR_ACTN_CL,VEHC_TRVL_DIRC_CL,VEHC_SEQ_EVENTS_CL,AMBNT_LIGHT_DESCR,WEATH_COND_DESCR,ROAD_SURF_COND_DESCR,FIRST_HRMF_EVENT_DESCR,MOST_HRMFL_EVT_CL,DRVR_CNTRB_CIRC_CL,VEHC_CONFIG_CL,STREET_NUMB,RDWY,DIST_DIRC_FROM_INT,NEAR_INT_RDWY,LANDMARK,RDWY_JNCT_TYPE_DESCR,TRAF_CNTRL_DEVC_TYPE_DESCR,TRAFY_DESCR_DESCR,JURISDICTN,FIRST_HRMF_EVENT_LOC_DESCR,NON_MTRST_TYPE_CL,IS_GEOCODED,GEOCODING_METHOD_NAME,X,Y,LAT,LON,YEAR,DRVR_DISTRACTED_CL,DISTRICT_NUM,RPA_ABBR,VEHC_EMER_USE_CL,VEHC_TOWED_FROM_SCENE_CL,CNTY_NAME,FMCSA_RPTBL_CL,FMCSA_RPTBL,HIT_RUN_DESCR,ROAD_CNTRB_DESCR,SCHL_BUS_RELD_DESCR,SPEED_LIMIT,TRAF_CNTRL_DEVC_FUNC_DESCR,WORK_ZONE_RELD_DESCR,AADT,AADT_YEAR,PK_PCT_SUT,AV_PCT_SUT,PK_PCT_CT,AV_PCT_CT,CURB,LT_SIDEWLK,RT_SIDEWLK,SHLDR_LT_W,SHLDR_LT_T,SURFACE_WD,SURFACE_TP,SHLDR_RT_W,SHLDR_RT_T,NUM_LANES,OPP_LANES,MED_WIDTH,MED_TYPE,URBAN_TYPE,F_CLASS,URBAN_AREA,FACILITY,OPERATION,CONTROL,SPEED_LIM,STREETNAME,FROMSTREETNAME,TOSTREETNAME,CITY,STRUCT_CND,TERRAIN,AADT_DERIV,STATN_NUM,OP_DIR_SL,SHLDR_UL_T,SHLDR_UL_W,F_F_CLASS,VEHC_UNIT_NUMB,ALC_SUSPD_TYPE_DESCR,DRIVER_AGE,DRVR_CNTRB_CIRC_DESCR,DRIVER_DISTRACTED_TYPE_DESCR,DRVR_LCN_STATE,DRUG_SUSPD_TYPE_DESCR,EMERGENCY_USE_DESC,FMCSA_RPTBL_VL,HAZ_MAT_PLACARD_DESCR,MAX_INJR_SVRTY_VL,MOST_HRMF_EVENT,TOTAL_OCCPT_IN_VEHC,VEHC_MANR_ACT_DESCR,VEHC_CONFG_DESCR,VEHC_MOST_DMGD_AREA,OWNER_ADDR_CITY_TOWN,OWNER_ADDR_STATE,VEHC_REG_STATE,VEHC_REG_TYPE_CODE,VEHC_SEQ_EVENTS,VEHC_TOWED_FROM_SCENE,VEHICLE_MAKE_DESCR,VEHICLE_MODEL_DESCR,DRIVER_VIOLATION_CL,TRVL_DIRC_DESCR,OBJECTID_1,TARGET_STREET,CRASH_YEAR,CRASH_MONTH,CRASH_DAY,CRASH_WEEKDAY,HAS_INJURY
2024,,5467504,BOSTON,12 01 2024,2024-12-01 22:13:00+00:00,OPEN,PROPERTY DAMAGE ONLY (NONE INJURED),NO APPARENT INJURY (O),2,0,0,LOCAL POLICE,"SIDESWIPE, SAME DIRECTION",V1: TRAVELLING STRAIGHT AHEAD / V2: NOT REPORTED,V1: W  / V2:,V1:(COLLISION WITH PARKED MOTOR VEHICLE) V2:(COLLISION WITH MOTOR VEHICLE IN TRAFFIC),DARK - LIGHTED ROADWAY,CLEAR,DRY,COLLISION WITH PARKED MOTOR VEHICLE,V1:(COLLISION WITH PARKED MOTOR VEHICLE) / V2:(COLLISION WITH MOTOR VEHICLE IN TRAFFIC),D1: (UNKNOWN),V1:(MOTORCYCLE) / V2:(PASSENGER CAR),753,SOUTH ST RTE 0 W,,,OPPOSITE 753 SOUTH ST,NOT AT JUNCTION,NO CONTROLS,"ONE-WAY, NOT DIVIDED",CITY OR TOWN ACCEPTED ROAD,ROADSIDE,,YES,AT ADDRESS,230577.3450952,893021.49389971,42.28707207,-71.12924978,2024,,6,MAPC,V1:(NO) / V2:(NO),"V1:(YES, OTHER REASON NOT DISABLED) / V2:(NO)",SUFFOLK,"V1:(NO, NOT FEDERALLY REPORTABLE) / V2:(NO, NOT FEDERALLY REPORTABLE)","NO, NOT FEDERALLY REPORTABLE",NO HIT AND RUN,,"NO, SCHOOL BUS NOT INVOLVED",25.0,"NO, DEVICE NOT FUNCTIONING",NO,8837.0,2020,,,,,BOTH SIDES,8,8,0,NO SHOULDER,14,BITUMINOUS CONCRETE ROAD,0,NO SHOULDER,1,0,0,,LARGE URBANIZED AREA,RURAL MINOR ARTERIAL OR URBAN PRINCIPAL ARTERIAL,BOSTON (MA-NH-RI),MAINLINE ROADWAY,ONE-WAY TRAFFIC,NO ACCESS CONTROL,20.0,SOUTH STREET,WASHINGTON STREET,DEAD END,BOSTON,GOOD,LEVEL TERRAIN,GROWN FROM PRIOR YEAR HPMS NETWORK,,0,0,0,PRINCIPAL ARTERIAL - OTHER,1,NO,67.0,"DCC1:UNKNOWN, DCC2:NOT REPORTED",NOT REPORTED,MA,NO,NO,"NO, NOT FEDERALLY REPORTABLE",NOT REPORTED,NO APPARENT INJURY (O),COLLISION WITH PARKED MOTOR VEHICLE,1,TRAVELLING STRAIGHT AHEAD,MOTORCYCLE,MDA1:OTHER,,98,96,,SEQ1:COLLISION WITH PARKED MOTOR VEHICLE,"YES, OTHER REASON NOT DISABLED",HARLEY-DAVIDSON,,V1: (9010A2),WESTBOUND,6275097,SOUTH STREET,2024,12,1,Sunday,False
2024,,5467504,BOSTON,12 01 2024,2024-12-01 22:13:00+00:00,OPEN,PROPERTY DAMAGE ONLY (NONE INJURED),NO APPARENT INJURY (O),2,0,0,LOCAL POLICE,"SIDESWIPE, SAME DIRECTION",V1: TRAVELLING STRAIGHT AHEAD / V2: NOT REPORTED,V1: W  / V2:,V1:(COLLISION WITH PARKED MOTOR VEHICLE) V2:(COLLISION WITH MOTOR VEHICLE IN TRAFFIC),DARK - LIGHTED ROADWAY,CLEAR,DRY,COLLISION WITH PARKED MOTOR VEHICLE,V1:(COLLISION WITH PARKED MOTOR VEHICLE) / V2:(COLLISION WITH MOTOR VEHICLE IN TRAFFIC),D1: (UNKNOWN),V1:(MOTORCYCLE) / V2:(PASSENGER CAR),753,SOUTH ST RTE 0 W,,,OPPOSITE 753 SOUTH ST,NOT AT JUNCTION,NO CONTROLS,"ONE-WAY, NOT DIVIDED",CITY OR TOWN ACCEPTED ROAD,ROADSIDE,,YES,AT ADDRESS,230577.3450952,893021.49389971,42.28707207,-71.12924978,2024,,6,MAPC,V1:(NO) / V2:(NO),"V1:(YES, OTHER REASON NOT DISABLED) / V2:(NO)",SUFFOLK,"V1:(NO, NOT FEDERALLY REPORTABLE) / V2:(NO, NOT FEDERALLY REPORTABLE)","NO, NOT FEDERALLY REPORTABLE",NO HIT AND RUN,,"NO, SCHOOL BUS NOT INVOLVED",25.0,"NO, DEVICE NOT FUNCTIONING",NO,8837.0,2020,,,,,BOTH SIDES,8,8,0,NO SHOULDER,14,BITUMINOUS CONCRETE ROAD,0,NO SHOULDER,1,0,0,,LARGE URBANIZED AREA,RURAL MINOR ARTERIAL OR URBAN PRINCIPAL ARTERIAL,BOSTON (MA-NH-RI),MAINLINE ROADWAY,ONE-WAY TRAFFIC,NO ACCESS CONTROL,20.0,SOUTH STREET,WASHINGTON STREET,DEAD END,BOSTON,GOOD,LEVEL TERRAIN,GROWN FROM PRIOR YEAR HPMS NETWORK,,0,0,0,PRINCIPAL ARTERIAL - OTHER,2,NOT REPORTED,,DCC1:NOT REPORTED,NOT REPORTED,MA,NOT REPORTED,NO,"NO, NOT FEDERALLY REPORTABLE",NOT REPORTED,NOT REPORTED,COLLISION WITH MOTOR VEHICLE IN TRAFFIC,1,NOT REPORTED,PASSENGER CAR,"MDA1:CENTER REAR, MDA2:RIGHT REAR, MDA3:RIGHT SIDE",ROSLINDALE,MA,96,PAN,SEQ1:COLLISION WITH MOTOR VEHICLE IN TRAFFIC,NO,ACURA,,V1: (9010A2),,6275098,SOUTH STREET,2024,12,1,Sunday,False
2024,,5466208,BOSTON,11 27 2024,2024-11-27 08:29:00+00:00,OPEN,PROPERTY DAMAGE ONLY (NONE INJURED),NO APPARENT INJURY (O),1,0,0,LOCAL POLICE,NOT REPORTED,V1: NOT REPORTED,V1:,,DAYLIGHT,CLEAR,NOT REPORTED,NOT REPORTED,,,V1:(PASSENGER CAR),,WASHINGTON ST RTE N  / MCBRIDE ST RTE S  / ROSSMORE RD RTE E,,,,NOT REPORTED,NOT REPORTED,NOT REPORTED,CITY OR TOWN ACCEPTED ROAD,NOT REPORTED,VU3: PEDESTRIAN,YES,AT INTERSECTION,232284.3591,895077.2498,42.30551099,-71.10843809,2024,,6,MAPC,,V1:(NO),SUFFOLK,"V1:(NO, NOT FEDERALLY REPORTABLE)","NO, NOT FEDERALLY REPORTABLE",NO HIT AND RUN,NOT REPORTED,NOT REPORTED,,NOT REPORTED,NOT REPORTED,11864.0,2020,0.33,462,0.105,130,BOTH SIDES,10,10,0,NO SHOULDER,28,BITUMINOUS CONCRETE ROAD,0,NO SHOULDER,2,0,0,,LARGE URBANIZED AREA,RURAL MINOR ARTERIAL OR URBAN PRINCIPAL ARTERIAL,BOSTON (MA-NH-RI),MAINLINE ROADWAY,TWO-WAY TRAFFIC,NO ACCESS CONTROL,25.0,WASHINGTON STREET,HYDE PARK AVENUE,DEVONSHIRE PLACE,BOSTON,FAIR,LEVEL TERRAIN,GROWN FROM PRIOR YEAR HPMS NETWORK,,30,0,0,PRINCIPAL ARTERIAL - OTHER,1,NO,44.0,DCC1:NOT REPORTED,NOT REPORTED,MA,NO,NOT REPORTED,"NO, NOT FEDERALLY REPORTABLE",NOT REPORTED,NO APPARENT INJURY (O),NOT REPORTED,1,NOT REPORTED,PASSENGER CAR,,,98,96,,,NO,TOYOTA,,,,6275121,WASHINGTON STREET,2024,11,27,Wednesday,False
2024,,5468809,BOSTON,11 29 2024,2024-11-29 00:42:00+00:00,OPEN,NON-FATAL INJURY,SUSPECTED SERIOUS INJURY (A),2,2,0,MBTA POLICE,REAR-END,V1: TRAVELLING STRAIGHT AHEAD / V2: PARKED,V1: S  / V2: E,"V1:(COLLISION WITH LIGHT  POLE OR OTHER POST/SUPPORT),(COLLISION WITH FENCE),(COLLISION WITH PARKED MOTOR VEHICLE) V2:(COLLISION WITH MOTOR VEHICLE IN TRAFFIC)",DARK - LIGHTED ROADWAY,CLOUDY,WET,COLLISION WITH OTHER LIGHT POLE OR OTHER POST/SUPPORT,V1:(COLLISION WITH LIGHT POLE OR OTHER POST/SUPPORT) / V2:(COLLISION WITH MOTOR VEHICLE IN TRAFFIC),D1: (FAILURE TO KEEP IN PROPER LANE OR RUNNING OFF ROAD),V1:(PASSENGER CAR) / V2:(TRUCK/TRAILER),3649,WASHINGTON ST RTE,,,,NOT AT JUNCTION,,"TWO-WAY, NOT DIVIDED",CITY OR TOWN ACCEPTED ROAD,ROADWAY,,YES,AT ADDRESS,231996.22203773,894678.93382206,42.30193689,-71.1119547,2024,,6,MAPC,V1:(NO) / V2:(NO),V1:(NO) / V2:(NO),SUFFOLK,"V1:(NO, NOT FEDERALLY REPORTABLE) / V2:(NO, NOT FEDERALLY REPORTABLE)","NO, NOT FEDERALLY REPORTABLE",NO HIT AND RUN,"ROAD SURFACE CONDITION (WET, ICY, SNOW, SLUSH, ETC.)","NO, SCHOOL BUS NOT INVOLVED",25.0,NOT REPORTED,NO,11864.0,2020,0.33,462,0.105,130,BOTH SIDES,10,10,0,NO SHOULDER,28,BITUMINOUS CONCRETE ROAD,0,NO SHOULDER,2,0,0,,LARGE URBANIZED AREA,RURAL MINOR ARTERIAL OR URBAN PRINCIPAL ARTERIAL,BOSTON (MA-NH-RI),MAINLINE ROADWAY,TWO-WAY TRAFFIC,NO ACCESS CONTROL,25.0,WASHINGTON STREET,HYDE PARK AVENUE,DEVONSHIRE PLACE,BOSTON,FAIR,LEVEL TERRAIN,GROWN FROM PRIOR YEAR HPMS NETWORK,,30,0,0,PRINCIPAL ARTERIAL - OTHER,1,NO,32.0,"DCC1:FAILURE TO KEEP IN PROPER LANE OR RUNNING OFF ROAD, DCC2:NOT REPORTED",,MA,NO,NO,"NO, NOT FEDERALLY REPORTABLE",NOT REPORTED,SUSPECTED SERIOUS INJURY (A),COLLISION WITH LIGHT POLE OR OTHER POST/SUPPORT,2,TRAVELLING STRAIGHT AHEAD,PASSENGER CAR,"MDA1:CENTER FRONT, MDA2:RIGHT FRONT, MDA3:RIGHT SIDE",ROXBURY,MA,MA,PAN,"SEQ1:COLLISION WITH LIGHT  POLE OR OTHER POST/SUPPORT, SEQ2:COLLISION WITH FENCE,SEQ3:COLLISION WITH PARKED MOTOR VEHICLE",NO,TOYT,CAMRY,V1: (89 4A),SOUTHBOUND,6275406,WASHINGTON STREET,2024,11,29,Friday,True
2024,,5468809,BOSTON,11 29 2024,2024-11-29 00:42:00+00:00,OPEN,NON-FATAL INJURY,SUSPECTED SERIOUS INJURY (A),2,2,0,MBTA POLICE,REAR-END,V1: TRAVELLING STRAIGHT AHEAD / V2: PARKED,V1: S  / V2: E,"V1:(COLLISION WITH LIGHT  POLE OR OTHER POST/SUPPORT),(COLLISION WITH FENCE),(COLLISION WITH PARKED MOTOR VEHICLE) V2:(COLLISION WITH MOTOR VEHICLE IN TRAFFIC)",DARK - LIGHTED ROADWAY,CLOUDY,WET,COLLISION WITH OTHER LIGHT POLE OR OTHER POST/SUPPORT,V1:(COLLISION WITH LIGHT POLE OR OTHER POST/SUPPORT) / V2:(COLLISION WITH MOTOR VEHICLE IN TRAFFIC),D1: (FAILURE TO KEEP IN PROPER LANE OR RUNNING OFF ROAD),V1:(PASSENGER CAR) / V2:(TRUCK/TRAILER),3649,WASHINGTON ST RTE,,,,NOT AT JUNCTION,,"TWO-WAY, NOT DIVIDED",CITY OR TOWN ACCEPTED ROAD,ROADWAY,,YES,AT ADDRESS,231996.22203773,894678.93382206,42.30193689,-71.1119547,2024,,6,MAPC,V1:(NO) / V2:(NO),V1:(NO) / V2:(NO),SUFFOLK,"V1:(NO, NOT FEDERALLY REPORTABLE) / V2:(NO, NOT FEDERALLY REPORTABLE)","NO, NOT FEDERALLY REPORTABLE",NO HIT AND RUN,"ROAD SURFACE CONDITION (WET, ICY, SNOW, SLUSH, ETC.)","NO, SCHOOL BUS NOT INVOLVED",25.0,NOT REPORTED,NO,11864.0,2020,0.33,462,0.105,130,BOTH SIDES,10,10,0,NO SHOULDER,28,BITUMINOUS CONCRETE ROAD,0,NO SHOULDER,2,0,0,,LARGE URBANIZED AREA,RURAL MINOR ARTERIAL OR URBAN PRINCIPAL ARTERIAL,BOSTON (MA-NH-RI),MAINLINE ROADWAY,TWO-WAY TRAFFIC,NO ACCESS CONTROL,25.0,WASHINGTON STREET,HYDE PARK AVENUE,DEVONSHIRE PLACE,BOSTON,FAIR,LEVEL TERRAIN,GROWN FROM PRIOR YEAR HPMS NETWORK,,30,0,0,PRINCIPAL ARTERIAL - OTHER,2,NOT REPORTED,,DCC1:NOT REPORTED,NOT REPORTED,MA,NOT REPORTED,NO,"NO, NOT FEDERALLY REPORTABLE",NOT REPORTED,NOT REPORTED,COLLISION WITH MOTOR VEHICLE IN TRAFFIC,1,PARKED,TRUCK/TRAILER,"MDA1:RIGHT FRONT, MDA2:RIGHT REAR, MDA3:CENTER REAR",BOSTON,MA,MA,ATN,SEQ1:COLLISION WITH MOTOR VEHICLE IN TRAFFIC,NO,CHEV,SILVERADO,V1: (89 4A),EASTBOUND,6275407,WASHINGTON STREET,2024,11,29,Friday,True
2024,,5469238,BOSTON,11 25 2024,2024-11-25 16:30:00+00:00,OPEN,NON-FATAL INJURY,SUSPECTED MINOR INJURY (B),3,1,0,MBTA POLICE,"SIDESWIPE, SAME DIRECTION",V1: TRAVELLING STRAIGHT AHEAD / V2: TRAVELLING STRAIGHT AHEAD / V3: TRAVELLING STRAIGHT AHEAD,V1: N  / V2: N  / V3: N,V1:(COLLISION WITH MOTOR VEHICLE IN TRAFFIC) V2:(COLLISION WITH MOTOR VEHICLE IN TRAFFIC) V3:(COLLISION WITH MOTOR VEHICLE IN TRAFFIC),DARK - LIGHTED ROADWAY,CLEAR,DRY,COLLISION WITH MOTOR VEHICLE IN TRAFFIC,V1:(COLLISION WITH MOTOR VEHICLE IN TRAFFIC) / V2:(COLLISION WITH MOTOR VEHICLE IN TRAFFIC) / V3:(COLLISION WITH MOTOR VEHICLE IN TRAFFIC),"D1: (NO IMPROPER DRIVING)  / D2: (FAILURE TO KEEP IN PROPER LANE OR RUNNING OFF ROAD),(SWERVING OR AVOIDING DUE TO WIND, SLIPPERY SURFACE, VEHICLE, OBJECT, VULNERABLE USER IN ROADWAY)  / D3: (NO IMPROPER DRIVING)","V1:(BUS (SEATS FOR 16 OR MORE, INCLUDING DRIVER)) / V2:(PASSENGER CAR) / V3:(PASSENGER CAR)",4106,WASHINGTON ST RTE,,,,NOT AT JUNCTION,NO CONTROLS,"TWO-WAY, DIVIDED, UNPROTECTED MEDIAN",CITY OR TOWN ACCEPTED ROAD,SHOULDER - TRAVEL LANE,,YES,AT ADDRESS,230951.20541016,893310.94375425,42.28966322,-71.12470134,2024,D1: NOT DISTRACTED / D3: NOT DISTRACTED,6,MAPC,V1:(YES) / V2:(NO) / V3:(NO),V1:(NO) / V2:(NO) / V3:(NO),SUFFOLK,"V1:(YES, FEDERALLY REPORTABLE) / V2:(NO, NOT FEDERALLY REPORTABLE) / V3:(NO, NOT FEDERALLY REPORTABLE)","YES, FEDERALLY REPORTABLE",NO HIT AND RUN,,"NO, SCHOOL BUS NOT INVOLVED",25.0,NOT REPORTED,NO,14717.0,2020,0.558,677,0.155,162,BOTH SIDES,8,8,0,NO SHOULDER,22,BITUMINOUS CONCRETE ROAD,0,NO SHOULDER,2,0,0,,LARGE URBANIZED AREA,RURAL MINOR ARTERIAL OR URBAN PRINCIPAL ARTERIAL,BOSTON (MA-NH-RI),MAINLINE ROADWAY,TWO-WAY TRAFFIC,NO ACCESS CONTROL,30.0,WASHINGTON STREET,DEDHAM TOWN LINE,SOUTH STREET,BOSTON,FAIR,LEVEL TERRAIN,PULLED BACK FROM HPMS NETWORK ESTIMATION ROUTINE,,30,0,0,PRINCIPAL ARTERIAL - OTHER,1,NOT REPORTED,47.0,"DCC1:NO IMPROPER DRIVING, DCC2:NOT REPORTED",NOT DISTRACTED,MA,NOT REPORTED,YES,"YES, FEDERALLY REPORTABLE",NOT REPORTED,NO APPARENT INJURY (O),COLLISION WITH MOTOR VEHICLE IN TRAFFIC,1,TRAVELLING STRAIGHT AHEAD,"BUS (SEATS FOR 16 OR MORE, INCLUDING DRIVER)",MDA1:LEFT SIDE,BOSTON,MA,MA,ATN,SEQ1:COLLISION WITH MOTOR VEHICLE IN TRAFFIC,NO,NFLY,TRABUS,"V2: (90 10),(90 34J),(90 9),(90 23)",NORTHBOUND,6276228,WASHINGTON STREET,2024,11,25,Monday,True
2024,,5469238,BOSTON,11 25 2024,2024-11-25 16:30:00+00:00,OPEN,NON-FATAL INJURY,SUSPECTED MINOR INJURY (B),3,1,0,MBTA POLICE,"SIDESWIPE, SAME DIRECTION",V1: TRAVELLING STRAIGHT AHEAD / V2: TRAVELLING STRAIGHT AHEAD / V3: TRAVELLING STRAIGHT AHEAD,V1: N  / V2: N  / V3: N,V1:(COLLISION WITH MOTOR VEHICLE IN TRAFFIC) V2:(COLLISION WITH MOTOR VEHICLE IN TRAFFIC) V3:(COLLISION WITH MOTOR VEHICLE IN TRAFFIC),DARK - LIGHTED ROADWAY,CLEAR,DRY,COLLISION WITH MOTOR VEHICLE IN TRAFFIC,V1:(COLLISION WITH MOTOR VEHICLE IN TRAFFIC) / V2:(COLLISION WITH MOTOR VEHICLE IN TRAFFIC) / V3:(COLLISION WITH MOTOR VEHICLE IN TRAFFIC),"D1: (NO IMPROPER DRIVING)  / D2: (FAILURE TO KEEP IN PROPER LANE OR RUNNING OFF ROAD),(SWERVING OR AVOIDING DUE TO WIND, SLIPPERY SURFACE, VEHICLE, OBJECT, VULNERABLE USER IN ROADWAY)  / D3: (NO IMPROPER DRIVING)","V1:(BUS (SEATS FOR 16 OR MORE, INCLUDING DRIVER)) / V2:(PASSENGER CAR) / V3:(PASSENGER CAR)",4106,WASHINGTON ST RTE,,,,NOT AT JUNCTION,NO CONTROLS,"TWO-WAY, DIVIDED, UNPROTECTED MEDIAN",CITY OR TOWN ACCEPTED ROAD,SHOULDER - TRAVEL LANE,,YES,AT ADDRESS,230951.20541016,893310.94375425,42.28966322,-71.12470134,2024,D1: NOT DISTRACTED / D3: NOT DISTRACTED,6,MAPC,V1:(YES) / V2:(NO) / V3:(NO),V1:(NO) / V2:(NO) / V3:(NO),SUFFOLK,"V1:(YES, FEDERALLY REPORTABLE) / V2:(NO, NOT FEDERALLY REPORTABLE) / V3:(NO, NOT FEDERALLY REPORTABLE)","YES, FEDERALLY REPORTABLE",NO HIT AND RUN,,"NO, SCHOOL BUS NOT INVOLVED",25.0,NOT REPORTED,NO,14717.0,2020,0.558,677,0.155,162,BOTH SIDES,8,8,0,NO SHOULDER,22,BITUMINOUS CONCRETE ROAD,0,NO SHOULDER,2,0,0,,LARGE URBANIZED AREA,RURAL MINOR ARTERIAL OR URBAN PRINCIPAL ARTERIAL,BOSTON (MA-NH-RI),MAINLINE ROADWAY,TWO-WAY TRAFFIC,NO ACCESS CONTROL,30.0,WASHINGTON STREET,DEDHAM TOWN LINE,SOUTH STREET,BOSTON,FAIR,LEVEL TERRAIN,PULLED BACK FROM HPMS NETWORK ESTIMATION ROUTINE,,30,0,0,PRINCIPAL ARTERIAL - OTHER,2,NOT REPORTED,17.0,"DCC1:FAILURE TO KEEP IN PROPER LANE OR RUNNING OFF ROAD, DCC2:SWERVING OR AVOIDING DUE TO WIND, SLIPPERY SURFACE, VEHICLE, OBJECT, VULNERABLE USER IN ROADWAY",,MA,NOT REPORTED,NO,"NO, NOT FEDERALLY REPORTABLE",NOT REPORTED,SUSPECTED MINOR INJURY (B),COLLISION WITH MOTOR VEHICLE IN TRAFFIC,2,TRAVELLING STRAIGHT AHEAD,PASSENGER CAR,"MDA1:CENTER FRONT, MDA2:RIGHT FRONT, MDA3:RIGHT SIDE",DORCHESTER,MA,MA,PAN,SEQ1:COLLISION WITH MOTOR VEHICLE IN TRAFFIC,NO,KIA,SORENTO,"V2: (90 10),(90 34J),(90 9),(90 23)",NORTHBOUND,6276229,WASHINGTON STREET,2024,11,25,Monday,True
2024,,5469238,BOSTON,11 25 2024,2024-11-25 16:30:00+00:00,OPEN,NON-FATAL INJURY,SUSPECTED MINOR INJURY (B),3,1,0,MBTA POLICE,"SIDESWIPE, SAME DIRECTION",V1: TRAVELLING STRAIGHT AHEAD / V2: TRAVELLING STRAIGHT AHEAD / V3: TRAVELLING STRAIGHT AHEAD,V1: N  / V2: N  / V3: N,V1:(COLLISION WITH MOTOR VEHICLE IN TRAFFIC) V2:(COLLISION WITH MOTOR VEHICLE IN TRAFFIC) V3:(COLLISION WITH MOTOR VEHICLE IN TRAFFIC),DARK - LIGHTED ROADWAY,CLEAR,DRY,COLLISION WITH MOTOR VEHICLE IN TRAFFIC,V1:(COLLISION WITH MOTOR VEHICLE IN TRAFFIC) / V2:(COLLISION WITH MOTOR VEHICLE IN TRAFFIC) / V3:(COLLISION WITH MOTOR VEHICLE IN TRAFFIC),"D1: (NO IMPROPER DRIVING)  / D2: (FAILURE TO KEEP IN PROPER LANE OR RUNNING OFF ROAD),(SWERVING OR AVOIDING DUE TO WIND, SLIPPERY SURFACE, VEHICLE, OBJECT, VULNERABLE USER IN ROADWAY)  / D3: (NO IMPROPER DRIVING)","V1:(BUS (SEATS FOR 16 OR MORE, INCLUDING DRIVER)) / V2:(PASSENGER CAR) / V3:(PASSENGER CAR)",4106,WASHINGTON ST RTE,,,,NOT AT JUNCTION,NO CONTROLS,"TWO-WAY, DIVIDED, UNPROTECTED MEDIAN",CITY OR TOWN ACCEPTED ROAD,SHOULDER - TRAVEL LANE,,YES,AT ADDRESS,230951.20541016,893310.94375425,42.28966322,-71.12470134,2024,D1: NOT DISTRACTED / D3: NOT DISTRACTED,6,MAPC,V1:(YES) / V2:(NO) / V3:(NO),V1:(NO) / V2:(NO) / V3:(NO),SUFFOLK,"V1:(YES, FEDERALLY REPORTABLE) / V2:(NO, NOT FEDERALLY REPORTABLE) / V3:(NO, NOT FEDERALLY REPORTABLE)","YES, FEDERALLY REPORTABLE",NO HIT AND RUN,,"NO, SCHOOL BUS NOT INVOLVED",25.0,NOT REPORTED,NO,14717.0,2020,0.558,677,0.155,162,BOTH SIDES,8,8,0,NO SHOULDER,22,BITUMINOUS CONCRETE ROAD,0,NO SHOULDER,2,0,0,,LARGE URBANIZED AREA,RURAL MINOR ARTERIAL OR URBAN PRINCIPAL ARTERIAL,BOSTON (MA-NH-RI),MAINLINE ROADWAY,TWO-WAY TRAFFIC,NO ACCESS CONTROL,30.0,WASHINGTON STREET,DEDHAM TOWN LINE,SOUTH STREET,BOSTON,FAIR,LEVEL TERRAIN,PULLED BACK FROM HPMS NETWORK ESTIMATION ROUTINE,,30,0,0,PRINCIPAL ARTERIAL - OTHER,3,NOT REPORTED,75.0,"DCC1:NO IMPROPER DRIVING, DCC2:NOT REPORTED",NOT DISTRACTED,MA,NOT REPORTED,NO,"NO, NOT FEDERALLY REPORTABLE",NOT REPORTED,NO APPARENT INJURY (O),COLLISION WITH MOTOR VEHICLE IN TRAFFIC,3,TRAVELLING STRAIGHT AHEAD,PASSENGER CAR,MDA1:RIGHT REAR,EAST BOSTON,MA,MA,PAN,SEQ1:COLLISION WITH MOTOR VEHICLE IN TRAFFIC,NO,TOYT,RAV4,"V2: (90 10),(90 34J),(90 9),(90 23)",NORTHBOUND,6276230,WASHINGTON STREET,2024,11,25,Monday,True
2024,,5469314,BOSTON,12 05 2024,2024-12-05 17:57:00+00:00,OPEN,PROPERTY DAMAGE ONLY (NONE INJURED),NO APPARENT INJURY (O),1,0,0,LOCAL POLICE,SINGLE VEHICLE CRASH,V1: TRAVELLING STRAIGHT AHEAD,V1: E,V1:(COLLISION WITH LIGHT  POLE OR OTHER POST/SUPPORT),DARK - LIGHTED ROADWAY,CLEAR,WET,NOT REPORTED,V1:(COLLISION WITH LIGHT POLE OR OTHER POST/SUPPORT),D1: (UNKNOWN),"V1:(LIGHT TRUCK(VAN, MINI-VAN, PICKUP, SPORT UTILITY))",,SCHOOL STREET / WASHINGTON STREET,,,,FOUR-WAY INTERSECTION,TRAFFIC CONTROL SIGNAL,"TWO-WAY, DIVIDED, UNPROTECTED MEDIAN",CITY OR TOWN ACCEPTED ROAD,ROADWAY,,YES,AT INTERSECTION,233018.1565,896090.8751,42.31460576,-71.09948061,2024,,6,MAPC,V1:(NO),"V1:(YES, VEHICLE OR TRAILER DISABLED)",SUFFOLK,"V1:(NO, NOT FEDERALLY REPORTABLE)","NO, NOT FEDERALLY REPORTABLE",NO HIT AND RUN,NOT REPORTED,"NO, SCHOOL BUS NOT INVOLVED",,"YES, DEVICE FUNCTIONING",NO,1154.0,,,,,,BOTH SIDES,6,6,0,NO SHOULDER,26,BITUMINOUS CONCRETE ROAD,0,NO SHOULDER,2,0,0,,LARGE URBANIZED AREA,LOCAL,BOSTON (MA-NH-RI),MAINLINE ROADWAY,TWO-WAY TRAFFIC,NO ACCESS CONTROL,,SCHOOL STREET,AMORY STREET,WALNUT AVENUE,BOSTON,FAIR,LEVEL TERRAIN,,,,0,0,LOCAL,1,NO,28.0,"DCC1:UNKNOWN, DCC2:NOT REPORTED",,MA,NO,NO,"NO, NOT FEDERALLY REPORTABLE",NOT REPORTED,NO APPARENT INJURY (O),COLLISION WITH LIGHT POLE OR OTHER POST/SUPPORT,1,TRAVELLING STRAIGHT AHEAD,"LIGHT TRUCK(VAN, MINI-VAN, PICKUP, SPORT UTILITY)",MDA1:TOTAL (ALL AREAS),JAMAICA PLAIN,MA,96,PAN,SEQ1:COLLISION WITH LIGHT  POLE OR OTHER POST/SUPPORT,"YES, VEHICLE OR TRAILER DISABLED",HONDA,,,EASTBOUND,6278708,WASHINGTON STREET,2024,12,5,Thursday,False