SOURCE_YEAR,OBJECTID,CRASH_NUMB,CITY_TOWN_NAME,CRASH_DATE_TEXT,CRASH_DATETIME,CRASH_STATUS,CRASH_SEVERITY_DESCR,MAX_INJR_SVRTY_CL,NUMB_VEHC,NUMB_NONFATAL_INJR,NUMB_FATAL_INJR,POLC_AGNCY_TYPE_DESCR,MANR_COLL_DESCR,VEHC_MNVR_ACTN_CL,VEHC_TRVL_DIRC_CL,VEHC_SEQ_EVENTS_CL,AMBNT_LIGHT_DESCR,WEATH_COND_DESCR,ROAD_SURF_COND_DESCR,FIRST_HRMF_EVENT_DESCR,MOST_HRMFL_EVT_CL,DRVR_CNTRB_CIRC_CL,VEHC_CONFIG_CL,STREET_NUMB,RDWY,DIST_DIRC_FROM_INT,NEAR_INT_RDWY,LANDMARK,RDWY_JNCT_TYPE_DESCR,TRAF_CNTRL_DEVC_TYPE_DESCR,TRAFY_DESCR_DESCR,JURISDICTN,FIRST_HRMF_EVENT_LOC_DESCR,NON_MTRST_TYPE_CL,IS_GEOCODED,GEOCODING_METHOD_NAME,X,Y,LAT,LON,YEAR,DRVR_DISTRACTED_CL,DISTRICT_NUM,RPA_ABBR,VEHC_EMER_USE_CL,VEHC_TOWED_FROM_SCENE_CL,CNTY_NAME,FMCSA_RPTBL_CL,FMCSA_RPTBL,HIT_RUN_DESCR,ROAD_CNTRB_DESCR,SCHL_BUS_RELD_DESCR,SPEED_LIMIT,TRAF_CNTRL_DEVC_FUNC_DESCR,WORK_ZONE_RELD_DESCR,AADT,AADT_YEAR,PK_PCT_SUT,AV_PCT_SUT,PK_PCT_CT,AV_PCT_CT,CURB,LT_SIDEWLK,RT_SIDEWLK,SHLDR_LT_W,SHLDR_LT_T,SURFACE_WD,SURFACE_TP,SHLDR_RT_W,SHLDR_RT_T,NUM_LANES,OPP_LANES,MED_WIDTH,MED_TYPE,URBAN_TYPE,F_CLASS,URBAN_AREA,FACILITY,OPERATION,CONTROL,SPEED_LIM,STREETNAME,FROMSTREETNAME,TOSTREETNAME,CITY,STRUCT_CND,TERRAIN,AADT_DERIV,STATN_NUM,OP_DIR_SL,SHLDR_UL_T,SHLDR_UL_W,F_F_CLASS,VEHC_UNIT_NUMB,ALC_SUSPD_TYPE_DESCR,DRIVER_AGE,DRVR_CNTRB_CIRC_DESCR,DRIVER_DISTRACTED_TYPE_DESCR,DRVR_LCN_STATE,DRUG_SUSPD_TYPE_DESCR,EMERGENCY_USE_DESC,FMCSA_RPTBL_VL,HAZ_MAT_PLACARD_DESCR,MAX_INJR_SVRTY_VL,MOST_HRMF_EVENT,TOTAL_OCCPT_IN_VEHC,VEHC_MANR_ACT_DESCR,VEHC_CONFG_DESCR,VEHC_MOST_DMGD_AREA,OWNER_ADDR_CITY_TOWN,OWNER_ADDR_STATE,VEHC_REG_STATE,VEHC_REG_TYPE_CODE,VEHC_SEQ_EVENTS,VEHC_TOWED_FROM_SCENE,VEHICLE_MAKE_DESCR,VEHICLE_MODEL_DESCR,DRIVER_VIOLATION_CL,TRVL_DIRC_DESCR,OBJECTID_1,TARGET_STREET,CRASH_YEAR,CRASH_MONTH,CRASH_DAY,CRASH_WEEKDAY,HAS_INJURY
2024,,5470341,BOSTON,12 07 2024,2024-12-07 09:40:00+00:00,OPEN,PROPERTY DAMAGE ONLY (NONE INJURED),NO APPARENT INJURY (O),2,0,0,LOCAL POLICE,FRONT TO FRONT,V1: TURNING LEFT / V2: TRAVELLING STRAIGHT AHEAD,V1: E  / V2: E,V1:(COLLISION WITH MOTOR VEHICLE IN TRAFFIC) V2:(COLLISION WITH MOTOR VEHICLE IN TRAFFIC),DAYLIGHT,CLEAR,DRY,COLLISION WITH MOTOR VEHICLE IN TRAFFIC,V1:(COLLISION WITH MOTOR VEHICLE IN TRAFFIC) / V2:(COLLISION WITH MOTOR VEHICLE IN TRAFFIC),,V1:(PASSENGER CAR) / V2:(PASSENGER CAR),,SOUTH ST,100 FEET E  OF,METCALF CT RTE,,NOT AT JUNCTION,NOT REPORTED,"TWO-WAY, NOT DIVIDED",CITY OR TOWN ACCEPTED ROAD,ROADWAY,,YES,OFF INTERSECTION,231772.5312,895042.3511804,42.30521779,-71.11464764,2024,,6,MAPC,V1:(NO) / V2:(NO),"V1:(YES, VEHICLE OR TRAILER DISABLED) / V2:(NO)",SUFFOLK,"V1:(NO, NOT FEDERALLY REPORTABLE) / V2:(NO, NOT FEDERALLY REPORTABLE)","NO, NOT FEDERALLY REPORTABLE",NO HIT AND RUN,,"NO, SCHOOL BUS NOT INVOLVED",,"NO, DEVICE NOT FUNCTIONING",NO,20621.0,2020,0.477,1012,0.068,124,BOTH SIDES,8,8,0,NO SHOULDER,45,BITUMINOUS CONCRETE ROAD,0,NO SHOULDER,2,0,0,,LARGE URBANIZED AREA,URBAN MINOR ARTERIAL OR RURAL MAJOR COLLECTOR,BOSTON (MA-NH-RI),MAINLINE ROADWAY,TWO-WAY TRAFFIC,NO ACCESS CONTROL,99.0,SOUTH STREET,CENTRE STREET,WASHINGTON STREET,BOSTON,FAIR,LEVEL TERRAIN,GROWN FROM PRIOR YEAR HPMS NETWORK,,99,0,0,MINOR ARTERIAL,1,NO,71.0,DCC1:NOT REPORTED,NOT REPORTED,MA,NO,NO,"NO, NOT FEDERALLY REPORTABLE",NOT REPORTED,NO APPARENT INJURY (O),COLLISION WITH MOTOR VEHICLE IN TRAFFIC,1,TURNING LEFT,PASSENGER CAR,"MDA1:RIGHT FRONT, MDA2:LEFT FRONT, MDA3:CENTER FRONT",,98,96,PAN,SEQ1:COLLISION WITH MOTOR VEHICLE IN TRAFFIC,"YES, VEHICLE OR TRAILER DISABLED",FORD,,,EASTBOUND,6278891,SOUTH STREET,2024,12,7,Saturday,False
2024,,5470341,BOSTON,12 07 2024,2024-12-07 09:40:00+00:00,OPEN,PROPERTY DAMAGE ONLY (NONE INJURED),NO APPARENT INJURY (O),2,0,0,LOCAL POLICE,FRONT TO FRONT,V1: TURNING LEFT / V2: TRAVELLING STRAIGHT AHEAD,V1: E  / V2: E,V1:(COLLISION WITH MOTOR VEHICLE IN TRAFFIC) V2:(COLLISION WITH MOTOR VEHICLE IN TRAFFIC),DAYLIGHT,CLEAR,DRY,COLLISION WITH MOTOR VEHICLE IN TRAFFIC,V1:(COLLISION WITH MOTOR VEHICLE IN TRAFFIC) / V2:(COLLISION WITH MOTOR VEHICLE IN TRAFFIC),,V1:(PASSENGER CAR) / V2:(PASSENGER CAR),,SOUTH ST,100 FEET E  OF,METCALF CT RTE,,NOT AT JUNCTION,NOT REPORTED,"TWO-WAY, NOT DIVIDED",CITY OR TOWN ACCEPTED ROAD,ROADWAY,,YES,OFF INTERSECTION,231772.5312,895042.3511804,42.30521779,-71.11464764,2024,,6,MAPC,V1:(NO) / V2:(NO),"V1:(YES, VEHICLE OR TRAILER DISABLED) / V2:(NO)",SUFFOLK,"V1:(NO, NOT FEDERALLY REPORTABLE) / V2:(NO, NOT FEDERALLY REPORTABLE)","NO, NOT FEDERALLY REPORTABLE",NO HIT AND RUN,,"NO, SCHOOL BUS NOT INVOLVED",,"NO, DEVICE NOT FUNCTIONING",NO,20621.0,2020,0.477,1012,0.068,124,BOTH SIDES,8,8,0,NO SHOULDER,45,BITUMINOUS CONCRETE ROAD,0,NO SHOULDER,2,0,0,,LARGE URBANIZED AREA,URBAN MINOR ARTERIAL OR RURAL MAJOR COLLECTOR,BOSTON (MA-NH-RI),MAINLINE ROADWAY,TWO-WAY TRAFFIC,NO ACCESS CONTROL,99.0,SOUTH STREET,CENTRE STREET,WASHINGTON STREET,BOSTON,FAIR,LEVEL TERRAIN,GROWN FROM PRIOR YEAR HPMS NETWORK,,99,0,0,MINOR ARTERIAL,2,NO,30.0,DCC1:NOT REPORTED,NOT REPORTED,MA,NO,NO,"NO, NOT FEDERALLY REPORTABLE",NOT REPORTED,NO APPARENT INJURY (O),COLLISION WITH MOTOR VEHICLE IN TRAFFIC,1,TRAVELLING STRAIGHT AHEAD,PASSENGER CAR,"MDA1:RIGHT FRONT, MDA2:CENTER FRONT",BOSTON,MA,96,PAN,SEQ1:COLLISION WITH MOTOR VEHICLE IN TRAFFIC,NO,TOYOTA,,,EASTBOUND,6278892,SOUTH STREET,2024,12,7,Saturday,False
2024,,5470424,BOSTON,11 27 2024,2024-11-27 09:51:00+00:00,OPEN,NON-FATAL INJURY,POSSIBLE INJURY (C),3,1,0,STATE POLICE,FRONT TO REAR,V1: TRAVELLING STRAIGHT AHEAD / V2: SLOWING OR STOPPED IN TRAFFIC / V3: SLOWING OR STOPPED IN TRAFFIC,V1: N  / V2: N  / V3: N,V1:(COLLISION WITH MOTOR VEHICLE IN TRAFFIC) V2:(COLLISION WITH MOTOR VEHICLE IN TRAFFIC) V3:(COLLISION WITH MOTOR VEHICLE IN TRAFFIC),DAYLIGHT,CLEAR/CLEAR,DRY,COLLISION WITH MOTOR VEHICLE IN TRAFFIC,V1:(COLLISION WITH MOTOR VEHICLE IN TRAFFIC) / V2:(COLLISION WITH MOTOR VEHICLE IN TRAFFIC) / V3:(COLLISION WITH MOTOR VEHICLE IN TRAFFIC),"D1: (INATTENTION),(FOLLOWED TOO CLOSELY)  / D2: (NO IMPROPER DRIVING)  / D3: (NO IMPROPER DRIVING)",V1:(PASSENGER CAR) / V2:(PASSENGER CAR) / V3:(PASSENGER CAR),,CENTRE ST RTE    / LOUDERS LN RTE,,,,Y-INTERSECTION,TRAFFIC CONTROL SIGNAL,"TWO-WAY, DIVIDED, POSITIVE MEDIAN BARRIER",DEPARTMENT OF CONSERVATION AND RECREATION,ROADWAY,,YES,AT INTERSECTION,230972.3438,895126.0623,42.30600356,-71.1243481,2024,D1: NOT DISTRACTED / D2: NOT DISTRACTED / D3: NOT DISTRACTED,6,MAPC,V1:(NO) / V2:(NO) / V3:(NO),"V1:(YES, VEHICLE OR TRAILER DISABLED) / V2:(NO) / V3:(NO)",SUFFOLK,"V1:(NO, NOT FEDERALLY REPORTABLE) / V2:(NO, NOT FEDERALLY REPORTABLE) / V3:(NO, NOT FEDERALLY REPORTABLE)","NO, NOT FEDERALLY REPORTABLE",NO HIT AND RUN,TRAFFIC CONGESTION RELATED,"NO, SCHOOL BUS NOT INVOLVED",,"YES, DEVICE FUNCTIONING",NO,33898.0,2009,3,3,2,2,ALL CURBS (DIVIDED HIGHWAY),0,8,0,NO SHOULDER,22,BITUMINOUS CONCRETE ROAD,0,NO SHOULDER,2,2,3,RAISED MEDIAN,LARGE URBANIZED AREA,RURAL OR URBAN PRINCIPAL ARTERIAL,BOSTON (MA-NH-RI),MAINLINE ROADWAY,TWO-WAY TRAFFIC,NO ACCESS CONTROL,30.0,CENTRE STREET,WEST ROXBURY CENTRE STREET ROTARY,MURRAY CIRCLE,BOSTON,FAIR,LEVEL TERRAIN,ESTIMATE,8536,0,0,0,PRINCIPAL ARTERIAL - OTHER,1,NO,41.0,"DCC1:INATTENTION, DCC2:FOLLOWED TOO CLOSELY",NOT DISTRACTED,MA,NO,NO,"NO, NOT FEDERALLY REPORTABLE",NOT REPORTED,NO APPARENT INJURY (O),COLLISION WITH MOTOR VEHICLE IN TRAFFIC,1,TRAVELLING STRAIGHT AHEAD,PASSENGER CAR,MDA1:CENTER FRONT,WEST ROXBURY,MA,MA,PAN,SEQ1:COLLISION WITH MOTOR VEHICLE IN TRAFFIC,"YES, VEHICLE OR TRAILER DISABLED",MERC,SABLE,,NORTHBOUND,6280603,CENTRE STREET,2024,11,27,Wednesday,True
2024,,5470424,BOSTON,11 27 2024,2024-11-27 09:51:00+00:00,OPEN,NON-FATAL INJURY,POSSIBLE INJURY (C),3,1,0,STATE POLICE,FRONT TO REAR,V1: TRAVELLING STRAIGHT AHEAD / V2: SLOWING OR STOPPED IN TRAFFIC / V3: SLOWING OR STOPPED IN TRAFFIC,V1: N  / V2: N  / V3: N,V1:(COLLISION WITH MOTOR VEHICLE IN TRAFFIC) V2:(COLLISION WITH MOTOR VEHICLE IN TRAFFIC) V3:(COLLISION WITH MOTOR VEHICLE IN TRAFFIC),DAYLIGHT,CLEAR/CLEAR,DRY,COLLISION WITH MOTOR VEHICLE IN TRAFFIC,V1:(COLLISION WITH MOTOR VEHICLE IN TRAFFIC) / V2:(COLLISION WITH MOTOR VEHICLE IN TRAFFIC) / V3:(COLLISION WITH MOTOR VEHICLE IN TRAFFIC),"D1: (INATTENTION),(FOLLOWED TOO CLOSELY)  / D2: (NO IMPROPER DRIVING)  / D3: (NO IMPROPER DRIVING)",V1:(PASSENGER CAR) / V2:(PASSENGER CAR) / V3:(PASSENGER CAR),,CENTRE ST RTE    / LOUDERS LN RTE,,,,Y-INTERSECTION,TRAFFIC CONTROL SIGNAL,"TWO-WAY, DIVIDED, POSITIVE MEDIAN BARRIER",DEPARTMENT OF CONSERVATION AND RECREATION,ROADWAY,,YES,AT INTERSECTION,230972.3438,895126.0623,42.30600356,-71.1243481,2024,D1: NOT DISTRACTED / D2: NOT DISTRACTED / D3: NOT DISTRACTED,6,MAPC,V1:(NO) / V2:(NO) / V3:(NO),"V1:(YES, VEHICLE OR TRAILER DISABLED) / V2:(NO) / V3:(NO)",SUFFOLK,"V1:(NO, NOT FEDERALLY REPORTABLE) / V2:(NO, NOT FEDERALLY REPORTABLE) / V3:(NO, NOT FEDERALLY REPORTABLE)","NO, NOT FEDERALLY REPORTABLE",NO HIT AND RUN,TRAFFIC CONGESTION RELATED,"NO, SCHOOL BUS NOT INVOLVED",,"YES, DEVICE FUNCTIONING",NO,33898.0,2009,3,3,2,2,ALL CURBS (DIVIDED HIGHWAY),0,8,0,NO SHOULDER,22,BITUMINOUS CONCRETE ROAD,0,NO SHOULDER,2,2,3,RAISED MEDIAN,LARGE URBANIZED AREA,RURAL OR URBAN PRINCIPAL ARTERIAL,BOSTON (MA-NH-RI),MAINLINE ROADWAY,TWO-WAY TRAFFIC,NO ACCESS CONTROL,30.0,CENTRE STREET,WEST ROXBURY CENTRE STREET ROTARY,MURRAY CIRCLE,BOSTON,FAIR,LEVEL TERRAIN,ESTIMATE,8536,0,0,0,PRINCIPAL ARTERIAL - OTHER,2,NO,52.0,"DCC1:NO IMPROPER DRIVING, DCC2:NOT REPORTED",NOT DISTRACTED,MA,NO,NO,"NO, NOT FEDERALLY REPORTABLE",NOT REPORTED,NO APPARENT INJURY (O),COLLISION WITH MOTOR VEHICLE IN TRAFFIC,1,SLOWING OR STOPPED IN TRAFFIC,PASSENGER CAR,MDA1:CENTER REAR,WABAN,MA,MA,PAN,SEQ1:COLLISION WITH MOTOR VEHICLE IN TRAFFIC,NO,BMW,X3,,NORTHBOUND,6280604,CENTRE STREET,2024,11,27,Wednesday,True
2024,,5470424,BOSTON,11 27 2024,2024-11-27 09:51:00+00:00,OPEN,NON-FATAL INJURY,POSSIBLE INJURY (C),3,1,0,STATE POLICE,FRONT TO REAR,V1: TRAVELLING STRAIGHT AHEAD / V2: SLOWING OR STOPPED IN TRAFFIC / V3: SLOWING OR STOPPED IN TRAFFIC,V1: N  / V2: N  / V3: N,V1:(COLLISION WITH MOTOR VEHICLE IN TRAFFIC) V2:(COLLISION WITH MOTOR VEHICLE IN TRAFFIC) V3:(COLLISION WITH MOTOR VEHICLE IN TRAFFIC),DAYLIGHT,CLEAR/CLEAR,DRY,COLLISION WITH MOTOR VEHICLE IN TRAFFIC,V1:(COLLISION WITH MOTOR VEHICLE IN TRAFFIC) / V2:(COLLISION WITH MOTOR VEHICLE IN TRAFFIC) / V3:(COLLISION WITH MOTOR VEHICLE IN TRAFFIC),"D1: (INATTENTION),(FOLLOWED TOO CLOSELY)  / D2: (NO IMPROPER DRIVING)  / D3: (NO IMPROPER DRIVING)",V1:(PASSENGER CAR) / V2:(PASSENGER CAR) / V3:(PASSENGER CAR),,CENTRE ST RTE    / LOUDERS LN RTE,,,,Y-INTERSECTION,TRAFFIC CONTROL SIGNAL,"TWO-WAY, DIVIDED, POSITIVE MEDIAN BARRIER",DEPARTMENT OF CONSERVATION AND RECREATION,ROADWAY,,YES,AT INTERSECTION,230972.3438,895126.0623,42.30600356,-71.1243481,2024,D1: NOT DISTRACTED / D2: NOT DISTRACTED / D3: NOT DISTRACTED,6,MAPC,V1:(NO) / V2:(NO) / V3:(NO),"V1:(YES, VEHICLE OR TRAILER DISABLED) / V2:(NO) / V3:(NO)",SUFFOLK,"V1:(NO, NOT FEDERALLY REPORTABLE) / V2:(NO, NOT FEDERALLY REPORTABLE) / V3:(NO, NOT FEDERALLY REPORTABLE)","NO, NOT FEDERALLY REPORTABLE",NO HIT AND RUN,TRAFFIC CONGESTION RELATED,"NO, SCHOOL BUS NOT INVOLVED",,"YES, DEVICE FUNCTIONING",NO,33898.0,2009,3,3,2,2,ALL CURBS (DIVIDED HIGHWAY),0,8,0,NO SHOULDER,22,BITUMINOUS CONCRETE ROAD,0,NO SHOULDER,2,2,3,RAISED MEDIAN,LARGE URBANIZED AREA,RURAL OR URBAN PRINCIPAL ARTERIAL,BOSTON (MA-NH-RI),MAINLINE ROADWAY,TWO-WAY TRAFFIC,NO ACCESS CONTROL,30.0,CENTRE STREET,WEST ROXBURY CENTRE STREET ROTARY,MURRAY CIRCLE,BOSTON,FAIR,LEVEL TERRAIN,ESTIMATE,8536,0,0,0,PRINCIPAL ARTERIAL - OTHER,3,NO,27.0,"DCC1:NO IMPROPER DRIVING, DCC2:NOT REPORTED",NOT DISTRACTED,MA,NO,NO,"NO, NOT FEDERALLY REPORTABLE",NOT REPORTED,POSSIBLE INJURY (C),COLLISION WITH MOTOR VEHICLE IN TRAFFIC,1,SLOWING OR STOPPED IN TRAFFIC,PASSENGER CAR,"MDA1:RIGHT REAR, MDA2:CENTER REAR",ROSLINDALE,MA,MA,PAN,SEQ1:COLLISION WITH MOTOR VEHICLE IN TRAFFIC,NO,SUBA,FORESTER,,NORTHBOUND,6280605,CENTRE STREET,2024,11,27,Wednesday,True
2024,,5471140,BOSTON,12 06 2024,2024-12-06 15:05:00+00:00,OPEN,NON-FATAL INJURY,SUSPECTED MINOR INJURY (B),1,1,0,LOCAL POLICE,SINGLE VEHICLE CRASH,V1: NOT REPORTED,V1:,,DAYLIGHT,CLEAR,NOT REPORTED,NOT REPORTED,,,"V1:(BUS (SEATS FOR 16 OR MORE, INCLUDING DRIVER))",,PERSHING ROAD,200 FEET S  OF,CENTRE STREET RTE,,NOT REPORTED,NOT REPORTED,NOT REPORTED,CITY OR TOWN ACCEPTED ROAD,NOT REPORTED,,YES,OFF INTERSECTION,231944.00508766,896498.27092755,42.31831813,-71.11248773,2024,,6,MAPC,,"V1:(YES, OTHER REASON NOT DISABLED)",SUFFOLK,"V1:(YES, FEDERALLY REPORTABLE)","YES, FEDERALLY REPORTABLE",NO HIT AND RUN,NOT REPORTED,"YES, SCHOOL BUS INVOLVED",20.0,NOT REPORTED,YES,20621.0,2020,0.477,1012,0.068,124,BOTH SIDES,10,10,0,NO SHOULDER,43,BITUMINOUS CONCRETE ROAD,0,NO SHOULDER,2,0,0,,LARGE URBANIZED AREA,URBAN MINOR ARTERIAL OR RURAL MAJOR COLLECTOR,BOSTON (MA-NH-RI),MAINLINE ROADWAY,TWO-WAY TRAFFIC,NO ACCESS CONTROL,99.0,CENTRE STREET,MURRAY CIRCLE,CENTRE PERKINS STREET ROTARY,BOSTON,FAIR,LEVEL TERRAIN,GROWN FROM PRIOR YEAR HPMS NETWORK,,99,0,0,MINOR ARTERIAL,1,NOT REPORTED,62.0,DCC1:NOT REPORTED,NOT REPORTED,MA,NOT REPORTED,NOT REPORTED,"YES, FEDERALLY REPORTABLE",NOT REPORTED,SUSPECTED MINOR INJURY (B),NOT REPORTED,1,NOT REPORTED,"BUS (SEATS FOR 16 OR MORE, INCLUDING DRIVER)",MDA1:CENTER FRONT,BOSTON,MA,MA,SBN,,"YES, OTHER REASON NOT DISABLED",BLUE,BBCV19,,,6282232,CENTRE STREET,2024,12,6,Friday,True
2024,,5471657,BOSTON,12 10 2024,2024-12-10 08:57:00+00:00,OPEN,NON-FATAL INJURY,SUSPECTED MINOR INJURY (B),2,1,0,LOCAL POLICE,NOT REPORTED,V1: SLOWING OR STOPPED IN TRAFFIC / V2: SLOWING OR STOPPED IN TRAFFIC,V1:    / V2:,V1:(COLLISION WITH MOTOR VEHICLE IN TRAFFIC) V2:(COLLISION WITH MOTOR VEHICLE IN TRAFFIC),DAYLIGHT,RAIN,NOT REPORTED,NOT REPORTED,V1:(COLLISION WITH MOTOR VEHICLE IN TRAFFIC) / V2:(COLLISION WITH MOTOR VEHICLE IN TRAFFIC),D2: (FOLLOWED TOO CLOSELY),"V1:(PASSENGER CAR) / V2:(UNKNOWN HEAVY TRUCK, CANNOT CLASSIFY)",,CENTRE ST RTE N  / ELIOT ST RTE N,,,,NOT REPORTED,NOT REPORTED,NOT REPORTED,CITY OR TOWN ACCEPTED ROAD,NOT REPORTED,,YES,AT INTERSECTION,231702.3124,895537.1251,42.30967499,-71.11547222,2024,,6,MAPC,V1:(NO) / V2:(NO),"V1:(YES, OTHER REASON NOT DISABLED) / V2:(NO)",SUFFOLK,"V1:(NO, NOT FEDERALLY REPORTABLE) / V2:(YES, FEDERALLY REPORTABLE)","YES, FEDERALLY REPORTABLE",NO HIT AND RUN,NOT REPORTED,NOT REPORTED,,NOT REPORTED,NOT REPORTED,20621.0,2020,0.477,1012,0.068,124,BOTH SIDES,0,10,0,NO SHOULDER,40,BITUMINOUS CONCRETE ROAD,0,NO SHOULDER,2,0,0,,LARGE URBANIZED AREA,URBAN MINOR ARTERIAL OR RURAL MAJOR COLLECTOR,BOSTON (MA-NH-RI),MAINLINE ROADWAY,TWO-WAY TRAFFIC,NO ACCESS CONTROL,99.0,SOUTH STREET,CENTRE STREET,WASHINGTON STREET,BOSTON,FAIR,LEVEL TERRAIN,GROWN FROM PRIOR YEAR HPMS NETWORK,,99,0,0,MINOR ARTERIAL,1,NO,35.0,DCC1:NOT REPORTED,NOT REPORTED,MA,NO,NO,"NO, NOT FEDERALLY REPORTABLE",NOT REPORTED,SUSPECTED MINOR INJURY (B),COLLISION WITH MOTOR VEHICLE IN TRAFFIC,1,SLOWING OR STOPPED IN TRAFFIC,PASSENGER CAR,"MDA1:CENTER REAR, MDA2:LEFT REAR, MDA3:RIGHT REAR",,98,96,,SEQ1:COLLISION WITH MOTOR VEHICLE IN TRAFFIC,"YES, OTHER REASON NOT DISABLED",HYUNDAI,,,,6283010,SOUTH STREET,2024,12,10,Tuesday,True
2024,,5471657,BOSTON,12 10 2024,2024-12-10 08:57:00+00:00,OPEN,NON-FATAL INJURY,SUSPECTED MINOR INJURY (B),2,1,0,LOCAL POLICE,NOT REPORTED,V1: SLOWING OR STOPPED IN TRAFFIC / V2: SLOWING OR STOPPED IN TRAFFIC,V1:    / V2:,V1:(COLLISION WITH MOTOR VEHICLE IN TRAFFIC) V2:(COLLISION WITH MOTOR VEHICLE IN TRAFFIC),DAYLIGHT,RAIN,NOT REPORTED,NOT REPORTED,V1:(COLLISION WITH MOTOR VEHICLE IN TRAFFIC) / V2:(COLLISION WITH MOTOR VEHICLE IN TRAFFIC),D2: (FOLLOWED TOO CLOSELY),"V1:(PASSENGER CAR) / V2:(UNKNOWN HEAVY TRUCK, CANNOT CLASSIFY)",,CENTRE ST RTE N  / ELIOT ST RTE N,,,,NOT REPORTED,NOT REPORTED,NOT REPORTED,CITY OR TOWN ACCEPTED ROAD,NOT REPORTED,,YES,AT INTERSECTION,231702.3124,895537.1251,42.30967499,-71.11547222,2024,,6,MAPC,V1:(NO) / V2:(NO),"V1:(YES, OTHER REASON NOT DISABLED) / V2:(NO)",SUFFOLK,"V1:(NO, NOT FEDERALLY REPORTABLE) / V2:(YES, FEDERALLY REPORTABLE)","YES, FEDERALLY REPORTABLE",NO HIT AND RUN,NOT REPORTED,NOT REPORTED,,NOT REPORTED,NOT REPORTED,20621.0,2020,0.477,1012,0.068,124,BOTH SIDES,0,10,0,NO SHOULDER,40,BITUMINOUS CONCRETE ROAD,0,NO SHOULDER,2,0,0,,LARGE URBANIZED AREA,URBAN MINOR ARTERIAL OR RURAL MAJOR COLLECTOR,BOSTON (MA-NH-RI),MAINLINE ROADWAY,TWO-WAY TRAFFIC,NO ACCESS CONTROL,99.0,SOUTH STREET,CENTRE STREET,WASHINGTON STREET,BOSTON,FAIR,LEVEL TERRAIN,GROWN FROM PRIOR YEAR HPMS NETWORK,,99,0,0,MINOR ARTERIAL,2,NO,64.0,"DCC1:FOLLOWED TOO CLOSELY, DCC2:NOT REPORTED",NOT REPORTED,MA,NO,NO,"YES, FEDERALLY REPORTABLE",NOT REPORTED,NO APPARENT INJURY (O),COLLISION WITH MOTOR VEHICLE IN TRAFFIC,1,SLOWING OR STOPPED IN TRAFFIC,"UNKNOWN HEAVY TRUCK, CANNOT CLASSIFY",MDA1:CENTER FRONT,BOSTON,MA,96,,SEQ1:COLLISION WITH MOTOR VEHICLE IN TRAFFIC,NO,PETERBILT,,,,6283011,SOUTH STREET,2024,12,10,Tuesday,True
2024,,5473676,BOSTON,12 14 2024,2024-12-14 17:42:00+00:00,OPEN,PROPERTY DAMAGE ONLY (NONE INJURED),NO APPARENT INJURY (O),2,0,0,LOCAL POLICE,FRONT TO REAR,V1: NOT REPORTED / V2: NOT REPORTED,V1:    / V2:,,DARK - LIGHTED ROADWAY,CLEAR,NOT REPORTED,NOT REPORTED,,,V1:(UNKNOWN VEHICLE CONFIGURATION) / V2:(PASSENGER CAR),,CENTRE ST RTE W  / S HUNTINGTON AVE RTE W,,,,NOT REPORTED,NOT REPORTED,NOT REPORTED,CITY OR TOWN ACCEPTED ROAD,NOT REPORTED,,YES,AT INTERSECTION,232010.8748,896634.3124,42.31954014,-71.11166903,2024,,6,MAPC,V1:(NO) / V2:(NO),V1:(NO) / V2:(NO),SUFFOLK,"V1:(NO, NOT FEDERALLY REPORTABLE) / V2:(NO, NOT FEDERALLY REPORTABLE)","NO, NOT FEDERALLY REPORTABLE",NO HIT AND RUN,NOT REPORTED,"NO, SCHOOL BUS NOT INVOLVED",,NOT REPORTED,NO,20621.0,2020,0.477,1012,0.068,124,BOTH SIDES,5,5,0,NO SHOULDER,43,BITUMINOUS CONCRETE ROAD,0,NO SHOULDER,2,0,0,,LARGE URBANIZED AREA,URBAN MINOR ARTERIAL OR RURAL MAJOR COLLECTOR,BOSTON (MA-NH-RI),MAINLINE ROADWAY,TWO-WAY TRAFFIC,NO ACCESS CONTROL,99.0,CENTRE STREET,MURRAY CIRCLE,CENTRE PERKINS STREET ROTARY,BOSTON,FAIR,LEVEL TERRAIN,GROWN FROM PRIOR YEAR HPMS NETWORK,,99,0,0,MINOR ARTERIAL,1,NO,24.0,DCC1:NOT REPORTED,NOT REPORTED,,NO,NO,"NO, NOT FEDERALLY REPORTABLE",NOT REPORTED,NO APPARENT INJURY (O),NOT REPORTED,1,NOT REPORTED,UNKNOWN VEHICLE CONFIGURATION,MDA1:CENTER REAR,,98,96,PAN,,NO,CHEVROLET,,,,6286740,CENTRE STREET,2024,12,14,Saturday,False