SOURCE_YEAR,OBJECTID,CRASH_NUMB,CITY_TOWN_NAME,CRASH_DATE_TEXT,CRASH_DATETIME,CRASH_STATUS,CRASH_SEVERITY_DESCR,MAX_INJR_SVRTY_CL,NUMB_VEHC,NUMB_NONFATAL_INJR,NUMB_FATAL_INJR,POLC_AGNCY_TYPE_DESCR,MANR_COLL_DESCR,VEHC_MNVR_ACTN_CL,VEHC_TRVL_DIRC_CL,VEHC_SEQ_EVENTS_CL,AMBNT_LIGHT_DESCR,WEATH_COND_DESCR,ROAD_SURF_COND_DESCR,FIRST_HRMF_EVENT_DESCR,MOST_HRMFL_EVT_CL,DRVR_CNTRB_CIRC_CL,VEHC_CONFIG_CL,STREET_NUMB,RDWY,DIST_DIRC_FROM_INT,NEAR_INT_RDWY,LANDMARK,RDWY_JNCT_TYPE_DESCR,TRAF_CNTRL_DEVC_TYPE_DESCR,TRAFY_DESCR_DESCR,JURISDICTN,FIRST_HRMF_EVENT_LOC_DESCR,NON_MTRST_TYPE_CL,IS_GEOCODED,GEOCODING_METHOD_NAME,X,Y,LAT,LON,YEAR,DRVR_DISTRACTED_CL,DISTRICT_NUM,RPA_ABBR,VEHC_EMER_USE_CL,VEHC_TOWED_FROM_SCENE_CL,CNTY_NAME,FMCSA_RPTBL_CL,FMCSA_RPTBL,HIT_RUN_DESCR,ROAD_CNTRB_DESCR,SCHL_BUS_RELD_DESCR,SPEED_LIMIT,TRAF_CNTRL_DEVC_FUNC_DESCR,WORK_ZONE_RELD_DESCR,AADT,AADT_YEAR,PK_PCT_SUT,AV_PCT_SUT,PK_PCT_CT,AV_PCT_CT,CURB,LT_SIDEWLK,RT_SIDEWLK,SHLDR_LT_W,SHLDR_LT_T,SURFACE_WD,SURFACE_TP,SHLDR_RT_W,SHLDR_RT_T,NUM_LANES,OPP_LANES,MED_WIDTH,MED_TYPE,URBAN_TYPE,F_CLASS,URBAN_AREA,FACILITY,OPERATION,CONTROL,SPEED_LIM,STREETNAME,FROMSTREETNAME,TOSTREETNAME,CITY,STRUCT_CND,TERRAIN,AADT_DERIV,STATN_NUM,OP_DIR_SL,SHLDR_UL_T,SHLDR_UL_W,F_F_CLASS,VEHC_UNIT_NUMB,ALC_SUSPD_TYPE_DESCR,DRIVER_AGE,DRVR_CNTRB_CIRC_DESCR,DRIVER_DISTRACTED_TYPE_DESCR,DRVR_LCN_STATE,DRUG_SUSPD_TYPE_DESCR,EMERGENCY_USE_DESC,FMCSA_RPTBL_VL,HAZ_MAT_PLACARD_DESCR,MAX_INJR_SVRTY_VL,MOST_HRMF_EVENT,TOTAL_OCCPT_IN_VEHC,VEHC_MANR_ACT_DESCR,VEHC_CONFG_DESCR,VEHC_MOST_DMGD_AREA,OWNER_ADDR_CITY_TOWN,OWNER_ADDR_STATE,VEHC_REG_STATE,VEHC_REG_TYPE_CODE,VEHC_SEQ_EVENTS,VEHC_TOWED_FROM_SCENE,VEHICLE_MAKE_DESCR,VEHICLE_MODEL_DESCR,DRIVER_VIOLATION_CL,TRVL_DIRC_DESCR,OBJECTID_1,TARGET_STREET,CRASH_YEAR,CRASH_MONTH,CRASH_DAY,CRASH_WEEKDAY,HAS_INJURY
2024,,5473676,BOSTON,12 14 2024,2024-12-14 17:42:00+00:00,OPEN,PROPERTY DAMAGE ONLY (NONE INJURED),NO APPARENT INJURY (O),2,0,0,LOCAL POLICE,FRONT TO REAR,V1: NOT REPORTED / V2: NOT REPORTED,V1:    / V2:,,DARK - LIGHTED ROADWAY,CLEAR,NOT REPORTED,NOT REPORTED,,,V1:(UNKNOWN VEHICLE CONFIGURATION) / V2:(PASSENGER CAR),,CENTRE ST RTE W  / S HUNTINGTON AVE RTE W,,,,NOT REPORTED,NOT REPORTED,NOT REPORTED,CITY OR TOWN ACCEPTED ROAD,NOT REPORTED,,YES,AT INTERSECTION,232010.8748,896634.3124,42.31954014,-71.11166903,2024,,6,MAPC,V1:(NO) / V2:(NO),V1:(NO) / V2:(NO),SUFFOLK,"V1:(NO, NOT FEDERALLY REPORTABLE) / V2:(NO, NOT FEDERALLY REPORTABLE)","NO, NOT FEDERALLY REPORTABLE",NO HIT AND RUN,NOT REPORTED,"NO, SCHOOL BUS NOT INVOLVED",,NOT REPORTED,NO,20621.0,2020,0.477,1012,0.068,124,BOTH SIDES,5,5,0,NO SHOULDER,43,BITUMINOUS CONCRETE ROAD,0,NO SHOULDER,2,0,0,,LARGE URBANIZED AREA,URBAN MINOR ARTERIAL OR RURAL MAJOR COLLECTOR,BOSTON (MA-NH-RI),MAINLINE ROADWAY,TWO-WAY TRAFFIC,NO ACCESS CONTROL,99.0,CENTRE STREET,MURRAY CIRCLE,CENTRE PERKINS STREET ROTARY,BOSTON,FAIR,LEVEL TERRAIN,GROWN FROM PRIOR YEAR HPMS NETWORK,,99,0,0,MINOR ARTERIAL,2,NO,28.0,DCC1:NOT REPORTED,NOT REPORTED,MA,NO,NO,"NO, NOT FEDERALLY REPORTABLE",NOT REPORTED,NO APPARENT INJURY (O),NOT REPORTED,1,NOT REPORTED,PASSENGER CAR,"MDA1:CENTER FRONT, MDA2:RIGHT FRONT",BOSTON,MA,96,PAN,,NO,TOYOTA,,,,6286741,CENTRE STREET,2024,12,14,Saturday,False
2024,,5474398,BOSTON,11 26 2024,2024-11-26 08:32:00+00:00,OPEN,PROPERTY DAMAGE ONLY (NONE INJURED),NO APPARENT INJURY (O),2,0,0,MBTA POLICE,ANGLE,V1: TRAVELLING STRAIGHT AHEAD / V2: TRAVELLING STRAIGHT AHEAD,V1: S  / V2: W,V1:(COLLISION WITH MOTOR VEHICLE IN TRAFFIC) V2:(COLLISION WITH MOTOR VEHICLE IN TRAFFIC),DAYLIGHT,CLEAR,DRY,COLLISION WITH MOTOR VEHICLE IN TRAFFIC,V1:(COLLISION WITH MOTOR VEHICLE IN TRAFFIC) / V2:(COLLISION WITH MOTOR VEHICLE IN TRAFFIC),D1: (NO IMPROPER DRIVING)  / D2: (OPERATING DEFECTIVE EQUIPMENT),"V1:(BUS (SEATS FOR 16 OR MORE, INCLUDING DRIVER)) / V2:(PASSENGER CAR)",,WASHINGTON ST RTE S  / MONTEBELLO ROAD RTE W,,,,FOUR-WAY INTERSECTION,TRAFFIC CONTROL SIGNAL,"TWO-WAY, NOT DIVIDED",CITY OR TOWN ACCEPTED ROAD,ROADWAY,,YES,AT INTERSECTION,232847.2499,895853.2498,42.31247368,-71.10156719,2024,D1: NOT DISTRACTED / D2: NOT DISTRACTED,6,MAPC,V1:(NO) / V2:(NO),V1:(NO) / V2:(NO),SUFFOLK,"V1:(NO, NOT FEDERALLY REPORTABLE) / V2:(NO, NOT FEDERALLY REPORTABLE)","NO, NOT FEDERALLY REPORTABLE",NO HIT AND RUN,,"NO, SCHOOL BUS NOT INVOLVED",25.0,"YES, DEVICE FUNCTIONING",NO,11864.0,2020,0.33,462,0.105,130,BOTH SIDES,10,10,0,NO SHOULDER,28,BITUMINOUS CONCRETE ROAD,0,NO SHOULDER,2,0,0,,LARGE URBANIZED AREA,RURAL MINOR ARTERIAL OR URBAN PRINCIPAL ARTERIAL,BOSTON (MA-NH-RI),MAINLINE ROADWAY,TWO-WAY TRAFFIC,NO ACCESS CONTROL,30.0,WASHINGTON STREET,HYDE PARK AVENUE,DEVONSHIRE PLACE,BOSTON,FAIR,LEVEL TERRAIN,GROWN FROM PRIOR YEAR HPMS NETWORK,,30,0,0,PRINCIPAL ARTERIAL - OTHER,1,NO,49.0,"DCC1:NO IMPROPER DRIVING, DCC2:NOT REPORTED",NOT DISTRACTED,MA,NO,NO,"NO, NOT FEDERALLY REPORTABLE",NOT REPORTED,NO APPARENT INJURY (O),COLLISION WITH MOTOR VEHICLE IN TRAFFIC,1,TRAVELLING STRAIGHT AHEAD,"BUS (SEATS FOR 16 OR MORE, INCLUDING DRIVER)",MDA1:LEFT FRONT,BOSTON,MA,MA,ATN,SEQ1:COLLISION WITH MOTOR VEHICLE IN TRAFFIC,NO,NFLY,TRABUS,"V2: (89 9),(90 7)",SOUTHBOUND,6287573,WASHINGTON STREET,2024,11,26,Tuesday,False
2024,,5474398,BOSTON,11 26 2024,2024-11-26 08:32:00+00:00,OPEN,PROPERTY DAMAGE ONLY (NONE INJURED),NO APPARENT INJURY (O),2,0,0,MBTA POLICE,ANGLE,V1: TRAVELLING STRAIGHT AHEAD / V2: TRAVELLING STRAIGHT AHEAD,V1: S  / V2: W,V1:(COLLISION WITH MOTOR VEHICLE IN TRAFFIC) V2:(COLLISION WITH MOTOR VEHICLE IN TRAFFIC),DAYLIGHT,CLEAR,DRY,COLLISION WITH MOTOR VEHICLE IN TRAFFIC,V1:(COLLISION WITH MOTOR VEHICLE IN TRAFFIC) / V2:(COLLISION WITH MOTOR VEHICLE IN TRAFFIC),D1: (NO IMPROPER DRIVING)  / D2: (OPERATING DEFECTIVE EQUIPMENT),"V1:(BUS (SEATS FOR 16 OR MORE, INCLUDING DRIVER)) / V2:(PASSENGER CAR)",,WASHINGTON ST RTE S  / MONTEBELLO ROAD RTE W,,,,FOUR-WAY INTERSECTION,TRAFFIC CONTROL SIGNAL,"TWO-WAY, NOT DIVIDED",CITY OR TOWN ACCEPTED ROAD,ROADWAY,,YES,AT INTERSECTION,232847.2499,895853.2498,42.31247368,-71.10156719,2024,D1: NOT DISTRACTED / D2: NOT DISTRACTED,6,MAPC,V1:(NO) / V2:(NO),V1:(NO) / V2:(NO),SUFFOLK,"V1:(NO, NOT FEDERALLY REPORTABLE) / V2:(NO, NOT FEDERALLY REPORTABLE)","NO, NOT FEDERALLY REPORTABLE",NO HIT AND RUN,,"NO, SCHOOL BUS NOT INVOLVED",25.0,"YES, DEVICE FUNCTIONING",NO,11864.0,2020,0.33,462,0.105,130,BOTH SIDES,10,10,0,NO SHOULDER,28,BITUMINOUS CONCRETE ROAD,0,NO SHOULDER,2,0,0,,LARGE URBANIZED AREA,RURAL MINOR ARTERIAL OR URBAN PRINCIPAL ARTERIAL,BOSTON (MA-NH-RI),MAINLINE ROADWAY,TWO-WAY TRAFFIC,NO ACCESS CONTROL,30.0,WASHINGTON STREET,HYDE PARK AVENUE,DEVONSHIRE PLACE,BOSTON,FAIR,LEVEL TERRAIN,GROWN FROM PRIOR YEAR HPMS NETWORK,,30,0,0,PRINCIPAL ARTERIAL - OTHER,2,NO,35.0,"DCC1:OPERATING DEFECTIVE EQUIPMENT, DCC2:NOT REPORTED",NOT DISTRACTED,MA,NO,NO,"NO, NOT FEDERALLY REPORTABLE",NOT REPORTED,NO APPARENT INJURY (O),COLLISION WITH MOTOR VEHICLE IN TRAFFIC,1,TRAVELLING STRAIGHT AHEAD,PASSENGER CAR,"MDA1:RIGHT FRONT, MDA2:RIGHT SIDE, MDA3:OTHER",JAMAICA PLAIN,MA,MA,PAN,SEQ1:COLLISION WITH MOTOR VEHICLE IN TRAFFIC,NO,HOND,ACCORD,"V2: (89 9),(90 7)",WESTBOUND,6287574,WASHINGTON STREET,2024,11,26,Tuesday,False
2024,,5474134,BOSTON,09 06 2024,2024-09-06 19:55:00+00:00,OPEN,PROPERTY DAMAGE ONLY (NONE INJURED),NO APPARENT INJURY (O),2,0,0,LOCAL POLICE,"SIDESWIPE, SAME DIRECTION",V1: TRAVELLING STRAIGHT AHEAD / V2: TRAVELLING STRAIGHT AHEAD,V1: N  / V2: N,V1:(COLLISION WITH MOTOR VEHICLE IN TRAFFIC) V2:(COLLISION WITH MOTOR VEHICLE IN TRAFFIC),DUSK,CLEAR,DRY,COLLISION WITH MOTOR VEHICLE IN TRAFFIC,V1:(COLLISION WITH MOTOR VEHICLE IN TRAFFIC) / V2:(COLLISION WITH MOTOR VEHICLE IN TRAFFIC),D1: (NO IMPROPER DRIVING)  / D2: (NO IMPROPER DRIVING),V1:(PASSENGER CAR) / V2:(PASSENGER CAR),,WASHINGTON ST RTE N  / PETER PARLEY ROAD RTE S,,,,FOUR-WAY INTERSECTION,NO CONTROLS,"TWO-WAY, NOT DIVIDED",CITY OR TOWN ACCEPTED ROAD,ROADWAY,,YES,AT INTERSECTION,232765.484,895740.7547,42.31146435,-71.10256534,2024,D2: NOT DISTRACTED,6,MAPC,V1:(NO) / V2:(NO),V1:(NO) / V2:(NO),SUFFOLK,"V1:(NO, NOT FEDERALLY REPORTABLE) / V2:(NO, NOT FEDERALLY REPORTABLE)","NO, NOT FEDERALLY REPORTABLE",NO HIT AND RUN,,"NO, SCHOOL BUS NOT INVOLVED",25.0,"NO, DEVICE NOT FUNCTIONING",NO,11864.0,2020,0.33,462,0.105,130,BOTH SIDES,10,10,0,NO SHOULDER,28,BITUMINOUS CONCRETE ROAD,0,NO SHOULDER,2,0,0,,LARGE URBANIZED AREA,RURAL MINOR ARTERIAL OR URBAN PRINCIPAL ARTERIAL,BOSTON (MA-NH-RI),MAINLINE ROADWAY,TWO-WAY TRAFFIC,NO ACCESS CONTROL,30.0,WASHINGTON STREET,HYDE PARK AVENUE,DEVONSHIRE PLACE,BOSTON,FAIR,LEVEL TERRAIN,GROWN FROM PRIOR YEAR HPMS NETWORK,,30,0,0,PRINCIPAL ARTERIAL - OTHER,1,NO,63.0,"DCC1:NO IMPROPER DRIVING, DCC2:NOT REPORTED",NOT REPORTED,MA,NO,NO,"NO, NOT FEDERALLY REPORTABLE",NOT REPORTED,NO APPARENT INJURY (O),COLLISION WITH MOTOR VEHICLE IN TRAFFIC,1,TRAVELLING STRAIGHT AHEAD,PASSENGER CAR,"MDA1:RIGHT REAR, MDA2:RIGHT FRONT, MDA3:RIGHT SIDE",DORCHESTER,MA,96,PAN,SEQ1:COLLISION WITH MOTOR VEHICLE IN TRAFFIC,NO,AUDI,,,NORTHBOUND,6288067,WASHINGTON STREET,2024,9,6,Friday,False
2024,,5474134,BOSTON,09 06 2024,2024-09-06 19:55:00+00:00,OPEN,PROPERTY DAMAGE ONLY (NONE INJURED),NO APPARENT INJURY (O),2,0,0,LOCAL POLICE,"SIDESWIPE, SAME DIRECTION",V1: TRAVELLING STRAIGHT AHEAD / V2: TRAVELLING STRAIGHT AHEAD,V1: N  / V2: N,V1:(COLLISION WITH MOTOR VEHICLE IN TRAFFIC) V2:(COLLISION WITH MOTOR VEHICLE IN TRAFFIC),DUSK,CLEAR,DRY,COLLISION WITH MOTOR VEHICLE IN TRAFFIC,V1:(COLLISION WITH MOTOR VEHICLE IN TRAFFIC) / V2:(COLLISION WITH MOTOR VEHICLE IN TRAFFIC),D1: (NO IMPROPER DRIVING)  / D2: (NO IMPROPER DRIVING),V1:(PASSENGER CAR) / V2:(PASSENGER CAR),,WASHINGTON ST RTE N  / PETER PARLEY ROAD RTE S,,,,FOUR-WAY INTERSECTION,NO CONTROLS,"TWO-WAY, NOT DIVIDED",CITY OR TOWN ACCEPTED ROAD,ROADWAY,,YES,AT INTERSECTION,232765.484,895740.7547,42.31146435,-71.10256534,2024,D2: NOT DISTRACTED,6,MAPC,V1:(NO) / V2:(NO),V1:(NO) / V2:(NO),SUFFOLK,"V1:(NO, NOT FEDERALLY REPORTABLE) / V2:(NO, NOT FEDERALLY REPORTABLE)","NO, NOT FEDERALLY REPORTABLE",NO HIT AND RUN,,"NO, SCHOOL BUS NOT INVOLVED",25.0,"NO, DEVICE NOT FUNCTIONING",NO,11864.0,2020,0.33,462,0.105,130,BOTH SIDES,10,10,0,NO SHOULDER,28,BITUMINOUS CONCRETE ROAD,0,NO SHOULDER,2,0,0,,LARGE URBANIZED AREA,RURAL MINOR ARTERIAL OR URBAN PRINCIPAL ARTERIAL,BOSTON (MA-NH-RI),MAINLINE ROADWAY,TWO-WAY TRAFFIC,NO ACCESS CONTROL,30.0,WASHINGTON STREET,HYDE PARK AVENUE,DEVONSHIRE PLACE,BOSTON,FAIR,LEVEL TERRAIN,GROWN FROM PRIOR YEAR HPMS NETWORK,,30,0,0,PRINCIPAL ARTERIAL - OTHER,2,NO,30.0,"DCC1:NO IMPROPER DRIVING, DCC2:NOT REPORTED",NOT DISTRACTED,MA,NO,NO,"NO, NOT FEDERALLY REPORTABLE",NOT REPORTED,NO APPARENT INJURY (O),COLLISION WITH MOTOR VEHICLE IN TRAFFIC,1,TRAVELLING STRAIGHT AHEAD,PASSENGER CAR,"MDA1:LEFT FRONT, MDA2:LEFT SIDE, MDA3:LEFT REAR",,98,96,PAN,SEQ1:COLLISION WITH MOTOR VEHICLE IN TRAFFIC,NO,CHEVROLET,,,NORTHBOUND,6288068,WASHINGTON STREET,2024,9,6,Friday,False
2024,,5474129,BOSTON,12 16 2024,2024-12-16 20:00:00+00:00,OPEN,PROPERTY DAMAGE ONLY (NONE INJURED),NO APPARENT INJURY (O),2,0,0,LOCAL POLICE,HEAD-ON,V1: TURNING LEFT / V2: TRAVELLING STRAIGHT AHEAD,V1: S  / V2: N,V1:(COLLISION WITH MOTOR VEHICLE IN TRAFFIC) V2:(COLLISION WITH MOTOR VEHICLE IN TRAFFIC),DARK - UNKNOWN ROADWAY LIGHTING,RAIN,NOT REPORTED,NOT REPORTED,V1:(COLLISION WITH MOTOR VEHICLE IN TRAFFIC) / V2:(COLLISION WITH MOTOR VEHICLE IN TRAFFIC),D1: (UNKNOWN)  / D2: (UNKNOWN),V1:(PASSENGER CAR) / V2:(PASSENGER CAR),,WASHINGTON STREET RTE N  / WESTMINSTER AVENUE RTE S,,,,NOT REPORTED,NOT REPORTED,NOT REPORTED,CITY OR TOWN ACCEPTED ROAD,ROADWAY,,YES,AT INTERSECTION,233214.3124,896360.8752,42.3170282,-71.09708575,2024,,6,MAPC,V1:(NO) / V2:(NO),"V1:(YES, VEHICLE OR TRAILER DISABLED) / V2:(YES, VEHICLE OR TRAILER DISABLED)",SUFFOLK,"V1:(NO, NOT FEDERALLY REPORTABLE) / V2:(NO, NOT FEDERALLY REPORTABLE)","NO, NOT FEDERALLY REPORTABLE",NO HIT AND RUN,NOT REPORTED,"NO, SCHOOL BUS NOT INVOLVED",,NOT REPORTED,NO,11864.0,2020,0.33,462,0.105,130,BOTH SIDES,10,10,0,NO SHOULDER,26,BITUMINOUS CONCRETE ROAD,0,NO SHOULDER,2,0,0,,LARGE URBANIZED AREA,RURAL MINOR ARTERIAL OR URBAN PRINCIPAL ARTERIAL,BOSTON (MA-NH-RI),MAINLINE ROADWAY,TWO-WAY TRAFFIC,NO ACCESS CONTROL,30.0,WASHINGTON STREET,HYDE PARK AVENUE,DEVONSHIRE PLACE,BOSTON,FAIR,LEVEL TERRAIN,GROWN FROM PRIOR YEAR HPMS NETWORK,,30,0,0,PRINCIPAL ARTERIAL - OTHER,1,NOT REPORTED,22.0,"DCC1:UNKNOWN, DCC2:NOT REPORTED",NOT REPORTED,MA,NOT REPORTED,NO,"NO, NOT FEDERALLY REPORTABLE",NOT REPORTED,NO APPARENT INJURY (O),COLLISION WITH MOTOR VEHICLE IN TRAFFIC,1,TURNING LEFT,PASSENGER CAR,MDA1:CENTER FRONT,DORCHESTER,MA,MA,PAN,SEQ1:COLLISION WITH MOTOR VEHICLE IN TRAFFIC,"YES, VEHICLE OR TRAILER DISABLED",JEEP,GRAND CHER,,SOUTHBOUND,6288078,WASHINGTON STREET,2024,12,16,Monday,False
2024,,5474129,BOSTON,12 16 2024,2024-12-16 20:00:00+00:00,OPEN,PROPERTY DAMAGE ONLY (NONE INJURED),NO APPARENT INJURY (O),2,0,0,LOCAL POLICE,HEAD-ON,V1: TURNING LEFT / V2: TRAVELLING STRAIGHT AHEAD,V1: S  / V2: N,V1:(COLLISION WITH MOTOR VEHICLE IN TRAFFIC) V2:(COLLISION WITH MOTOR VEHICLE IN TRAFFIC),DARK - UNKNOWN ROADWAY LIGHTING,RAIN,NOT REPORTED,NOT REPORTED,V1:(COLLISION WITH MOTOR VEHICLE IN TRAFFIC) / V2:(COLLISION WITH MOTOR VEHICLE IN TRAFFIC),D1: (UNKNOWN)  / D2: (UNKNOWN),V1:(PASSENGER CAR) / V2:(PASSENGER CAR),,WASHINGTON STREET RTE N  / WESTMINSTER AVENUE RTE S,,,,NOT REPORTED,NOT REPORTED,NOT REPORTED,CITY OR TOWN ACCEPTED ROAD,ROADWAY,,YES,AT INTERSECTION,233214.3124,896360.8752,42.3170282,-71.09708575,2024,,6,MAPC,V1:(NO) / V2:(NO),"V1:(YES, VEHICLE OR TRAILER DISABLED) / V2:(YES, VEHICLE OR TRAILER DISABLED)",SUFFOLK,"V1:(NO, NOT FEDERALLY REPORTABLE) / V2:(NO, NOT FEDERALLY REPORTABLE)","NO, NOT FEDERALLY REPORTABLE",NO HIT AND RUN,NOT REPORTED,"NO, SCHOOL BUS NOT INVOLVED",,NOT REPORTED,NO,11864.0,2020,0.33,462,0.105,130,BOTH SIDES,10,10,0,NO SHOULDER,26,BITUMINOUS CONCRETE ROAD,0,NO SHOULDER,2,0,0,,LARGE URBANIZED AREA,RURAL MINOR ARTERIAL OR URBAN PRINCIPAL ARTERIAL,BOSTON (MA-NH-RI),MAINLINE ROADWAY,TWO-WAY TRAFFIC,NO ACCESS CONTROL,30.0,WASHINGTON STREET,HYDE PARK AVENUE,DEVONSHIRE PLACE,BOSTON,FAIR,LEVEL TERRAIN,GROWN FROM PRIOR YEAR HPMS NETWORK,,30,0,0,PRINCIPAL ARTERIAL - OTHER,2,NO,31.0,"DCC1:UNKNOWN, DCC2:NOT REPORTED",NOT REPORTED,MA,NO,NO,"NO, NOT FEDERALLY REPORTABLE",NOT REPORTED,NO APPARENT INJURY (O),COLLISION WITH MOTOR VEHICLE IN TRAFFIC,1,TRAVELLING STRAIGHT AHEAD,PASSENGER CAR,"MDA1:CENTER FRONT, MDA2:LEFT FRONT, MDA3:RIGHT FRONT",BROCKTON,MA,MA,PAN,SEQ1:COLLISION WITH MOTOR VEHICLE IN TRAFFIC,"YES, VEHICLE OR TRAILER DISABLED",TOYT,CAMRY,,NORTHBOUND,6288079,WASHINGTON STREET,2024,12,16,Monday,False
2024,,5474117,BOSTON,12 16 2024,2024-12-16 18:02:00+00:00,OPEN,NON-FATAL INJURY,SUSPECTED MINOR INJURY (B),3,1,0,LOCAL POLICE,ANGLE,V1: TURNING LEFT / V2: SLOWING OR STOPPED IN TRAFFIC / V3: TRAVELLING STRAIGHT AHEAD,V1: E  / V2: S  / V3: S,V1:(COLLISION WITH MOTOR VEHICLE IN TRAFFIC) V2:(COLLISION WITH MOTOR VEHICLE IN TRAFFIC) V3:(COLLISION WITH MOTOR VEHICLE IN TRAFFIC),DARK - LIGHTED ROADWAY,RAIN/CLOUDY,WET,COLLISION WITH MOTOR VEHICLE IN TRAFFIC,V1:(COLLISION WITH MOTOR VEHICLE IN TRAFFIC) / V2:(COLLISION WITH MOTOR VEHICLE IN TRAFFIC) / V3:(COLLISION WITH MOTOR VEHICLE IN TRAFFIC),D1: (FAILED TO YIELD RIGHT OF WAY)  / D2: (NO IMPROPER DRIVING)  / D3: (NO IMPROPER DRIVING),V1:(PASSENGER CAR) / V2:(PASSENGER CAR) / V3:(PASSENGER CAR),,SOUTH STREET / SAINT MARK STREET / ARBORWAY,,,,T-INTERSECTION,STOP SIGNS,"TWO-WAY, NOT DIVIDED",CITY OR TOWN ACCEPTED ROAD,ROADWAY,,YES,OPERATOR DESIGNATED,231790.3913,894715.5189,42.30227466,-71.11444895,2024,D1: NOT DISTRACTED / D2: NOT DISTRACTED / D3: NOT DISTRACTED,6,MAPC,V1:(NO) / V2:(NO) / V3:(NO),"V1:(NO) / V2:(NO) / V3:(YES, VEHICLE OR TRAILER DISABLED)",SUFFOLK,"V1:(NO, NOT FEDERALLY REPORTABLE) / V2:(NO, NOT FEDERALLY REPORTABLE) / V3:(NO, NOT FEDERALLY REPORTABLE)","NO, NOT FEDERALLY REPORTABLE",NO HIT AND RUN,,"NO, SCHOOL BUS NOT INVOLVED",,NOT REPORTED,NO,20621.0,2020,0.477,1012,0.068,124,BOTH SIDES,8,8,0,NO SHOULDER,45,BITUMINOUS CONCRETE ROAD,0,NO SHOULDER,2,0,0,,LARGE URBANIZED AREA,URBAN MINOR ARTERIAL OR RURAL MAJOR COLLECTOR,BOSTON (MA-NH-RI),MAINLINE ROADWAY,TWO-WAY TRAFFIC,NO ACCESS CONTROL,99.0,SOUTH STREET,CENTRE STREET,WASHINGTON STREET,BOSTON,FAIR,LEVEL TERRAIN,GROWN FROM PRIOR YEAR HPMS NETWORK,,99,0,0,MINOR ARTERIAL,1,NO,41.0,"DCC1:FAILED TO YIELD RIGHT OF WAY, DCC2:NOT REPORTED",NOT DISTRACTED,MA,NO,NO,"NO, NOT FEDERALLY REPORTABLE",NOT REPORTED,NO APPARENT INJURY (O),COLLISION WITH MOTOR VEHICLE IN TRAFFIC,1,TURNING LEFT,PASSENGER CAR,"MDA1:LEFT FRONT, MDA2:CENTER FRONT, MDA3:RIGHT FRONT",JAMAICA PLAIN,MA,MA,PAN,SEQ1:COLLISION WITH MOTOR VEHICLE IN TRAFFIC,NO,MAZD,3,,EASTBOUND,6288102,SOUTH STREET,2024,12,16,Monday,True
2024,,5474117,BOSTON,12 16 2024,2024-12-16 18:02:00+00:00,OPEN,NON-FATAL INJURY,SUSPECTED MINOR INJURY (B),3,1,0,LOCAL POLICE,ANGLE,V1: TURNING LEFT / V2: SLOWING OR STOPPED IN TRAFFIC / V3: TRAVELLING STRAIGHT AHEAD,V1: E  / V2: S  / V3: S,V1:(COLLISION WITH MOTOR VEHICLE IN TRAFFIC) V2:(COLLISION WITH MOTOR VEHICLE IN TRAFFIC) V3:(COLLISION WITH MOTOR VEHICLE IN TRAFFIC),DARK - LIGHTED ROADWAY,RAIN/CLOUDY,WET,COLLISION WITH MOTOR VEHICLE IN TRAFFIC,V1:(COLLISION WITH MOTOR VEHICLE IN TRAFFIC) / V2:(COLLISION WITH MOTOR VEHICLE IN TRAFFIC) / V3:(COLLISION WITH MOTOR VEHICLE IN TRAFFIC),D1: (FAILED TO YIELD RIGHT OF WAY)  / D2: (NO IMPROPER DRIVING)  / D3: (NO IMPROPER DRIVING),V1:(PASSENGER CAR) / V2:(PASSENGER CAR) / V3:(PASSENGER CAR),,SOUTH STREET / SAINT MARK STREET / ARBORWAY,,,,T-INTERSECTION,STOP SIGNS,"TWO-WAY, NOT DIVIDED",CITY OR TOWN ACCEPTED ROAD,ROADWAY,,YES,OPERATOR DESIGNATED,231790.3913,894715.5189,42.30227466,-71.11444895,2024,D1: NOT DISTRACTED / D2: NOT DISTRACTED / D3: NOT DISTRACTED,6,MAPC,V1:(NO) / V2:(NO) / V3:(NO),"V1:(NO) / V2:(NO) / V3:(YES, VEHICLE OR TRAILER DISABLED)",SUFFOLK,"V1:(NO, NOT FEDERALLY REPORTABLE) / V2:(NO, NOT FEDERALLY REPORTABLE) / V3:(NO, NOT FEDERALLY REPORTABLE)","NO, NOT FEDERALLY REPORTABLE",NO HIT AND RUN,,"NO, SCHOOL BUS NOT INVOLVED",,NOT REPORTED,NO,20621.0,2020,0.477,1012,0.068,124,BOTH SIDES,8,8,0,NO SHOULDER,45,BITUMINOUS CONCRETE ROAD,0,NO SHOULDER,2,0,0,,LARGE URBANIZED AREA,URBAN MINOR ARTERIAL OR RURAL MAJOR COLLECTOR,BOSTON (MA-NH-RI),MAINLINE ROADWAY,TWO-WAY TRAFFIC,NO ACCESS CONTROL,99.0,SOUTH STREET,CENTRE STREET,WASHINGTON STREET,BOSTON,FAIR,LEVEL TERRAIN,GROWN FROM PRIOR YEAR HPMS NETWORK,,99,0,0,MINOR ARTERIAL,2,NO,42.0,"DCC1:NO IMPROPER DRIVING, DCC2:NOT REPORTED",NOT DISTRACTED,MA,NO,NO,"NO, NOT FEDERALLY REPORTABLE",NOT REPORTED,NO APPARENT INJURY (O),COLLISION WITH MOTOR VEHICLE IN TRAFFIC,1,SLOWING OR STOPPED IN TRAFFIC,PASSENGER CAR,MDA1:LEFT REAR,HYDE PARK,MA,MA,PAN,SEQ1:COLLISION WITH MOTOR VEHICLE IN TRAFFIC,NO,JEEP,PATRIOT,,SOUTHBOUND,6288103,SOUTH STREET,2024,12,16,Monday,True