SOURCE_YEAR,OBJECTID,CRASH_NUMB,CITY_TOWN_NAME,CRASH_DATE_TEXT,CRASH_DATETIME,CRASH_STATUS,CRASH_SEVERITY_DESCR,MAX_INJR_SVRTY_CL,NUMB_VEHC,NUMB_NONFATAL_INJR,NUMB_FATAL_INJR,POLC_AGNCY_TYPE_DESCR,MANR_COLL_DESCR,VEHC_MNVR_ACTN_CL,VEHC_TRVL_DIRC_CL,VEHC_SEQ_EVENTS_CL,AMBNT_LIGHT_DESCR,WEATH_COND_DESCR,ROAD_SURF_COND_DESCR,FIRST_HRMF_EVENT_DESCR,MOST_HRMFL_EVT_CL,DRVR_CNTRB_CIRC_CL,VEHC_CONFIG_CL,STREET_NUMB,RDWY,DIST_DIRC_FROM_INT,NEAR_INT_RDWY,LANDMARK,RDWY_JNCT_TYPE_DESCR,TRAF_CNTRL_DEVC_TYPE_DESCR,TRAFY_DESCR_DESCR,JURISDICTN,FIRST_HRMF_EVENT_LOC_DESCR,NON_MTRST_TYPE_CL,IS_GEOCODED,GEOCODING_METHOD_NAME,X,Y,LAT,LON,YEAR,DRVR_DISTRACTED_CL,DISTRICT_NUM,RPA_ABBR,VEHC_EMER_USE_CL,VEHC_TOWED_FROM_SCENE_CL,CNTY_NAME,FMCSA_RPTBL_CL,FMCSA_RPTBL,HIT_RUN_DESCR,ROAD_CNTRB_DESCR,SCHL_BUS_RELD_DESCR,SPEED_LIMIT,TRAF_CNTRL_DEVC_FUNC_DESCR,WORK_ZONE_RELD_DESCR,AADT,AADT_YEAR,PK_PCT_SUT,AV_PCT_SUT,PK_PCT_CT,AV_PCT_CT,CURB,LT_SIDEWLK,RT_SIDEWLK,SHLDR_LT_W,SHLDR_LT_T,SURFACE_WD,SURFACE_TP,SHLDR_RT_W,SHLDR_RT_T,NUM_LANES,OPP_LANES,MED_WIDTH,MED_TYPE,URBAN_TYPE,F_CLASS,URBAN_AREA,FACILITY,OPERATION,CONTROL,SPEED_LIM,STREETNAME,FROMSTREETNAME,TOSTREETNAME,CITY,STRUCT_CND,TERRAIN,AADT_DERIV,STATN_NUM,OP_DIR_SL,SHLDR_UL_T,SHLDR_UL_W,F_F_CLASS,VEHC_UNIT_NUMB,ALC_SUSPD_TYPE_DESCR,DRIVER_AGE,DRVR_CNTRB_CIRC_DESCR,DRIVER_DISTRACTED_TYPE_DESCR,DRVR_LCN_STATE,DRUG_SUSPD_TYPE_DESCR,EMERGENCY_USE_DESC,FMCSA_RPTBL_VL,HAZ_MAT_PLACARD_DESCR,MAX_INJR_SVRTY_VL,MOST_HRMF_EVENT,TOTAL_OCCPT_IN_VEHC,VEHC_MANR_ACT_DESCR,VEHC_CONFG_DESCR,VEHC_MOST_DMGD_AREA,OWNER_ADDR_CITY_TOWN,OWNER_ADDR_STATE,VEHC_REG_STATE,VEHC_REG_TYPE_CODE,VEHC_SEQ_EVENTS,VEHC_TOWED_FROM_SCENE,VEHICLE_MAKE_DESCR,VEHICLE_MODEL_DESCR,DRIVER_VIOLATION_CL,TRVL_DIRC_DESCR,OBJECTID_1,TARGET_STREET,CRASH_YEAR,CRASH_MONTH,CRASH_DAY,CRASH_WEEKDAY,HAS_INJURY
2025,,5556461,BOSTON,07/03/2025,2025-07-03 04:30:00+00:00,OPEN,,NOT REPORTED,3,0,0,LOCAL POLICE,HEAD-ON,V1: PARKED / V2: PARKED / V3: TRAVELLING STRAIGHT AHEAD,V1: S  / V2: S  / V3: N,V1:(COLLISION WITH PARKED MOTOR VEHICLE) V2:(COLLISION WITH PARKED MOTOR VEHICLE) V3:(CROSS MEDIAN OR CENTERLINE),DARK - LIGHTED ROADWAY,CLEAR,DRY,,V1:(COLLISION WITH PARKED MOTOR VEHICLE) / V2:(COLLISION WITH PARKED MOTOR VEHICLE),,V1:(PASSENGER CAR) / V2:(PASSENGER CAR) / V3:(PASSENGER CAR),3458,WASHINGTON ST RTE N,,,,NOT AT JUNCTION,NO CONTROLS,"TWO-WAY, NOT DIVIDED",CITY OR TOWN ACCEPTED ROAD,,,YES,AT ADDRESS,232420.37656032,895264.39934607,42.30719023,-71.10677796,2025,,6,MAPC,V1:(NO) / V2:(NO) / V3:(NO),"V1:(YES, VEHICLE OR TRAILER DISABLED) / V2:(NO) / V3:(YES, VEHICLE OR TRAILER DISABLED)",SUFFOLK,"V1:(NO, NOT FEDERALLY REPORTABLE) / V2:(NO, NOT FEDERALLY REPORTABLE) / V3:(NO, NOT FEDERALLY REPORTABLE)","NO, NOT FEDERALLY REPORTABLE","YES, HIT AND RUN",,"NO, SCHOOL BUS NOT INVOLVED",25.0,"YES, DEVICE FUNCTIONING",NO,11864.0,2020,0.33,462,0.105,130,BOTH SIDES,10,10,0,NO SHOULDER,28,BITUMINOUS CONCRETE ROAD,0,NO SHOULDER,2,0,0,,LARGE URBANIZED AREA,RURAL MINOR ARTERIAL OR URBAN PRINCIPAL ARTERIAL,BOSTON (MA-NH-RI),MAINLINE ROADWAY,TWO-WAY TRAFFIC,NO ACCESS CONTROL,25.0,WASHINGTON STREET,HYDE PARK AVENUE,DEVONSHIRE PLACE,BOSTON,FAIR,LEVEL TERRAIN,GROWN FROM PRIOR YEAR HPMS NETWORK,,30,0,0,PRINCIPAL ARTERIAL - OTHER,2,NOT REPORTED,,DCC1:NOT REPORTED,NOT REPORTED,MA,NOT REPORTED,NO,"NO, NOT FEDERALLY REPORTABLE",NOT REPORTED,NOT REPORTED,COLLISION WITH PARKED MOTOR VEHICLE,1,PARKED,PASSENGER CAR,MDA1:CENTER FRONT,JAMAICA PLAIN,MA,96,,SEQ1:COLLISION WITH PARKED MOTOR VEHICLE,NO,SUBARU,,,SOUTHBOUND,6463443,WASHINGTON STREET,2025,7,3,Thursday,False
2025,,5556461,BOSTON,07/03/2025,2025-07-03 04:30:00+00:00,OPEN,,NOT REPORTED,3,0,0,LOCAL POLICE,HEAD-ON,V1: PARKED / V2: PARKED / V3: TRAVELLING STRAIGHT AHEAD,V1: S  / V2: S  / V3: N,V1:(COLLISION WITH PARKED MOTOR VEHICLE) V2:(COLLISION WITH PARKED MOTOR VEHICLE) V3:(CROSS MEDIAN OR CENTERLINE),DARK - LIGHTED ROADWAY,CLEAR,DRY,,V1:(COLLISION WITH PARKED MOTOR VEHICLE) / V2:(COLLISION WITH PARKED MOTOR VEHICLE),,V1:(PASSENGER CAR) / V2:(PASSENGER CAR) / V3:(PASSENGER CAR),3458,WASHINGTON ST RTE N,,,,NOT AT JUNCTION,NO CONTROLS,"TWO-WAY, NOT DIVIDED",CITY OR TOWN ACCEPTED ROAD,,,YES,AT ADDRESS,232420.37656032,895264.39934607,42.30719023,-71.10677796,2025,,6,MAPC,V1:(NO) / V2:(NO) / V3:(NO),"V1:(YES, VEHICLE OR TRAILER DISABLED) / V2:(NO) / V3:(YES, VEHICLE OR TRAILER DISABLED)",SUFFOLK,"V1:(NO, NOT FEDERALLY REPORTABLE) / V2:(NO, NOT FEDERALLY REPORTABLE) / V3:(NO, NOT FEDERALLY REPORTABLE)","NO, NOT FEDERALLY REPORTABLE","YES, HIT AND RUN",,"NO, SCHOOL BUS NOT INVOLVED",25.0,"YES, DEVICE FUNCTIONING",NO,11864.0,2020,0.33,462,0.105,130,BOTH SIDES,10,10,0,NO SHOULDER,28,BITUMINOUS CONCRETE ROAD,0,NO SHOULDER,2,0,0,,LARGE URBANIZED AREA,RURAL MINOR ARTERIAL OR URBAN PRINCIPAL ARTERIAL,BOSTON (MA-NH-RI),MAINLINE ROADWAY,TWO-WAY TRAFFIC,NO ACCESS CONTROL,25.0,WASHINGTON STREET,HYDE PARK AVENUE,DEVONSHIRE PLACE,BOSTON,FAIR,LEVEL TERRAIN,GROWN FROM PRIOR YEAR HPMS NETWORK,,30,0,0,PRINCIPAL ARTERIAL - OTHER,3,NOT REPORTED,,DCC1:NOT REPORTED,NOT REPORTED,MA,NOT REPORTED,NO,"NO, NOT FEDERALLY REPORTABLE",NOT REPORTED,NOT REPORTED,NOT REPORTED,1,TRAVELLING STRAIGHT AHEAD,PASSENGER CAR,MDA1:CENTER FRONT,ROXBURY,MA,96,PAN,SEQ1:CROSS MEDIAN OR CENTERLINE,"YES, VEHICLE OR TRAILER DISABLED",HONDA,,,NORTHBOUND,6463444,WASHINGTON STREET,2025,7,3,Thursday,False
2025,,5556456,BOSTON,07/19/2025,2025-07-19 05:45:00+00:00,OPEN,PROPERTY DAMAGE ONLY (NONE INJURED),NO APPARENT INJURY (O),2,0,0,LOCAL POLICE,NOT REPORTED,V1: ENTERING TRAFFIC LANE / V2: TRAVELLING STRAIGHT AHEAD,V1: W  / V2: N,V1:(COLLISION WITH MOTOR VEHICLE IN TRAFFIC) V2:(COLLISION WITH MOTOR VEHICLE IN TRAFFIC),NOT REPORTED,NOT REPORTED,NOT REPORTED,NOT REPORTED,V2:(COLLISION WITH MOTOR VEHICLE IN TRAFFIC),,"V1:(PASSENGER CAR) / V2:(LIGHT TRUCK(VAN, MINI-VAN, PICKUP, SPORT UTILITY))",,WASHINGTON STREET,150 FEET E  OF,CHILCOTT PLACE,,NOT REPORTED,NOT REPORTED,NOT REPORTED,CITY OR TOWN ACCEPTED ROAD,NOT REPORTED,,YES,OFF INTERSECTION,232964.12476538,896014.81371586,42.31392328,-71.10014035,2025,,6,MAPC,V1:(NO) / V2:(NO),V1:(NO) / V2:(NO),SUFFOLK,"V1:(NO, NOT FEDERALLY REPORTABLE) / V2:(NO, NOT FEDERALLY REPORTABLE)","NO, NOT FEDERALLY REPORTABLE","YES, HIT AND RUN",NOT REPORTED,NOT REPORTED,,NOT REPORTED,NOT REPORTED,11864.0,2020,0.33,462,0.105,130,BOTH SIDES,10,10,0,NO SHOULDER,28,BITUMINOUS CONCRETE ROAD,0,NO SHOULDER,2,0,0,,LARGE URBANIZED AREA,RURAL MINOR ARTERIAL OR URBAN PRINCIPAL ARTERIAL,BOSTON (MA-NH-RI),MAINLINE ROADWAY,TWO-WAY TRAFFIC,NO ACCESS CONTROL,30.0,WASHINGTON STREET,HYDE PARK AVENUE,DEVONSHIRE PLACE,BOSTON,FAIR,LEVEL TERRAIN,GROWN FROM PRIOR YEAR HPMS NETWORK,,30,0,0,PRINCIPAL ARTERIAL - OTHER,1,NOT REPORTED,,DCC1:NOT REPORTED,NOT REPORTED,MA,NOT REPORTED,NO,"NO, NOT FEDERALLY REPORTABLE",NOT REPORTED,NOT REPORTED,NOT REPORTED,1,ENTERING TRAFFIC LANE,PASSENGER CAR,"MDA1:CENTER FRONT, MDA2:LEFT FRONT, MDA3:LEFT SIDE",,98,96,PAN,SEQ1:COLLISION WITH MOTOR VEHICLE IN TRAFFIC,NO,DODGE,,,WESTBOUND,6463454,WASHINGTON STREET,2025,7,19,Saturday,False
2025,,5556456,BOSTON,07/19/2025,2025-07-19 05:45:00+00:00,OPEN,PROPERTY DAMAGE ONLY (NONE INJURED),NO APPARENT INJURY (O),2,0,0,LOCAL POLICE,NOT REPORTED,V1: ENTERING TRAFFIC LANE / V2: TRAVELLING STRAIGHT AHEAD,V1: W  / V2: N,V1:(COLLISION WITH MOTOR VEHICLE IN TRAFFIC) V2:(COLLISION WITH MOTOR VEHICLE IN TRAFFIC),NOT REPORTED,NOT REPORTED,NOT REPORTED,NOT REPORTED,V2:(COLLISION WITH MOTOR VEHICLE IN TRAFFIC),,"V1:(PASSENGER CAR) / V2:(LIGHT TRUCK(VAN, MINI-VAN, PICKUP, SPORT UTILITY))",,WASHINGTON STREET,150 FEET E  OF,CHILCOTT PLACE,,NOT REPORTED,NOT REPORTED,NOT REPORTED,CITY OR TOWN ACCEPTED ROAD,NOT REPORTED,,YES,OFF INTERSECTION,232964.12476538,896014.81371586,42.31392328,-71.10014035,2025,,6,MAPC,V1:(NO) / V2:(NO),V1:(NO) / V2:(NO),SUFFOLK,"V1:(NO, NOT FEDERALLY REPORTABLE) / V2:(NO, NOT FEDERALLY REPORTABLE)","NO, NOT FEDERALLY REPORTABLE","YES, HIT AND RUN",NOT REPORTED,NOT REPORTED,,NOT REPORTED,NOT REPORTED,11864.0,2020,0.33,462,0.105,130,BOTH SIDES,10,10,0,NO SHOULDER,28,BITUMINOUS CONCRETE ROAD,0,NO SHOULDER,2,0,0,,LARGE URBANIZED AREA,RURAL MINOR ARTERIAL OR URBAN PRINCIPAL ARTERIAL,BOSTON (MA-NH-RI),MAINLINE ROADWAY,TWO-WAY TRAFFIC,NO ACCESS CONTROL,30.0,WASHINGTON STREET,HYDE PARK AVENUE,DEVONSHIRE PLACE,BOSTON,FAIR,LEVEL TERRAIN,GROWN FROM PRIOR YEAR HPMS NETWORK,,30,0,0,PRINCIPAL ARTERIAL - OTHER,2,NO,25.0,DCC1:NOT REPORTED,NOT REPORTED,NH,NO,NO,"NO, NOT FEDERALLY REPORTABLE",NOT REPORTED,NO APPARENT INJURY (O),COLLISION WITH MOTOR VEHICLE IN TRAFFIC,1,TRAVELLING STRAIGHT AHEAD,"LIGHT TRUCK(VAN, MINI-VAN, PICKUP, SPORT UTILITY)","MDA1:RIGHT FRONT, MDA2:RIGHT REAR, MDA3:RIGHT SIDE",JAMAICA PLAIN,MA,96,PAN,SEQ1:COLLISION WITH MOTOR VEHICLE IN TRAFFIC,NO,JEEP,,,NORTHBOUND,6463455,WASHINGTON STREET,2025,7,19,Saturday,False
2025,,5556439,BOSTON,05/23/2025,2025-05-23 16:31:00+00:00,OPEN,PROPERTY DAMAGE ONLY (NONE INJURED),NO APPARENT INJURY (O),2,0,0,LOCAL POLICE,FRONT TO FRONT,V1: TRAVELLING STRAIGHT AHEAD / V2: TURNING LEFT,V1: W  / V2: E,V1:(COLLISION WITH MOTOR VEHICLE IN TRAFFIC) V2:(COLLISION WITH MOTOR VEHICLE IN TRAFFIC),DAYLIGHT,CLOUDY,DRY,NOT REPORTED,V1:(COLLISION WITH MOTOR VEHICLE IN TRAFFIC) / V2:(COLLISION WITH MOTOR VEHICLE IN TRAFFIC),D1: (UNKNOWN)  / D2: (UNKNOWN),V1:(PASSENGER CAR) / V2:(PASSENGER CAR),,HEATH ST RTE E  / COLUMBUS AVENUE   RTE S  / CENTRE STREET RTE W,,,,FOUR-WAY INTERSECTION,FLASHING TRAFFIC CONTROL SIGNAL,"TWO-WAY, DIVIDED, UNPROTECTED MEDIAN",CITY OR TOWN ACCEPTED ROAD,ROADWAY,,YES,AT INTERSECTION,233100.8312,897238.0954,42.32493042,-71.09841224,2025,,6,MAPC,V1:(NO) / V2:(NO),"V1:(YES, VEHICLE OR TRAILER DISABLED) / V2:(YES, VEHICLE OR TRAILER DISABLED)",SUFFOLK,"V1:(NO, NOT FEDERALLY REPORTABLE) / V2:(NO, NOT FEDERALLY REPORTABLE)","NO, NOT FEDERALLY REPORTABLE",NO HIT AND RUN,,"NO, SCHOOL BUS NOT INVOLVED",,NOT REPORTED,NO,29469.0,2009,3,4,0,1,BOTH SIDES,0,8,0,NO SHOULDER,30,BITUMINOUS CONCRETE ROAD,0,NO SHOULDER,3,3,2,UNPROTECTED,LARGE URBANIZED AREA,RURAL MINOR ARTERIAL OR URBAN PRINCIPAL ARTERIAL,BOSTON (MA-NH-RI),MAINLINE ROADWAY,TWO-WAY TRAFFIC,NO ACCESS CONTROL,30.0,COLUMBUS AVENUE,WALNUT AVENUE,TREMONT STREET,BOSTON,FAIR,LEVEL TERRAIN,ESTIMATE,8564,0,0,0,PRINCIPAL ARTERIAL - OTHER,1,NO,27.0,"DCC1:UNKNOWN, DCC2:NOT REPORTED",NOT REPORTED,MA,NO,NO,"NO, NOT FEDERALLY REPORTABLE",NOT REPORTED,NO APPARENT INJURY (O),COLLISION WITH MOTOR VEHICLE IN TRAFFIC,1,TRAVELLING STRAIGHT AHEAD,PASSENGER CAR,"MDA1:RIGHT FRONT, MDA2:CENTER FRONT",BOSTON,MA,MA,PAN,SEQ1:COLLISION WITH MOTOR VEHICLE IN TRAFFIC,"YES, VEHICLE OR TRAILER DISABLED",ACUR,ILX,,WESTBOUND,6463481,CENTRE STREET,2025,5,23,Friday,False
2025,,5556439,BOSTON,05/23/2025,2025-05-23 16:31:00+00:00,OPEN,PROPERTY DAMAGE ONLY (NONE INJURED),NO APPARENT INJURY (O),2,0,0,LOCAL POLICE,FRONT TO FRONT,V1: TRAVELLING STRAIGHT AHEAD / V2: TURNING LEFT,V1: W  / V2: E,V1:(COLLISION WITH MOTOR VEHICLE IN TRAFFIC) V2:(COLLISION WITH MOTOR VEHICLE IN TRAFFIC),DAYLIGHT,CLOUDY,DRY,NOT REPORTED,V1:(COLLISION WITH MOTOR VEHICLE IN TRAFFIC) / V2:(COLLISION WITH MOTOR VEHICLE IN TRAFFIC),D1: (UNKNOWN)  / D2: (UNKNOWN),V1:(PASSENGER CAR) / V2:(PASSENGER CAR),,HEATH ST RTE E  / COLUMBUS AVENUE   RTE S  / CENTRE STREET RTE W,,,,FOUR-WAY INTERSECTION,FLASHING TRAFFIC CONTROL SIGNAL,"TWO-WAY, DIVIDED, UNPROTECTED MEDIAN",CITY OR TOWN ACCEPTED ROAD,ROADWAY,,YES,AT INTERSECTION,233100.8312,897238.0954,42.32493042,-71.09841224,2025,,6,MAPC,V1:(NO) / V2:(NO),"V1:(YES, VEHICLE OR TRAILER DISABLED) / V2:(YES, VEHICLE OR TRAILER DISABLED)",SUFFOLK,"V1:(NO, NOT FEDERALLY REPORTABLE) / V2:(NO, NOT FEDERALLY REPORTABLE)","NO, NOT FEDERALLY REPORTABLE",NO HIT AND RUN,,"NO, SCHOOL BUS NOT INVOLVED",,NOT REPORTED,NO,29469.0,2009,3,4,0,1,BOTH SIDES,0,8,0,NO SHOULDER,30,BITUMINOUS CONCRETE ROAD,0,NO SHOULDER,3,3,2,UNPROTECTED,LARGE URBANIZED AREA,RURAL MINOR ARTERIAL OR URBAN PRINCIPAL ARTERIAL,BOSTON (MA-NH-RI),MAINLINE ROADWAY,TWO-WAY TRAFFIC,NO ACCESS CONTROL,30.0,COLUMBUS AVENUE,WALNUT AVENUE,TREMONT STREET,BOSTON,FAIR,LEVEL TERRAIN,ESTIMATE,8564,0,0,0,PRINCIPAL ARTERIAL - OTHER,2,NO,60.0,"DCC1:UNKNOWN, DCC2:NOT REPORTED",,MA,NO,NO,"NO, NOT FEDERALLY REPORTABLE",NOT REPORTED,NO APPARENT INJURY (O),COLLISION WITH MOTOR VEHICLE IN TRAFFIC,1,TURNING LEFT,PASSENGER CAR,"MDA1:RIGHT FRONT, MDA2:CENTER FRONT",WALPOLE,MA,MA,PAN,SEQ1:COLLISION WITH MOTOR VEHICLE IN TRAFFIC,"YES, VEHICLE OR TRAILER DISABLED",HYUN,KONA,,EASTBOUND,6463482,CENTRE STREET,2025,5,23,Friday,False
2025,,5556269,BOSTON,05/26/2025,2025-05-26 00:01:00+00:00,OPEN,,NOT REPORTED,3,0,0,LOCAL POLICE,FRONT TO REAR,V1: SLOWING OR STOPPED IN TRAFFIC / V2: SLOWING OR STOPPED IN TRAFFIC / V3: TRAVELLING STRAIGHT AHEAD,V1: S  / V2: S  / V3: S,V1:(OTHER) V2:(OTHER) V3:(COLLISION WITH PARKED MOTOR VEHICLE),DARK - LIGHTED ROADWAY,CLEAR,DRY,COLLISION WITH PARKED MOTOR VEHICLE,V1:(OTHER) / V2:(OTHER) / V3:(COLLISION WITH PARKED MOTOR VEHICLE),,"V1:(LIGHT TRUCK(VAN, MINI-VAN, PICKUP, SPORT UTILITY)) / V3:(LIGHT TRUCK(VAN, MINI-VAN, PICKUP, SPORT UTILITY))",,CENTRE STREET,100 FEET N  OF,NATHANIEL ASKIA WAY,,NOT AT JUNCTION,NO CONTROLS,"TWO-WAY, DIVIDED, UNPROTECTED MEDIAN",CITY OR TOWN ACCEPTED ROAD,ROADSIDE,,YES,OPERATOR DESIGNATED,233238.37322372,897334.18962477,42.32578969,-71.09673806,2025,,6,MAPC,V1:(NO) / V2:(NO) / V3:(NO),"V1:(NO) / V2:(YES, VEHICLE OR TRAILER DISABLED) / V3:(YES, VEHICLE OR TRAILER DISABLED)",SUFFOLK,"V1:(NO, NOT FEDERALLY REPORTABLE) / V2:(NO, NOT FEDERALLY REPORTABLE) / V3:(NO, NOT FEDERALLY REPORTABLE)","NO, NOT FEDERALLY REPORTABLE","YES, HIT AND RUN",,"NO, SCHOOL BUS NOT INVOLVED",25.0,"NO, DEVICE NOT FUNCTIONING",NO,8969.0,2020,0.253,440,0,53,BOTH SIDES,10,10,0,NO SHOULDER,41,BITUMINOUS CONCRETE ROAD,0,NO SHOULDER,2,0,0,,LARGE URBANIZED AREA,URBAN MINOR ARTERIAL OR RURAL MAJOR COLLECTOR,BOSTON (MA-NH-RI),MAINLINE ROADWAY,TWO-WAY TRAFFIC,NO ACCESS CONTROL,99.0,CENTRE STREET,COLUMBUS AVENUE,ROXBURY STREET,BOSTON,FAIR,ROLLING TERRAIN,GROWN FROM PRIOR YEAR HPMS NETWORK,,99,0,0,MINOR ARTERIAL,1,NOT REPORTED,,DCC1:NOT REPORTED,NOT REPORTED,MA,NOT REPORTED,NO,"NO, NOT FEDERALLY REPORTABLE",NOT REPORTED,NOT REPORTED,OTHER,1,SLOWING OR STOPPED IN TRAFFIC,"LIGHT TRUCK(VAN, MINI-VAN, PICKUP, SPORT UTILITY)","MDA1:RIGHT REAR, MDA2:CENTER REAR, MDA3:LEFT REAR",STONEHAM,MA,96,PAN,SEQ1:OTHER,NO,MAZDA,,,SOUTHBOUND,6463796,CENTRE STREET,2025,5,26,Monday,False
2025,,5556269,BOSTON,05/26/2025,2025-05-26 00:01:00+00:00,OPEN,,NOT REPORTED,3,0,0,LOCAL POLICE,FRONT TO REAR,V1: SLOWING OR STOPPED IN TRAFFIC / V2: SLOWING OR STOPPED IN TRAFFIC / V3: TRAVELLING STRAIGHT AHEAD,V1: S  / V2: S  / V3: S,V1:(OTHER) V2:(OTHER) V3:(COLLISION WITH PARKED MOTOR VEHICLE),DARK - LIGHTED ROADWAY,CLEAR,DRY,COLLISION WITH PARKED MOTOR VEHICLE,V1:(OTHER) / V2:(OTHER) / V3:(COLLISION WITH PARKED MOTOR VEHICLE),,"V1:(LIGHT TRUCK(VAN, MINI-VAN, PICKUP, SPORT UTILITY)) / V3:(LIGHT TRUCK(VAN, MINI-VAN, PICKUP, SPORT UTILITY))",,CENTRE STREET,100 FEET N  OF,NATHANIEL ASKIA WAY,,NOT AT JUNCTION,NO CONTROLS,"TWO-WAY, DIVIDED, UNPROTECTED MEDIAN",CITY OR TOWN ACCEPTED ROAD,ROADSIDE,,YES,OPERATOR DESIGNATED,233238.37322372,897334.18962477,42.32578969,-71.09673806,2025,,6,MAPC,V1:(NO) / V2:(NO) / V3:(NO),"V1:(NO) / V2:(YES, VEHICLE OR TRAILER DISABLED) / V3:(YES, VEHICLE OR TRAILER DISABLED)",SUFFOLK,"V1:(NO, NOT FEDERALLY REPORTABLE) / V2:(NO, NOT FEDERALLY REPORTABLE) / V3:(NO, NOT FEDERALLY REPORTABLE)","NO, NOT FEDERALLY REPORTABLE","YES, HIT AND RUN",,"NO, SCHOOL BUS NOT INVOLVED",25.0,"NO, DEVICE NOT FUNCTIONING",NO,8969.0,2020,0.253,440,0,53,BOTH SIDES,10,10,0,NO SHOULDER,41,BITUMINOUS CONCRETE ROAD,0,NO SHOULDER,2,0,0,,LARGE URBANIZED AREA,URBAN MINOR ARTERIAL OR RURAL MAJOR COLLECTOR,BOSTON (MA-NH-RI),MAINLINE ROADWAY,TWO-WAY TRAFFIC,NO ACCESS CONTROL,99.0,CENTRE STREET,COLUMBUS AVENUE,ROXBURY STREET,BOSTON,FAIR,ROLLING TERRAIN,GROWN FROM PRIOR YEAR HPMS NETWORK,,99,0,0,MINOR ARTERIAL,2,NOT REPORTED,,DCC1:NOT REPORTED,NOT REPORTED,MA,NOT REPORTED,NO,"NO, NOT FEDERALLY REPORTABLE",NOT REPORTED,NOT REPORTED,OTHER,1,SLOWING OR STOPPED IN TRAFFIC,NOT REPORTED,"MDA1:CENTER REAR, MDA2:LEFT REAR, MDA3:LEFT SIDE",QUINCY,MA,96,PAN,SEQ1:OTHER,"YES, VEHICLE OR TRAILER DISABLED",HONDA,,,SOUTHBOUND,6463797,CENTRE STREET,2025,5,26,Monday,False
2025,,5556269,BOSTON,05/26/2025,2025-05-26 00:01:00+00:00,OPEN,,NOT REPORTED,3,0,0,LOCAL POLICE,FRONT TO REAR,V1: SLOWING OR STOPPED IN TRAFFIC / V2: SLOWING OR STOPPED IN TRAFFIC / V3: TRAVELLING STRAIGHT AHEAD,V1: S  / V2: S  / V3: S,V1:(OTHER) V2:(OTHER) V3:(COLLISION WITH PARKED MOTOR VEHICLE),DARK - LIGHTED ROADWAY,CLEAR,DRY,COLLISION WITH PARKED MOTOR VEHICLE,V1:(OTHER) / V2:(OTHER) / V3:(COLLISION WITH PARKED MOTOR VEHICLE),,"V1:(LIGHT TRUCK(VAN, MINI-VAN, PICKUP, SPORT UTILITY)) / V3:(LIGHT TRUCK(VAN, MINI-VAN, PICKUP, SPORT UTILITY))",,CENTRE STREET,100 FEET N  OF,NATHANIEL ASKIA WAY,,NOT AT JUNCTION,NO CONTROLS,"TWO-WAY, DIVIDED, UNPROTECTED MEDIAN",CITY OR TOWN ACCEPTED ROAD,ROADSIDE,,YES,OPERATOR DESIGNATED,233238.37322372,897334.18962477,42.32578969,-71.09673806,2025,,6,MAPC,V1:(NO) / V2:(NO) / V3:(NO),"V1:(NO) / V2:(YES, VEHICLE OR TRAILER DISABLED) / V3:(YES, VEHICLE OR TRAILER DISABLED)",SUFFOLK,"V1:(NO, NOT FEDERALLY REPORTABLE) / V2:(NO, NOT FEDERALLY REPORTABLE) / V3:(NO, NOT FEDERALLY REPORTABLE)","NO, NOT FEDERALLY REPORTABLE","YES, HIT AND RUN",,"NO, SCHOOL BUS NOT INVOLVED",25.0,"NO, DEVICE NOT FUNCTIONING",NO,8969.0,2020,0.253,440,0,53,BOTH SIDES,10,10,0,NO SHOULDER,41,BITUMINOUS CONCRETE ROAD,0,NO SHOULDER,2,0,0,,LARGE URBANIZED AREA,URBAN MINOR ARTERIAL OR RURAL MAJOR COLLECTOR,BOSTON (MA-NH-RI),MAINLINE ROADWAY,TWO-WAY TRAFFIC,NO ACCESS CONTROL,99.0,CENTRE STREET,COLUMBUS AVENUE,ROXBURY STREET,BOSTON,FAIR,ROLLING TERRAIN,GROWN FROM PRIOR YEAR HPMS NETWORK,,99,0,0,MINOR ARTERIAL,3,NOT REPORTED,,DCC1:NOT REPORTED,NOT REPORTED,MA,NOT REPORTED,NO,"NO, NOT FEDERALLY REPORTABLE",NOT REPORTED,NOT REPORTED,COLLISION WITH PARKED MOTOR VEHICLE,1,TRAVELLING STRAIGHT AHEAD,"LIGHT TRUCK(VAN, MINI-VAN, PICKUP, SPORT UTILITY)","MDA1:RIGHT FRONT, MDA2:LEFT FRONT, MDA3:CENTER FRONT",,98,96,PAN,SEQ1:COLLISION WITH PARKED MOTOR VEHICLE,"YES, VEHICLE OR TRAILER DISABLED",HYUNDAI,,,SOUTHBOUND,6463798,CENTRE STREET,2025,5,26,Monday,False