SOURCE_YEAR,OBJECTID,CRASH_NUMB,CITY_TOWN_NAME,CRASH_DATE_TEXT,CRASH_DATETIME,CRASH_STATUS,CRASH_SEVERITY_DESCR,MAX_INJR_SVRTY_CL,NUMB_VEHC,NUMB_NONFATAL_INJR,NUMB_FATAL_INJR,POLC_AGNCY_TYPE_DESCR,MANR_COLL_DESCR,VEHC_MNVR_ACTN_CL,VEHC_TRVL_DIRC_CL,VEHC_SEQ_EVENTS_CL,AMBNT_LIGHT_DESCR,WEATH_COND_DESCR,ROAD_SURF_COND_DESCR,FIRST_HRMF_EVENT_DESCR,MOST_HRMFL_EVT_CL,DRVR_CNTRB_CIRC_CL,VEHC_CONFIG_CL,STREET_NUMB,RDWY,DIST_DIRC_FROM_INT,NEAR_INT_RDWY,LANDMARK,RDWY_JNCT_TYPE_DESCR,TRAF_CNTRL_DEVC_TYPE_DESCR,TRAFY_DESCR_DESCR,JURISDICTN,FIRST_HRMF_EVENT_LOC_DESCR,NON_MTRST_TYPE_CL,IS_GEOCODED,GEOCODING_METHOD_NAME,X,Y,LAT,LON,YEAR,DRVR_DISTRACTED_CL,DISTRICT_NUM,RPA_ABBR,VEHC_EMER_USE_CL,VEHC_TOWED_FROM_SCENE_CL,CNTY_NAME,FMCSA_RPTBL_CL,FMCSA_RPTBL,HIT_RUN_DESCR,ROAD_CNTRB_DESCR,SCHL_BUS_RELD_DESCR,SPEED_LIMIT,TRAF_CNTRL_DEVC_FUNC_DESCR,WORK_ZONE_RELD_DESCR,AADT,AADT_YEAR,PK_PCT_SUT,AV_PCT_SUT,PK_PCT_CT,AV_PCT_CT,CURB,LT_SIDEWLK,RT_SIDEWLK,SHLDR_LT_W,SHLDR_LT_T,SURFACE_WD,SURFACE_TP,SHLDR_RT_W,SHLDR_RT_T,NUM_LANES,OPP_LANES,MED_WIDTH,MED_TYPE,URBAN_TYPE,F_CLASS,URBAN_AREA,FACILITY,OPERATION,CONTROL,SPEED_LIM,STREETNAME,FROMSTREETNAME,TOSTREETNAME,CITY,STRUCT_CND,TERRAIN,AADT_DERIV,STATN_NUM,OP_DIR_SL,SHLDR_UL_T,SHLDR_UL_W,F_F_CLASS,VEHC_UNIT_NUMB,ALC_SUSPD_TYPE_DESCR,DRIVER_AGE,DRVR_CNTRB_CIRC_DESCR,DRIVER_DISTRACTED_TYPE_DESCR,DRVR_LCN_STATE,DRUG_SUSPD_TYPE_DESCR,EMERGENCY_USE_DESC,FMCSA_RPTBL_VL,HAZ_MAT_PLACARD_DESCR,MAX_INJR_SVRTY_VL,MOST_HRMF_EVENT,TOTAL_OCCPT_IN_VEHC,VEHC_MANR_ACT_DESCR,VEHC_CONFG_DESCR,VEHC_MOST_DMGD_AREA,OWNER_ADDR_CITY_TOWN,OWNER_ADDR_STATE,VEHC_REG_STATE,VEHC_REG_TYPE_CODE,VEHC_SEQ_EVENTS,VEHC_TOWED_FROM_SCENE,VEHICLE_MAKE_DESCR,VEHICLE_MODEL_DESCR,DRIVER_VIOLATION_CL,TRVL_DIRC_DESCR,OBJECTID_1,TARGET_STREET,CRASH_YEAR,CRASH_MONTH,CRASH_DAY,CRASH_WEEKDAY,HAS_INJURY
2025,,5556985,BOSTON,08/02/2025,2025-08-02 09:00:00+00:00,OPEN,NON-FATAL INJURY,SUSPECTED MINOR INJURY (B),1,2,0,LOCAL POLICE,NOT REPORTED,V1: NOT REPORTED,V1:,,NOT REPORTED,NOT REPORTED,NOT REPORTED,NOT REPORTED,,,V1:(PASSENGER CAR),,CENTRE STREET,100 FEET W  OF,MURRAY CIRCLE,,NOT REPORTED,NOT REPORTED,NOT REPORTED,DEPARTMENT OF CONSERVATION AND RECREATION,NOT REPORTED,VU2: PEDESTRIAN,YES,OFF INTERSECTION,231153.32887848,895415.82889493,42.30860507,-71.12213746,2025,,6,MAPC,,V1:(NO),SUFFOLK,"V1:(NO, NOT FEDERALLY REPORTABLE)","NO, NOT FEDERALLY REPORTABLE",NO HIT AND RUN,NOT REPORTED,NOT REPORTED,,NOT REPORTED,NOT REPORTED,31806.0,2020,0.558,1463,0.155,350,ALL CURBS (DIVIDED HIGHWAY),0,8,0,NO SHOULDER,22,BITUMINOUS CONCRETE ROAD,0,NO SHOULDER,2,2,40,RAISED MEDIAN,LARGE URBANIZED AREA,RURAL OR URBAN PRINCIPAL ARTERIAL,BOSTON (MA-NH-RI),MAINLINE ROADWAY,TWO-WAY TRAFFIC,NO ACCESS CONTROL,25.0,CENTRE STREET,WEST ROXBURY CENTRE STREET ROTARY,MURRAY CIRCLE,BOSTON,FAIR,LEVEL TERRAIN,PULLED BACK FROM HPMS NETWORK ESTIMATION ROUTINE,,0,0,0,PRINCIPAL ARTERIAL - OTHER,1,NO,57.0,DCC1:NOT REPORTED,NOT REPORTED,MA,NO,NOT REPORTED,"NO, NOT FEDERALLY REPORTABLE",NOT REPORTED,POSSIBLE INJURY (C),NOT REPORTED,1,NOT REPORTED,PASSENGER CAR,MDA1:RIGHT FRONT,,98,96,,,NO,CHEVROLET,,,,6466100,CENTRE STREET,2025,8,2,Saturday,True
2025,,5556752,BOSTON,06/30/2025,2025-06-30 17:29:00+00:00,OPEN,NON-FATAL INJURY,SUSPECTED SERIOUS INJURY (A),2,1,0,LOCAL POLICE,"SIDESWIPE, SAME DIRECTION",V1: TRAVELLING STRAIGHT AHEAD / V2: TRAVELLING STRAIGHT AHEAD,V1: N  / V2: N,V1:(COLLISION WITH MOPED) V2:(COLLISION WITH MOTOR VEHICLE IN TRAFFIC),DAYLIGHT,CLEAR,DRY,COLLISON WITH MOPED,V1:(COLLISION WITH MOPED) / V2:(COLLISION WITH MOTOR VEHICLE IN TRAFFIC),"D1: (NO IMPROPER DRIVING)  / D2: (OPERATING VEHICLE IN ERRATIC, RECKLESS, CARELESS, NEGLIGENT OR AGGRESSIVE MANNER)","V1:(LIGHT TRUCK(VAN, MINI-VAN, PICKUP, SPORT UTILITY)) / V2:(UNKNOWN VEHICLE CONFIGURATION)",,WASHINGTON STREET,100 FEET W  OF,LESHER STREET,,NOT AT JUNCTION,NO CONTROLS,"TWO-WAY, NOT DIVIDED",CITY OR TOWN ACCEPTED ROAD,ROADWAY,,YES,OFF INTERSECTION,231161.00609236,893576.88860052,42.29204914,-71.12214315,2025,D1: NOT DISTRACTED / D2: NOT DISTRACTED,6,MAPC,V1:(NO) / V2:(NO),"V1:(NO) / V2:(YES, VEHICLE OR TRAILER DISABLED)",SUFFOLK,"V1:(NO, NOT FEDERALLY REPORTABLE) / V2:(NO, NOT FEDERALLY REPORTABLE)","NO, NOT FEDERALLY REPORTABLE",NO HIT AND RUN,,"NO, SCHOOL BUS NOT INVOLVED",25.0,"NO, DEVICE NOT FUNCTIONING",NO,14717.0,2020,0.558,677,0.155,162,BOTH SIDES,8,8,0,NO SHOULDER,22,BITUMINOUS CONCRETE ROAD,0,NO SHOULDER,2,0,0,,LARGE URBANIZED AREA,RURAL MINOR ARTERIAL OR URBAN PRINCIPAL ARTERIAL,BOSTON (MA-NH-RI),MAINLINE ROADWAY,TWO-WAY TRAFFIC,NO ACCESS CONTROL,30.0,WASHINGTON STREET,DEDHAM TOWN LINE,SOUTH STREET,BOSTON,FAIR,LEVEL TERRAIN,PULLED BACK FROM HPMS NETWORK ESTIMATION ROUTINE,,30,0,0,PRINCIPAL ARTERIAL - OTHER,1,NO,29.0,"DCC1:NO IMPROPER DRIVING, DCC2:NOT REPORTED",NOT DISTRACTED,MA,NO,NO,"NO, NOT FEDERALLY REPORTABLE",NOT REPORTED,NO APPARENT INJURY (O),COLLISION WITH MOPED,1,TRAVELLING STRAIGHT AHEAD,"LIGHT TRUCK(VAN, MINI-VAN, PICKUP, SPORT UTILITY)",MDA1:RIGHT FRONT,BEDFORD,MA,MA,LVN,SEQ1:COLLISION WITH MOPED,NO,FORD,TRANSI,,NORTHBOUND,6466228,WASHINGTON STREET,2025,6,30,Monday,True
2025,,5556752,BOSTON,06/30/2025,2025-06-30 17:29:00+00:00,OPEN,NON-FATAL INJURY,SUSPECTED SERIOUS INJURY (A),2,1,0,LOCAL POLICE,"SIDESWIPE, SAME DIRECTION",V1: TRAVELLING STRAIGHT AHEAD / V2: TRAVELLING STRAIGHT AHEAD,V1: N  / V2: N,V1:(COLLISION WITH MOPED) V2:(COLLISION WITH MOTOR VEHICLE IN TRAFFIC),DAYLIGHT,CLEAR,DRY,COLLISON WITH MOPED,V1:(COLLISION WITH MOPED) / V2:(COLLISION WITH MOTOR VEHICLE IN TRAFFIC),"D1: (NO IMPROPER DRIVING)  / D2: (OPERATING VEHICLE IN ERRATIC, RECKLESS, CARELESS, NEGLIGENT OR AGGRESSIVE MANNER)","V1:(LIGHT TRUCK(VAN, MINI-VAN, PICKUP, SPORT UTILITY)) / V2:(UNKNOWN VEHICLE CONFIGURATION)",,WASHINGTON STREET,100 FEET W  OF,LESHER STREET,,NOT AT JUNCTION,NO CONTROLS,"TWO-WAY, NOT DIVIDED",CITY OR TOWN ACCEPTED ROAD,ROADWAY,,YES,OFF INTERSECTION,231161.00609236,893576.88860052,42.29204914,-71.12214315,2025,D1: NOT DISTRACTED / D2: NOT DISTRACTED,6,MAPC,V1:(NO) / V2:(NO),"V1:(NO) / V2:(YES, VEHICLE OR TRAILER DISABLED)",SUFFOLK,"V1:(NO, NOT FEDERALLY REPORTABLE) / V2:(NO, NOT FEDERALLY REPORTABLE)","NO, NOT FEDERALLY REPORTABLE",NO HIT AND RUN,,"NO, SCHOOL BUS NOT INVOLVED",25.0,"NO, DEVICE NOT FUNCTIONING",NO,14717.0,2020,0.558,677,0.155,162,BOTH SIDES,8,8,0,NO SHOULDER,22,BITUMINOUS CONCRETE ROAD,0,NO SHOULDER,2,0,0,,LARGE URBANIZED AREA,RURAL MINOR ARTERIAL OR URBAN PRINCIPAL ARTERIAL,BOSTON (MA-NH-RI),MAINLINE ROADWAY,TWO-WAY TRAFFIC,NO ACCESS CONTROL,30.0,WASHINGTON STREET,DEDHAM TOWN LINE,SOUTH STREET,BOSTON,FAIR,LEVEL TERRAIN,PULLED BACK FROM HPMS NETWORK ESTIMATION ROUTINE,,30,0,0,PRINCIPAL ARTERIAL - OTHER,2,NO,28.0,"DCC1:OPERATING VEHICLE IN ERRATIC, RECKLESS, CARELESS, NEGLIGENT OR AGGRESSIVE MANNER, DCC2:NOT REPORTED",NOT DISTRACTED,,NO,NO,"NO, NOT FEDERALLY REPORTABLE",NOT REPORTED,SUSPECTED SERIOUS INJURY (A),COLLISION WITH MOTOR VEHICLE IN TRAFFIC,1,TRAVELLING STRAIGHT AHEAD,UNKNOWN VEHICLE CONFIGURATION,"MDA1:RIGHT FRONT, MDA2:LEFT FRONT, MDA3:CENTER FRONT",SOUTH BOSTON,MA,96,,SEQ1:COLLISION WITH MOTOR VEHICLE IN TRAFFIC,"YES, VEHICLE OR TRAILER DISABLED",,,,NORTHBOUND,6466229,WASHINGTON STREET,2025,6,30,Monday,True
2025,,5556715,BOSTON,05/26/2025,2025-05-26 11:28:00+00:00,OPEN,NON-FATAL INJURY,SUSPECTED MINOR INJURY (B),2,1,0,LOCAL POLICE,REAR-END,V1: TRAVELLING STRAIGHT AHEAD / V2: TRAVELLING STRAIGHT AHEAD,V1: S  / V2: S,V1:(COLLISION WITH MOTOR VEHICLE IN TRAFFIC) V2:(COLLISION WITH MOTOR VEHICLE IN TRAFFIC),DAYLIGHT,CLEAR,DRY,COLLISION WITH MOTOR VEHICLE IN TRAFFIC,V1:(COLLISION WITH MOTOR VEHICLE IN TRAFFIC) / V2:(COLLISION WITH MOTOR VEHICLE IN TRAFFIC),D2: (UNKNOWN),"V1:(UNKNOWN VEHICLE CONFIGURATION) / V2:(LIGHT TRUCK(VAN, MINI-VAN, PICKUP, SPORT UTILITY))",1431,CENTRE ST RTE S,,,,NOT AT JUNCTION,NO CONTROLS,"TWO-WAY, NOT DIVIDED",CITY OR TOWN ACCEPTED ROAD,ROADWAY,,YES,AT ADDRESS,229934.05596332,893742.38624815,42.29358706,-71.13701236,2025,,6,MAPC,V1:(NO) / V2:(NO),V1:(NO) / V2:(NO),SUFFOLK,"V1:(NO, NOT FEDERALLY REPORTABLE) / V2:(NO, NOT FEDERALLY REPORTABLE)","NO, NOT FEDERALLY REPORTABLE",NO HIT AND RUN,,"NO, SCHOOL BUS NOT INVOLVED",25.0,"NO, DEVICE NOT FUNCTIONING",NO,18560.0,2020,0.197,908,0,110,BOTH SIDES,7,7,0,NO SHOULDER,55,BITUMINOUS CONCRETE ROAD,0,NO SHOULDER,2,0,0,,LARGE URBANIZED AREA,URBAN MINOR ARTERIAL OR RURAL MAJOR COLLECTOR,BOSTON (MA-NH-RI),MAINLINE ROADWAY,TWO-WAY TRAFFIC,NO ACCESS CONTROL,30.0,CENTRE STREET,WEST ROXBURY CENTRE STREET ROTARY,MURRAY CIRCLE,BOSTON,FAIR,LEVEL TERRAIN,GROWN FROM PRIOR YEAR HPMS NETWORK,,30,0,0,MINOR ARTERIAL,1,,22.0,DCC1:NOT REPORTED,NOT REPORTED,NH,,NO,"NO, NOT FEDERALLY REPORTABLE",NOT REPORTED,SUSPECTED MINOR INJURY (B),COLLISION WITH MOTOR VEHICLE IN TRAFFIC,1,TRAVELLING STRAIGHT AHEAD,UNKNOWN VEHICLE CONFIGURATION,MDA1:CENTER REAR,PELHAM,NH,NH,PAN,SEQ1:COLLISION WITH MOTOR VEHICLE IN TRAFFIC,NO,MERCEDES-BENZ,,,SOUTHBOUND,6466260,CENTRE STREET,2025,5,26,Monday,True
2025,,5556715,BOSTON,05/26/2025,2025-05-26 11:28:00+00:00,OPEN,NON-FATAL INJURY,SUSPECTED MINOR INJURY (B),2,1,0,LOCAL POLICE,REAR-END,V1: TRAVELLING STRAIGHT AHEAD / V2: TRAVELLING STRAIGHT AHEAD,V1: S  / V2: S,V1:(COLLISION WITH MOTOR VEHICLE IN TRAFFIC) V2:(COLLISION WITH MOTOR VEHICLE IN TRAFFIC),DAYLIGHT,CLEAR,DRY,COLLISION WITH MOTOR VEHICLE IN TRAFFIC,V1:(COLLISION WITH MOTOR VEHICLE IN TRAFFIC) / V2:(COLLISION WITH MOTOR VEHICLE IN TRAFFIC),D2: (UNKNOWN),"V1:(UNKNOWN VEHICLE CONFIGURATION) / V2:(LIGHT TRUCK(VAN, MINI-VAN, PICKUP, SPORT UTILITY))",1431,CENTRE ST RTE S,,,,NOT AT JUNCTION,NO CONTROLS,"TWO-WAY, NOT DIVIDED",CITY OR TOWN ACCEPTED ROAD,ROADWAY,,YES,AT ADDRESS,229934.05596332,893742.38624815,42.29358706,-71.13701236,2025,,6,MAPC,V1:(NO) / V2:(NO),V1:(NO) / V2:(NO),SUFFOLK,"V1:(NO, NOT FEDERALLY REPORTABLE) / V2:(NO, NOT FEDERALLY REPORTABLE)","NO, NOT FEDERALLY REPORTABLE",NO HIT AND RUN,,"NO, SCHOOL BUS NOT INVOLVED",25.0,"NO, DEVICE NOT FUNCTIONING",NO,18560.0,2020,0.197,908,0,110,BOTH SIDES,7,7,0,NO SHOULDER,55,BITUMINOUS CONCRETE ROAD,0,NO SHOULDER,2,0,0,,LARGE URBANIZED AREA,URBAN MINOR ARTERIAL OR RURAL MAJOR COLLECTOR,BOSTON (MA-NH-RI),MAINLINE ROADWAY,TWO-WAY TRAFFIC,NO ACCESS CONTROL,30.0,CENTRE STREET,WEST ROXBURY CENTRE STREET ROTARY,MURRAY CIRCLE,BOSTON,FAIR,LEVEL TERRAIN,GROWN FROM PRIOR YEAR HPMS NETWORK,,30,0,0,MINOR ARTERIAL,2,,45.0,"DCC1:UNKNOWN, DCC2:NOT REPORTED",,MA,,NO,"NO, NOT FEDERALLY REPORTABLE",NOT REPORTED,NO APPARENT INJURY (O),COLLISION WITH MOTOR VEHICLE IN TRAFFIC,1,TRAVELLING STRAIGHT AHEAD,"LIGHT TRUCK(VAN, MINI-VAN, PICKUP, SPORT UTILITY)",MDA1:CENTER FRONT,BOSTON,MA,MA,CON,SEQ1:COLLISION WITH MOTOR VEHICLE IN TRAFFIC,NO,JEEP,WRANGLER,,SOUTHBOUND,6466261,CENTRE STREET,2025,5,26,Monday,True
2025,,5556511,BOSTON,06/30/2025,2025-06-30 01:07:00+00:00,OPEN,PROPERTY DAMAGE ONLY (NONE INJURED),NO APPARENT INJURY (O),3,0,0,LOCAL POLICE,"SIDESWIPE, SAME DIRECTION",V1: PARKED / V2: TRAVELLING STRAIGHT AHEAD / V3: PARKED,V1:    / V2: N  / V3:,V1:(COLLISION WITH MOTOR VEHICLE IN TRAFFIC) V2:(COLLISION WITH PARKED MOTOR VEHICLE) V3:(COLLISION WITH MOTOR VEHICLE IN TRAFFIC),DARK - LIGHTED ROADWAY,CLEAR,DRY,COLLISION WITH PARKED MOTOR VEHICLE,V1:(COLLISION WITH MOTOR VEHICLE IN TRAFFIC) / V2:(COLLISION WITH PARKED MOTOR VEHICLE) / V3:(COLLISION WITH MOTOR VEHICLE IN TRAFFIC),D2: (NO IMPROPER DRIVING),"V1:(LIGHT TRUCK(VAN, MINI-VAN, PICKUP, SPORT UTILITY)) / V2:(LIGHT TRUCK(VAN, MINI-VAN, PICKUP, SPORT UTILITY)) / V3:(LIGHT TRUCK(VAN, MINI-VAN, PICKUP, SPORT UTILITY))",3512,WASHINGTON ST RTE N,,,,NOT AT JUNCTION,NO CONTROLS,"TWO-WAY, NOT DIVIDED",CITY OR TOWN ACCEPTED ROAD,ROADWAY,,YES,AT ADDRESS,232313.95313535,895117.44898382,42.30587167,-71.10807693,2025,,6,MAPC,V1:(NO) / V2:(NO) / V3:(NO),"V1:(NO) / V2:(YES, VEHICLE OR TRAILER DISABLED) / V3:(NO)",SUFFOLK,"V1:(NO, NOT FEDERALLY REPORTABLE) / V2:(NO, NOT FEDERALLY REPORTABLE) / V3:(NO, NOT FEDERALLY REPORTABLE)","NO, NOT FEDERALLY REPORTABLE",NO HIT AND RUN,,"NO, SCHOOL BUS NOT INVOLVED",25.0,"NO, DEVICE NOT FUNCTIONING",NO,11864.0,2020,0.33,462,0.105,130,BOTH SIDES,10,10,0,NO SHOULDER,28,BITUMINOUS CONCRETE ROAD,0,NO SHOULDER,2,0,0,,LARGE URBANIZED AREA,RURAL MINOR ARTERIAL OR URBAN PRINCIPAL ARTERIAL,BOSTON (MA-NH-RI),MAINLINE ROADWAY,TWO-WAY TRAFFIC,NO ACCESS CONTROL,25.0,WASHINGTON STREET,HYDE PARK AVENUE,DEVONSHIRE PLACE,BOSTON,FAIR,LEVEL TERRAIN,GROWN FROM PRIOR YEAR HPMS NETWORK,,30,0,0,PRINCIPAL ARTERIAL - OTHER,1,NOT REPORTED,,DCC1:NOT REPORTED,NOT REPORTED,MA,NOT REPORTED,NO,"NO, NOT FEDERALLY REPORTABLE",NOT REPORTED,NOT REPORTED,COLLISION WITH MOTOR VEHICLE IN TRAFFIC,1,PARKED,"LIGHT TRUCK(VAN, MINI-VAN, PICKUP, SPORT UTILITY)",MDA1:CENTER REAR,RIVERSIDE,RI,96,PAN,SEQ1:COLLISION WITH MOTOR VEHICLE IN TRAFFIC,NO,JEEP,,,,6466363,WASHINGTON STREET,2025,6,30,Monday,False
2025,,5556511,BOSTON,06/30/2025,2025-06-30 01:07:00+00:00,OPEN,PROPERTY DAMAGE ONLY (NONE INJURED),NO APPARENT INJURY (O),3,0,0,LOCAL POLICE,"SIDESWIPE, SAME DIRECTION",V1: PARKED / V2: TRAVELLING STRAIGHT AHEAD / V3: PARKED,V1:    / V2: N  / V3:,V1:(COLLISION WITH MOTOR VEHICLE IN TRAFFIC) V2:(COLLISION WITH PARKED MOTOR VEHICLE) V3:(COLLISION WITH MOTOR VEHICLE IN TRAFFIC),DARK - LIGHTED ROADWAY,CLEAR,DRY,COLLISION WITH PARKED MOTOR VEHICLE,V1:(COLLISION WITH MOTOR VEHICLE IN TRAFFIC) / V2:(COLLISION WITH PARKED MOTOR VEHICLE) / V3:(COLLISION WITH MOTOR VEHICLE IN TRAFFIC),D2: (NO IMPROPER DRIVING),"V1:(LIGHT TRUCK(VAN, MINI-VAN, PICKUP, SPORT UTILITY)) / V2:(LIGHT TRUCK(VAN, MINI-VAN, PICKUP, SPORT UTILITY)) / V3:(LIGHT TRUCK(VAN, MINI-VAN, PICKUP, SPORT UTILITY))",3512,WASHINGTON ST RTE N,,,,NOT AT JUNCTION,NO CONTROLS,"TWO-WAY, NOT DIVIDED",CITY OR TOWN ACCEPTED ROAD,ROADWAY,,YES,AT ADDRESS,232313.95313535,895117.44898382,42.30587167,-71.10807693,2025,,6,MAPC,V1:(NO) / V2:(NO) / V3:(NO),"V1:(NO) / V2:(YES, VEHICLE OR TRAILER DISABLED) / V3:(NO)",SUFFOLK,"V1:(NO, NOT FEDERALLY REPORTABLE) / V2:(NO, NOT FEDERALLY REPORTABLE) / V3:(NO, NOT FEDERALLY REPORTABLE)","NO, NOT FEDERALLY REPORTABLE",NO HIT AND RUN,,"NO, SCHOOL BUS NOT INVOLVED",25.0,"NO, DEVICE NOT FUNCTIONING",NO,11864.0,2020,0.33,462,0.105,130,BOTH SIDES,10,10,0,NO SHOULDER,28,BITUMINOUS CONCRETE ROAD,0,NO SHOULDER,2,0,0,,LARGE URBANIZED AREA,RURAL MINOR ARTERIAL OR URBAN PRINCIPAL ARTERIAL,BOSTON (MA-NH-RI),MAINLINE ROADWAY,TWO-WAY TRAFFIC,NO ACCESS CONTROL,25.0,WASHINGTON STREET,HYDE PARK AVENUE,DEVONSHIRE PLACE,BOSTON,FAIR,LEVEL TERRAIN,GROWN FROM PRIOR YEAR HPMS NETWORK,,30,0,0,PRINCIPAL ARTERIAL - OTHER,2,NO,21.0,"DCC1:NO IMPROPER DRIVING, DCC2:NOT REPORTED",NOT REPORTED,MA,NO,NO,"NO, NOT FEDERALLY REPORTABLE",NOT REPORTED,NO APPARENT INJURY (O),COLLISION WITH PARKED MOTOR VEHICLE,1,TRAVELLING STRAIGHT AHEAD,"LIGHT TRUCK(VAN, MINI-VAN, PICKUP, SPORT UTILITY)","MDA1:RIGHT FRONT, MDA2:CENTER FRONT",ROXBURY,MA,96,PAN,SEQ1:COLLISION WITH PARKED MOTOR VEHICLE,"YES, VEHICLE OR TRAILER DISABLED",TOYOTA,,,NORTHBOUND,6466364,WASHINGTON STREET,2025,6,30,Monday,False
2025,,5556511,BOSTON,06/30/2025,2025-06-30 01:07:00+00:00,OPEN,PROPERTY DAMAGE ONLY (NONE INJURED),NO APPARENT INJURY (O),3,0,0,LOCAL POLICE,"SIDESWIPE, SAME DIRECTION",V1: PARKED / V2: TRAVELLING STRAIGHT AHEAD / V3: PARKED,V1:    / V2: N  / V3:,V1:(COLLISION WITH MOTOR VEHICLE IN TRAFFIC) V2:(COLLISION WITH PARKED MOTOR VEHICLE) V3:(COLLISION WITH MOTOR VEHICLE IN TRAFFIC),DARK - LIGHTED ROADWAY,CLEAR,DRY,COLLISION WITH PARKED MOTOR VEHICLE,V1:(COLLISION WITH MOTOR VEHICLE IN TRAFFIC) / V2:(COLLISION WITH PARKED MOTOR VEHICLE) / V3:(COLLISION WITH MOTOR VEHICLE IN TRAFFIC),D2: (NO IMPROPER DRIVING),"V1:(LIGHT TRUCK(VAN, MINI-VAN, PICKUP, SPORT UTILITY)) / V2:(LIGHT TRUCK(VAN, MINI-VAN, PICKUP, SPORT UTILITY)) / V3:(LIGHT TRUCK(VAN, MINI-VAN, PICKUP, SPORT UTILITY))",3512,WASHINGTON ST RTE N,,,,NOT AT JUNCTION,NO CONTROLS,"TWO-WAY, NOT DIVIDED",CITY OR TOWN ACCEPTED ROAD,ROADWAY,,YES,AT ADDRESS,232313.95313535,895117.44898382,42.30587167,-71.10807693,2025,,6,MAPC,V1:(NO) / V2:(NO) / V3:(NO),"V1:(NO) / V2:(YES, VEHICLE OR TRAILER DISABLED) / V3:(NO)",SUFFOLK,"V1:(NO, NOT FEDERALLY REPORTABLE) / V2:(NO, NOT FEDERALLY REPORTABLE) / V3:(NO, NOT FEDERALLY REPORTABLE)","NO, NOT FEDERALLY REPORTABLE",NO HIT AND RUN,,"NO, SCHOOL BUS NOT INVOLVED",25.0,"NO, DEVICE NOT FUNCTIONING",NO,11864.0,2020,0.33,462,0.105,130,BOTH SIDES,10,10,0,NO SHOULDER,28,BITUMINOUS CONCRETE ROAD,0,NO SHOULDER,2,0,0,,LARGE URBANIZED AREA,RURAL MINOR ARTERIAL OR URBAN PRINCIPAL ARTERIAL,BOSTON (MA-NH-RI),MAINLINE ROADWAY,TWO-WAY TRAFFIC,NO ACCESS CONTROL,25.0,WASHINGTON STREET,HYDE PARK AVENUE,DEVONSHIRE PLACE,BOSTON,FAIR,LEVEL TERRAIN,GROWN FROM PRIOR YEAR HPMS NETWORK,,30,0,0,PRINCIPAL ARTERIAL - OTHER,3,NOT REPORTED,,DCC1:NOT REPORTED,NOT REPORTED,MA,NOT REPORTED,NO,"NO, NOT FEDERALLY REPORTABLE",NOT REPORTED,NOT REPORTED,COLLISION WITH MOTOR VEHICLE IN TRAFFIC,1,PARKED,"LIGHT TRUCK(VAN, MINI-VAN, PICKUP, SPORT UTILITY)","MDA1:LEFT FRONT, MDA2:LEFT REAR, MDA3:LEFT SIDE",JAMAICA PLAIN,MA,96,PAN,SEQ1:COLLISION WITH MOTOR VEHICLE IN TRAFFIC,NO,HONDA,,,,6466365,WASHINGTON STREET,2025,6,30,Monday,False
2025,,5556509,BOSTON,06/24/2025,2025-06-24 15:00:00+00:00,OPEN,NON-FATAL INJURY,SUSPECTED SERIOUS INJURY (A),3,3,0,LOCAL POLICE,,V1: TRAVELLING STRAIGHT AHEAD / V2: NOT REPORTED / V3: NOT REPORTED,V1:    / V2:    / V3:,,DAYLIGHT,OTHER,DRY,NOT REPORTED,,,"V1:(LIGHT TRUCK(VAN, MINI-VAN, PICKUP, SPORT UTILITY)) / V2:(PASSENGER CAR) / V3:(PASSENGER CAR)",,LAMARTINE ST RTE N  / CENTRE ST RTE E,,,,T-INTERSECTION,TRAFFIC CONTROL SIGNAL,,CITY OR TOWN ACCEPTED ROAD,NOT REPORTED,,YES,AT INTERSECTION,232922.8124,897002.125,42.32281356,-71.10058538,2025,,6,MAPC,V1:(NO) / V2:(NO) / V3:(NO),"V1:(NO) / V2:(NO) / V3:(YES, VEHICLE OR TRAILER DISABLED)",SUFFOLK,"V1:(NO, NOT FEDERALLY REPORTABLE) / V2:(NO, NOT FEDERALLY REPORTABLE) / V3:(NO, NOT FEDERALLY REPORTABLE)","NO, NOT FEDERALLY REPORTABLE","YES, HIT AND RUN",NOT REPORTED,"NO, SCHOOL BUS NOT INVOLVED",,"YES, DEVICE FUNCTIONING",NO,20621.0,2020,0.477,1012,0.068,124,BOTH SIDES,10,10,0,NO SHOULDER,43,BITUMINOUS CONCRETE ROAD,0,NO SHOULDER,2,0,0,,LARGE URBANIZED AREA,URBAN MINOR ARTERIAL OR RURAL MAJOR COLLECTOR,BOSTON (MA-NH-RI),MAINLINE ROADWAY,TWO-WAY TRAFFIC,NO ACCESS CONTROL,99.0,CENTRE STREET,CENTRE PERKINS STREET ROTARY,COLUMBUS AVENUE,BOSTON,FAIR,LEVEL TERRAIN,GROWN FROM PRIOR YEAR HPMS NETWORK,,99,0,0,MINOR ARTERIAL,1,NO,55.0,DCC1:NOT REPORTED,NOT REPORTED,MA,NO,NO,"NO, NOT FEDERALLY REPORTABLE",NOT REPORTED,POSSIBLE INJURY (C),NOT REPORTED,1,TRAVELLING STRAIGHT AHEAD,"LIGHT TRUCK(VAN, MINI-VAN, PICKUP, SPORT UTILITY)","MDA1:RIGHT FRONT, MDA2:RIGHT REAR, MDA3:RIGHT SIDE",ROXBURY,MA,96,,,NO,NISSAN,,,,6466366,CENTRE STREET,2025,6,24,Tuesday,True