SOURCE_YEAR,OBJECTID,CRASH_NUMB,CITY_TOWN_NAME,CRASH_DATE_TEXT,CRASH_DATETIME,CRASH_STATUS,CRASH_SEVERITY_DESCR,MAX_INJR_SVRTY_CL,NUMB_VEHC,NUMB_NONFATAL_INJR,NUMB_FATAL_INJR,POLC_AGNCY_TYPE_DESCR,MANR_COLL_DESCR,VEHC_MNVR_ACTN_CL,VEHC_TRVL_DIRC_CL,VEHC_SEQ_EVENTS_CL,AMBNT_LIGHT_DESCR,WEATH_COND_DESCR,ROAD_SURF_COND_DESCR,FIRST_HRMF_EVENT_DESCR,MOST_HRMFL_EVT_CL,DRVR_CNTRB_CIRC_CL,VEHC_CONFIG_CL,STREET_NUMB,RDWY,DIST_DIRC_FROM_INT,NEAR_INT_RDWY,LANDMARK,RDWY_JNCT_TYPE_DESCR,TRAF_CNTRL_DEVC_TYPE_DESCR,TRAFY_DESCR_DESCR,JURISDICTN,FIRST_HRMF_EVENT_LOC_DESCR,NON_MTRST_TYPE_CL,IS_GEOCODED,GEOCODING_METHOD_NAME,X,Y,LAT,LON,YEAR,DRVR_DISTRACTED_CL,DISTRICT_NUM,RPA_ABBR,VEHC_EMER_USE_CL,VEHC_TOWED_FROM_SCENE_CL,CNTY_NAME,FMCSA_RPTBL_CL,FMCSA_RPTBL,HIT_RUN_DESCR,ROAD_CNTRB_DESCR,SCHL_BUS_RELD_DESCR,SPEED_LIMIT,TRAF_CNTRL_DEVC_FUNC_DESCR,WORK_ZONE_RELD_DESCR,AADT,AADT_YEAR,PK_PCT_SUT,AV_PCT_SUT,PK_PCT_CT,AV_PCT_CT,CURB,LT_SIDEWLK,RT_SIDEWLK,SHLDR_LT_W,SHLDR_LT_T,SURFACE_WD,SURFACE_TP,SHLDR_RT_W,SHLDR_RT_T,NUM_LANES,OPP_LANES,MED_WIDTH,MED_TYPE,URBAN_TYPE,F_CLASS,URBAN_AREA,FACILITY,OPERATION,CONTROL,SPEED_LIM,STREETNAME,FROMSTREETNAME,TOSTREETNAME,CITY,STRUCT_CND,TERRAIN,AADT_DERIV,STATN_NUM,OP_DIR_SL,SHLDR_UL_T,SHLDR_UL_W,F_F_CLASS,VEHC_UNIT_NUMB,ALC_SUSPD_TYPE_DESCR,DRIVER_AGE,DRVR_CNTRB_CIRC_DESCR,DRIVER_DISTRACTED_TYPE_DESCR,DRVR_LCN_STATE,DRUG_SUSPD_TYPE_DESCR,EMERGENCY_USE_DESC,FMCSA_RPTBL_VL,HAZ_MAT_PLACARD_DESCR,MAX_INJR_SVRTY_VL,MOST_HRMF_EVENT,TOTAL_OCCPT_IN_VEHC,VEHC_MANR_ACT_DESCR,VEHC_CONFG_DESCR,VEHC_MOST_DMGD_AREA,OWNER_ADDR_CITY_TOWN,OWNER_ADDR_STATE,VEHC_REG_STATE,VEHC_REG_TYPE_CODE,VEHC_SEQ_EVENTS,VEHC_TOWED_FROM_SCENE,VEHICLE_MAKE_DESCR,VEHICLE_MODEL_DESCR,DRIVER_VIOLATION_CL,TRVL_DIRC_DESCR,OBJECTID_1,TARGET_STREET,CRASH_YEAR,CRASH_MONTH,CRASH_DAY,CRASH_WEEKDAY,HAS_INJURY
2025,,5556509,BOSTON,06/24/2025,2025-06-24 15:00:00+00:00,OPEN,NON-FATAL INJURY,SUSPECTED SERIOUS INJURY (A),3,3,0,LOCAL POLICE,,V1: TRAVELLING STRAIGHT AHEAD / V2: NOT REPORTED / V3: NOT REPORTED,V1:    / V2:    / V3:,,DAYLIGHT,OTHER,DRY,NOT REPORTED,,,"V1:(LIGHT TRUCK(VAN, MINI-VAN, PICKUP, SPORT UTILITY)) / V2:(PASSENGER CAR) / V3:(PASSENGER CAR)",,LAMARTINE ST RTE N  / CENTRE ST RTE E,,,,T-INTERSECTION,TRAFFIC CONTROL SIGNAL,,CITY OR TOWN ACCEPTED ROAD,NOT REPORTED,,YES,AT INTERSECTION,232922.8124,897002.125,42.32281356,-71.10058538,2025,,6,MAPC,V1:(NO) / V2:(NO) / V3:(NO),"V1:(NO) / V2:(NO) / V3:(YES, VEHICLE OR TRAILER DISABLED)",SUFFOLK,"V1:(NO, NOT FEDERALLY REPORTABLE) / V2:(NO, NOT FEDERALLY REPORTABLE) / V3:(NO, NOT FEDERALLY REPORTABLE)","NO, NOT FEDERALLY REPORTABLE","YES, HIT AND RUN",NOT REPORTED,"NO, SCHOOL BUS NOT INVOLVED",,"YES, DEVICE FUNCTIONING",NO,20621.0,2020,0.477,1012,0.068,124,BOTH SIDES,10,10,0,NO SHOULDER,43,BITUMINOUS CONCRETE ROAD,0,NO SHOULDER,2,0,0,,LARGE URBANIZED AREA,URBAN MINOR ARTERIAL OR RURAL MAJOR COLLECTOR,BOSTON (MA-NH-RI),MAINLINE ROADWAY,TWO-WAY TRAFFIC,NO ACCESS CONTROL,99.0,CENTRE STREET,CENTRE PERKINS STREET ROTARY,COLUMBUS AVENUE,BOSTON,FAIR,LEVEL TERRAIN,GROWN FROM PRIOR YEAR HPMS NETWORK,,99,0,0,MINOR ARTERIAL,2,NO,58.0,DCC1:NOT REPORTED,NOT REPORTED,MA,NO,NO,"NO, NOT FEDERALLY REPORTABLE",NOT REPORTED,POSSIBLE INJURY (C),NOT REPORTED,1,NOT REPORTED,PASSENGER CAR,"MDA1:RIGHT REAR, MDA2:LEFT REAR, MDA3:CENTER REAR",,98,96,PAN,,NO,TOYOTA,,,,6466367,CENTRE STREET,2025,6,24,Tuesday,True
2025,,5556509,BOSTON,06/24/2025,2025-06-24 15:00:00+00:00,OPEN,NON-FATAL INJURY,SUSPECTED SERIOUS INJURY (A),3,3,0,LOCAL POLICE,,V1: TRAVELLING STRAIGHT AHEAD / V2: NOT REPORTED / V3: NOT REPORTED,V1:    / V2:    / V3:,,DAYLIGHT,OTHER,DRY,NOT REPORTED,,,"V1:(LIGHT TRUCK(VAN, MINI-VAN, PICKUP, SPORT UTILITY)) / V2:(PASSENGER CAR) / V3:(PASSENGER CAR)",,LAMARTINE ST RTE N  / CENTRE ST RTE E,,,,T-INTERSECTION,TRAFFIC CONTROL SIGNAL,,CITY OR TOWN ACCEPTED ROAD,NOT REPORTED,,YES,AT INTERSECTION,232922.8124,897002.125,42.32281356,-71.10058538,2025,,6,MAPC,V1:(NO) / V2:(NO) / V3:(NO),"V1:(NO) / V2:(NO) / V3:(YES, VEHICLE OR TRAILER DISABLED)",SUFFOLK,"V1:(NO, NOT FEDERALLY REPORTABLE) / V2:(NO, NOT FEDERALLY REPORTABLE) / V3:(NO, NOT FEDERALLY REPORTABLE)","NO, NOT FEDERALLY REPORTABLE","YES, HIT AND RUN",NOT REPORTED,"NO, SCHOOL BUS NOT INVOLVED",,"YES, DEVICE FUNCTIONING",NO,20621.0,2020,0.477,1012,0.068,124,BOTH SIDES,10,10,0,NO SHOULDER,43,BITUMINOUS CONCRETE ROAD,0,NO SHOULDER,2,0,0,,LARGE URBANIZED AREA,URBAN MINOR ARTERIAL OR RURAL MAJOR COLLECTOR,BOSTON (MA-NH-RI),MAINLINE ROADWAY,TWO-WAY TRAFFIC,NO ACCESS CONTROL,99.0,CENTRE STREET,CENTRE PERKINS STREET ROTARY,COLUMBUS AVENUE,BOSTON,FAIR,LEVEL TERRAIN,GROWN FROM PRIOR YEAR HPMS NETWORK,,99,0,0,MINOR ARTERIAL,3,,21.0,DCC1:NOT REPORTED,NOT REPORTED,MA,,NO,"NO, NOT FEDERALLY REPORTABLE",NOT REPORTED,SUSPECTED SERIOUS INJURY (A),NOT REPORTED,1,NOT REPORTED,PASSENGER CAR,"MDA1:CENTER FRONT, MDA2:RIGHT FRONT, MDA3:LEFT FRONT",CHELSEA,MA,MA,PAN,,"YES, VEHICLE OR TRAILER DISABLED",HOND,ACCORD,,,6466368,CENTRE STREET,2025,6,24,Tuesday,True
2025,,5556503,BOSTON,06/25/2025,2025-06-25 18:28:00+00:00,OPEN,NON-FATAL INJURY,POSSIBLE INJURY (C),3,1,0,LOCAL POLICE,"SIDESWIPE, SAME DIRECTION",V1: SLOWING OR STOPPED IN TRAFFIC / V2: UNKNOWN / V3: SLOWING OR STOPPED IN TRAFFIC,V1: N  / V2: N  / V3: N,V1:(COLLISION WITH PARKED MOTOR VEHICLE) V2:(COLLISION WITH PARKED MOTOR VEHICLE) V3:(COLLISION WITH MOTOR VEHICLE IN TRAFFIC),DAYLIGHT,CLEAR,DRY,COLLISION WITH MOTOR VEHICLE IN TRAFFIC,V2:(COLLISION WITH PARKED MOTOR VEHICLE) / V3:(COLLISION WITH MOTOR VEHICLE IN TRAFFIC),D1: (UNKNOWN)  / D2: (UNKNOWN)  / D3: (UNKNOWN),V1:(PASSENGER CAR) / V2:(PASSENGER CAR) / V3:(PASSENGER CAR),,SOUTH STREET,50 FEET N  OF,WASHINGTON STREET,,T-INTERSECTION,TRAFFIC CONTROL SIGNAL,"TWO-WAY, NOT DIVIDED",CITY OR TOWN ACCEPTED ROAD,,,YES,OFF INTERSECTION,231779.38264204,894588.69694864,42.30113335,-71.11458941,2025,,6,MAPC,V1:(NO) / V2:(NO) / V3:(NO),V1:(NO) / V2:(NO) / V3:(NO),SUFFOLK,"V1:(NO, NOT FEDERALLY REPORTABLE) / V2:(NO, NOT FEDERALLY REPORTABLE) / V3:(NO, NOT FEDERALLY REPORTABLE)","NO, NOT FEDERALLY REPORTABLE",NO HIT AND RUN,TRAFFIC CONGESTION RELATED,NOT REPORTED,,"NO, DEVICE NOT FUNCTIONING",NO,3298.0,2020,0.31,162,0,20,BOTH SIDES,8,8,0,NO SHOULDER,45,BITUMINOUS CONCRETE ROAD,0,NO SHOULDER,2,0,0,,LARGE URBANIZED AREA,URBAN COLLECTOR OR RURAL MINOR COLLECTOR,BOSTON (MA-NH-RI),MAINLINE ROADWAY,TWO-WAY TRAFFIC,NO ACCESS CONTROL,99.0,SOUTH STREET,CENTRE STREET,WASHINGTON STREET,BOSTON,FAIR,LEVEL TERRAIN,GROWN FROM PRIOR YEAR HPMS NETWORK,,99,0,0,MAJOR COLLECTOR,1,,25.0,"DCC1:UNKNOWN, DCC2:NOT REPORTED",,MA,,NO,"NO, NOT FEDERALLY REPORTABLE",NOT REPORTED,,NOT REPORTED,1,SLOWING OR STOPPED IN TRAFFIC,PASSENGER CAR,"MDA1:RIGHT REAR, MDA2:RIGHT SIDE, MDA3:RIGHT FRONT",LOWELL,96,96,PAN,SEQ1:COLLISION WITH PARKED MOTOR VEHICLE,NO,TOYOTA,,,NORTHBOUND,6466371,SOUTH STREET,2025,6,25,Wednesday,True
2025,,5556503,BOSTON,06/25/2025,2025-06-25 18:28:00+00:00,OPEN,NON-FATAL INJURY,POSSIBLE INJURY (C),3,1,0,LOCAL POLICE,"SIDESWIPE, SAME DIRECTION",V1: SLOWING OR STOPPED IN TRAFFIC / V2: UNKNOWN / V3: SLOWING OR STOPPED IN TRAFFIC,V1: N  / V2: N  / V3: N,V1:(COLLISION WITH PARKED MOTOR VEHICLE) V2:(COLLISION WITH PARKED MOTOR VEHICLE) V3:(COLLISION WITH MOTOR VEHICLE IN TRAFFIC),DAYLIGHT,CLEAR,DRY,COLLISION WITH MOTOR VEHICLE IN TRAFFIC,V2:(COLLISION WITH PARKED MOTOR VEHICLE) / V3:(COLLISION WITH MOTOR VEHICLE IN TRAFFIC),D1: (UNKNOWN)  / D2: (UNKNOWN)  / D3: (UNKNOWN),V1:(PASSENGER CAR) / V2:(PASSENGER CAR) / V3:(PASSENGER CAR),,SOUTH STREET,50 FEET N  OF,WASHINGTON STREET,,T-INTERSECTION,TRAFFIC CONTROL SIGNAL,"TWO-WAY, NOT DIVIDED",CITY OR TOWN ACCEPTED ROAD,,,YES,OFF INTERSECTION,231779.38264204,894588.69694864,42.30113335,-71.11458941,2025,,6,MAPC,V1:(NO) / V2:(NO) / V3:(NO),V1:(NO) / V2:(NO) / V3:(NO),SUFFOLK,"V1:(NO, NOT FEDERALLY REPORTABLE) / V2:(NO, NOT FEDERALLY REPORTABLE) / V3:(NO, NOT FEDERALLY REPORTABLE)","NO, NOT FEDERALLY REPORTABLE",NO HIT AND RUN,TRAFFIC CONGESTION RELATED,NOT REPORTED,,"NO, DEVICE NOT FUNCTIONING",NO,3298.0,2020,0.31,162,0,20,BOTH SIDES,8,8,0,NO SHOULDER,45,BITUMINOUS CONCRETE ROAD,0,NO SHOULDER,2,0,0,,LARGE URBANIZED AREA,URBAN COLLECTOR OR RURAL MINOR COLLECTOR,BOSTON (MA-NH-RI),MAINLINE ROADWAY,TWO-WAY TRAFFIC,NO ACCESS CONTROL,99.0,SOUTH STREET,CENTRE STREET,WASHINGTON STREET,BOSTON,FAIR,LEVEL TERRAIN,GROWN FROM PRIOR YEAR HPMS NETWORK,,99,0,0,MAJOR COLLECTOR,2,,26.0,"DCC1:UNKNOWN, DCC2:NOT REPORTED",,MA,,NO,"NO, NOT FEDERALLY REPORTABLE",NOT REPORTED,,COLLISION WITH PARKED MOTOR VEHICLE,1,,PASSENGER CAR,"MDA1:RIGHT SIDE, MDA2:RIGHT FRONT",SOUTH BOSTON,MA,96,PAN,SEQ1:COLLISION WITH PARKED MOTOR VEHICLE,NO,FORD,,,NORTHBOUND,6466372,SOUTH STREET,2025,6,25,Wednesday,True
2025,,5556503,BOSTON,06/25/2025,2025-06-25 18:28:00+00:00,OPEN,NON-FATAL INJURY,POSSIBLE INJURY (C),3,1,0,LOCAL POLICE,"SIDESWIPE, SAME DIRECTION",V1: SLOWING OR STOPPED IN TRAFFIC / V2: UNKNOWN / V3: SLOWING OR STOPPED IN TRAFFIC,V1: N  / V2: N  / V3: N,V1:(COLLISION WITH PARKED MOTOR VEHICLE) V2:(COLLISION WITH PARKED MOTOR VEHICLE) V3:(COLLISION WITH MOTOR VEHICLE IN TRAFFIC),DAYLIGHT,CLEAR,DRY,COLLISION WITH MOTOR VEHICLE IN TRAFFIC,V2:(COLLISION WITH PARKED MOTOR VEHICLE) / V3:(COLLISION WITH MOTOR VEHICLE IN TRAFFIC),D1: (UNKNOWN)  / D2: (UNKNOWN)  / D3: (UNKNOWN),V1:(PASSENGER CAR) / V2:(PASSENGER CAR) / V3:(PASSENGER CAR),,SOUTH STREET,50 FEET N  OF,WASHINGTON STREET,,T-INTERSECTION,TRAFFIC CONTROL SIGNAL,"TWO-WAY, NOT DIVIDED",CITY OR TOWN ACCEPTED ROAD,,,YES,OFF INTERSECTION,231779.38264204,894588.69694864,42.30113335,-71.11458941,2025,,6,MAPC,V1:(NO) / V2:(NO) / V3:(NO),V1:(NO) / V2:(NO) / V3:(NO),SUFFOLK,"V1:(NO, NOT FEDERALLY REPORTABLE) / V2:(NO, NOT FEDERALLY REPORTABLE) / V3:(NO, NOT FEDERALLY REPORTABLE)","NO, NOT FEDERALLY REPORTABLE",NO HIT AND RUN,TRAFFIC CONGESTION RELATED,NOT REPORTED,,"NO, DEVICE NOT FUNCTIONING",NO,3298.0,2020,0.31,162,0,20,BOTH SIDES,8,8,0,NO SHOULDER,45,BITUMINOUS CONCRETE ROAD,0,NO SHOULDER,2,0,0,,LARGE URBANIZED AREA,URBAN COLLECTOR OR RURAL MINOR COLLECTOR,BOSTON (MA-NH-RI),MAINLINE ROADWAY,TWO-WAY TRAFFIC,NO ACCESS CONTROL,99.0,SOUTH STREET,CENTRE STREET,WASHINGTON STREET,BOSTON,FAIR,LEVEL TERRAIN,GROWN FROM PRIOR YEAR HPMS NETWORK,,99,0,0,MAJOR COLLECTOR,3,,34.0,"DCC1:UNKNOWN, DCC2:NOT REPORTED",,MA,,NO,"NO, NOT FEDERALLY REPORTABLE",NOT REPORTED,POSSIBLE INJURY (C),COLLISION WITH MOTOR VEHICLE IN TRAFFIC,1,SLOWING OR STOPPED IN TRAFFIC,PASSENGER CAR,"MDA1:LEFT REAR, MDA2:LEFT SIDE, MDA3:LEFT FRONT",WORCESTER,96,96,PAN,SEQ1:COLLISION WITH MOTOR VEHICLE IN TRAFFIC,NO,CHEVROLET,,,NORTHBOUND,6466373,SOUTH STREET,2025,6,25,Wednesday,True
2025,,5556499,BOSTON,06/21/2025,2025-06-21 14:14:00+00:00,OPEN,NON-FATAL INJURY,SUSPECTED MINOR INJURY (B),1,1,0,LOCAL POLICE,ANGLE,V1: NOT REPORTED,V1:,,DAYLIGHT,CLEAR,DRY,COLLISION WITH CYCLIST,,,V1:(PASSENGER CAR),,HALL STREET / SOUTH STREET,,,,NOT AT JUNCTION,NOT REPORTED,"TWO-WAY, NOT DIVIDED",CITY OR TOWN ACCEPTED ROAD,ROADWAY,VU2: MOTORIZED SCOOTER RIDER,YES,AT INTERSECTION,231770.8748,895001.8752,42.30485346,-71.11466995,2025,,6,MAPC,V1:(NO),V1:(NO),SUFFOLK,"V1:(NO, NOT FEDERALLY REPORTABLE)","NO, NOT FEDERALLY REPORTABLE",NO HIT AND RUN,,"NO, SCHOOL BUS NOT INVOLVED",,NOT REPORTED,NO,1154.0,,,,,,BOTH SIDES,5,5,0,NO SHOULDER,24,BITUMINOUS CONCRETE ROAD,0,NO SHOULDER,2,0,0,,LARGE URBANIZED AREA,LOCAL,BOSTON (MA-NH-RI),MAINLINE ROADWAY,ONE-WAY TRAFFIC,NO ACCESS CONTROL,,HALL STREET,SOUTH STREET,BOYNTON STREET,BOSTON,FAIR,LEVEL TERRAIN,,,,0,0,LOCAL,1,NO,39.0,DCC1:NOT REPORTED,NOT REPORTED,RI,NO,NO,"NO, NOT FEDERALLY REPORTABLE",NOT REPORTED,NO APPARENT INJURY (O),NOT REPORTED,1,NOT REPORTED,PASSENGER CAR,MDA1:NONE,,98,96,,,NO,CHEVROLET,,,,6466374,SOUTH STREET,2025,6,21,Saturday,True
2025,,5556449,BOSTON,06/27/2025,2025-06-27 11:00:00+00:00,OPEN,PROPERTY DAMAGE ONLY (NONE INJURED),NO APPARENT INJURY (O),1,0,0,LOCAL POLICE,NOT REPORTED,V1: NOT REPORTED,V1:,,DAYLIGHT,,NOT REPORTED,NOT REPORTED,,,V1:(PASSENGER CAR),,WASHINGTON STREET,100 FEET S  OF,WOODSIDE AVENUE,,NOT REPORTED,NOT REPORTED,NOT REPORTED,CITY OR TOWN ACCEPTED ROAD,NOT REPORTED,,YES,OPERATOR DESIGNATED,232630.9873015,895555.10436757,42.30979861,-71.10420717,2025,,6,MAPC,,V1:(NO),SUFFOLK,"V1:(NO, NOT FEDERALLY REPORTABLE)","NO, NOT FEDERALLY REPORTABLE","YES, HIT AND RUN",NOT REPORTED,NOT REPORTED,25.0,NOT REPORTED,NO,11864.0,2020,0.33,462,0.105,130,BOTH SIDES,10,10,0,NO SHOULDER,28,BITUMINOUS CONCRETE ROAD,0,NO SHOULDER,2,0,0,,LARGE URBANIZED AREA,RURAL MINOR ARTERIAL OR URBAN PRINCIPAL ARTERIAL,BOSTON (MA-NH-RI),MAINLINE ROADWAY,TWO-WAY TRAFFIC,NO ACCESS CONTROL,30.0,WASHINGTON STREET,HYDE PARK AVENUE,DEVONSHIRE PLACE,BOSTON,FAIR,LEVEL TERRAIN,GROWN FROM PRIOR YEAR HPMS NETWORK,,30,0,0,PRINCIPAL ARTERIAL - OTHER,1,NOT REPORTED,63.0,DCC1:NOT REPORTED,NOT REPORTED,MA,NOT REPORTED,NOT REPORTED,"NO, NOT FEDERALLY REPORTABLE",NOT REPORTED,NO APPARENT INJURY (O),NOT REPORTED,1,NOT REPORTED,PASSENGER CAR,MDA1:LEFT FRONT,HYDE PARK,MA,MA,PAN,,NO,HYUN,SANTFE,,,6466394,WASHINGTON STREET,2025,6,27,Friday,False
2025,,5556543,BOSTON,07/20/2025,2025-07-20 16:05:00+00:00,OPEN,NON-FATAL INJURY,POSSIBLE INJURY (C),2,2,0,LOCAL POLICE,,V1: TRAVELLING STRAIGHT AHEAD / V2: TRAVELLING STRAIGHT AHEAD,V1: W  / V2: N,V1:(COLLISION WITH MOTOR VEHICLE IN TRAFFIC) V2:(COLLISION WITH MEDIAN BARRIER),DAYLIGHT,CLEAR,DRY,COLLISION WITH MEDIAN BARRIER,V1:(COLLISION WITH MOTOR VEHICLE IN TRAFFIC) / V2:(COLLISION WITH MEDIAN BARRIER),D2: (UNKNOWN),"V1:(LIGHT TRUCK(VAN, MINI-VAN, PICKUP, SPORT UTILITY)) / V2:(PASSENGER CAR)",,CENTRE ST. RTE N  / WELD ST. RTE W,,,,FIVE-POINT OR MORE,TRAFFIC CONTROL SIGNAL,"TWO-WAY, DIVIDED, UNPROTECTED MEDIAN",CITY OR TOWN ACCEPTED ROAD,ROADWAY,,YES,AT INTERSECTION,230027.2435,893839.6669,42.29445928,-71.13587732,2025,,6,MAPC,V1:(NO) / V2:(NO),"V1:(YES, VEHICLE OR TRAILER DISABLED) / V2:(YES, VEHICLE OR TRAILER DISABLED)",SUFFOLK,"V1:(NO, NOT FEDERALLY REPORTABLE) / V2:(NO, NOT FEDERALLY REPORTABLE)","NO, NOT FEDERALLY REPORTABLE",NO HIT AND RUN,,"NO, SCHOOL BUS NOT INVOLVED",25.0,"YES, DEVICE FUNCTIONING",NO,18560.0,2020,0.197,908,0,110,BOTH SIDES,0,0,0,NO SHOULDER,30,BITUMINOUS CONCRETE ROAD,0,NO SHOULDER,2,2,3,RAISED MEDIAN,LARGE URBANIZED AREA,URBAN MINOR ARTERIAL OR RURAL MAJOR COLLECTOR,BOSTON (MA-NH-RI),MAINLINE ROADWAY,TWO-WAY TRAFFIC,NO ACCESS CONTROL,0.0,CENTRE STREET,WEST ROXBURY CENTRE STREET ROTARY,MURRAY CIRCLE,BOSTON,FAIR,LEVEL TERRAIN,GROWN FROM PRIOR YEAR HPMS NETWORK,,30,0,0,MINOR ARTERIAL,1,NO,25.0,DCC1:NOT REPORTED,NOT REPORTED,MA,NO,NO,"NO, NOT FEDERALLY REPORTABLE",NOT REPORTED,POSSIBLE INJURY (C),COLLISION WITH MOTOR VEHICLE IN TRAFFIC,1,TRAVELLING STRAIGHT AHEAD,"LIGHT TRUCK(VAN, MINI-VAN, PICKUP, SPORT UTILITY)","MDA1:LEFT FRONT, MDA2:CENTER FRONT, MDA3:RIGHT FRONT",BOSTON,MA,MA,PAN,SEQ1:COLLISION WITH MOTOR VEHICLE IN TRAFFIC,"YES, VEHICLE OR TRAILER DISABLED",HOND,ELEMEN,,WESTBOUND,6467565,CENTRE STREET,2025,7,20,Sunday,True
2025,,5556543,BOSTON,07/20/2025,2025-07-20 16:05:00+00:00,OPEN,NON-FATAL INJURY,POSSIBLE INJURY (C),2,2,0,LOCAL POLICE,,V1: TRAVELLING STRAIGHT AHEAD / V2: TRAVELLING STRAIGHT AHEAD,V1: W  / V2: N,V1:(COLLISION WITH MOTOR VEHICLE IN TRAFFIC) V2:(COLLISION WITH MEDIAN BARRIER),DAYLIGHT,CLEAR,DRY,COLLISION WITH MEDIAN BARRIER,V1:(COLLISION WITH MOTOR VEHICLE IN TRAFFIC) / V2:(COLLISION WITH MEDIAN BARRIER),D2: (UNKNOWN),"V1:(LIGHT TRUCK(VAN, MINI-VAN, PICKUP, SPORT UTILITY)) / V2:(PASSENGER CAR)",,CENTRE ST. RTE N  / WELD ST. RTE W,,,,FIVE-POINT OR MORE,TRAFFIC CONTROL SIGNAL,"TWO-WAY, DIVIDED, UNPROTECTED MEDIAN",CITY OR TOWN ACCEPTED ROAD,ROADWAY,,YES,AT INTERSECTION,230027.2435,893839.6669,42.29445928,-71.13587732,2025,,6,MAPC,V1:(NO) / V2:(NO),"V1:(YES, VEHICLE OR TRAILER DISABLED) / V2:(YES, VEHICLE OR TRAILER DISABLED)",SUFFOLK,"V1:(NO, NOT FEDERALLY REPORTABLE) / V2:(NO, NOT FEDERALLY REPORTABLE)","NO, NOT FEDERALLY REPORTABLE",NO HIT AND RUN,,"NO, SCHOOL BUS NOT INVOLVED",25.0,"YES, DEVICE FUNCTIONING",NO,18560.0,2020,0.197,908,0,110,BOTH SIDES,0,0,0,NO SHOULDER,30,BITUMINOUS CONCRETE ROAD,0,NO SHOULDER,2,2,3,RAISED MEDIAN,LARGE URBANIZED AREA,URBAN MINOR ARTERIAL OR RURAL MAJOR COLLECTOR,BOSTON (MA-NH-RI),MAINLINE ROADWAY,TWO-WAY TRAFFIC,NO ACCESS CONTROL,0.0,CENTRE STREET,WEST ROXBURY CENTRE STREET ROTARY,MURRAY CIRCLE,BOSTON,FAIR,LEVEL TERRAIN,GROWN FROM PRIOR YEAR HPMS NETWORK,,30,0,0,MINOR ARTERIAL,2,NO,39.0,"DCC1:UNKNOWN, DCC2:NOT REPORTED",,MA,NO,NO,"NO, NOT FEDERALLY REPORTABLE",NOT REPORTED,POSSIBLE INJURY (C),COLLISION WITH MEDIAN BARRIER,1,TRAVELLING STRAIGHT AHEAD,PASSENGER CAR,"MDA1:RIGHT SIDE, MDA2:RIGHT REAR, MDA3:RIGHT FRONT",BEVERLY,MA,MA,PAN,SEQ1:COLLISION WITH MEDIAN BARRIER,"YES, VEHICLE OR TRAILER DISABLED",LEXS,IS,,NORTHBOUND,6467566,CENTRE STREET,2025,7,20,Sunday,True
2025,,5558759,BOSTON,07/21/2025,2025-07-21 11:09:00+00:00,OPEN,NON-FATAL INJURY,SUSPECTED MINOR INJURY (B),2,1,0,STATE POLICE,REAR-END,V1: TRAVELLING STRAIGHT AHEAD / V2: SLOWING OR STOPPED IN TRAFFIC,V1: S  / V2: S,V1:(COLLISION WITH MOTOR VEHICLE IN TRAFFIC) V2:(COLLISION WITH MOTOR VEHICLE IN TRAFFIC),DAYLIGHT,CLEAR/CLEAR,DRY,COLLISION WITH MOTOR VEHICLE IN TRAFFIC,V1:(COLLISION WITH MOTOR VEHICLE IN TRAFFIC) / V2:(COLLISION WITH MOTOR VEHICLE IN TRAFFIC),D1: (FOLLOWED TOO CLOSELY)  / D2: (NO IMPROPER DRIVING),V1:(PASSENGER CAR) / V2:(PASSENGER CAR),,CENTRE ST RTE    / WALTER ST RTE,,,,TRAFFIC CIRCLE,NO CONTROLS,"TWO-WAY, DIVIDED, UNPROTECTED MEDIAN",DEPARTMENT OF CONSERVATION AND RECREATION,ROADWAY,,YES,AT INTERSECTION,230518.3708,894246.2134,42.29810032,-71.1299004,2025,D1: NOT DISTRACTED / D2: NOT DISTRACTED,6,MAPC,V1:(NO) / V2:(NO),"V1:(NO) / V2:(YES, OTHER REASON NOT DISABLED)",SUFFOLK,"V1:(NO, NOT FEDERALLY REPORTABLE) / V2:(NO, NOT FEDERALLY REPORTABLE)","NO, NOT FEDERALLY REPORTABLE",NO HIT AND RUN,,"NO, SCHOOL BUS NOT INVOLVED",25.0,"NO, DEVICE NOT FUNCTIONING",NO,31806.0,2020,0.558,1463,0.155,350,ALL CURBS (DIVIDED HIGHWAY),0,8,0,NO SHOULDER,22,BITUMINOUS CONCRETE ROAD,0,NO SHOULDER,2,2,3,RAISED MEDIAN,LARGE URBANIZED AREA,RURAL OR URBAN PRINCIPAL ARTERIAL,BOSTON (MA-NH-RI),MAINLINE ROADWAY,TWO-WAY TRAFFIC,NO ACCESS CONTROL,35.0,CENTRE STREET,WEST ROXBURY CENTRE STREET ROTARY,MURRAY CIRCLE,BOSTON,FAIR,LEVEL TERRAIN,PULLED BACK FROM HPMS NETWORK ESTIMATION ROUTINE,,0,0,0,PRINCIPAL ARTERIAL - OTHER,1,NO,60.0,"DCC1:FOLLOWED TOO CLOSELY, DCC2:NOT REPORTED",NOT DISTRACTED,MA,NO,NO,"NO, NOT FEDERALLY REPORTABLE",NOT REPORTED,NO APPARENT INJURY (O),COLLISION WITH MOTOR VEHICLE IN TRAFFIC,1,TRAVELLING STRAIGHT AHEAD,PASSENGER CAR,MDA1:CENTER FRONT,HYDE PARK,MA,MA,PAN,SEQ1:COLLISION WITH MOTOR VEHICLE IN TRAFFIC,NO,TOYT,CAMRY,,SOUTHBOUND,6468998,CENTRE STREET,2025,7,21,Monday,True