SOURCE_YEAR,OBJECTID,CRASH_NUMB,CITY_TOWN_NAME,CRASH_DATE_TEXT,CRASH_DATETIME,CRASH_STATUS,CRASH_SEVERITY_DESCR,MAX_INJR_SVRTY_CL,NUMB_VEHC,NUMB_NONFATAL_INJR,NUMB_FATAL_INJR,POLC_AGNCY_TYPE_DESCR,MANR_COLL_DESCR,VEHC_MNVR_ACTN_CL,VEHC_TRVL_DIRC_CL,VEHC_SEQ_EVENTS_CL,AMBNT_LIGHT_DESCR,WEATH_COND_DESCR,ROAD_SURF_COND_DESCR,FIRST_HRMF_EVENT_DESCR,MOST_HRMFL_EVT_CL,DRVR_CNTRB_CIRC_CL,VEHC_CONFIG_CL,STREET_NUMB,RDWY,DIST_DIRC_FROM_INT,NEAR_INT_RDWY,LANDMARK,RDWY_JNCT_TYPE_DESCR,TRAF_CNTRL_DEVC_TYPE_DESCR,TRAFY_DESCR_DESCR,JURISDICTN,FIRST_HRMF_EVENT_LOC_DESCR,NON_MTRST_TYPE_CL,IS_GEOCODED,GEOCODING_METHOD_NAME,X,Y,LAT,LON,YEAR,DRVR_DISTRACTED_CL,DISTRICT_NUM,RPA_ABBR,VEHC_EMER_USE_CL,VEHC_TOWED_FROM_SCENE_CL,CNTY_NAME,FMCSA_RPTBL_CL,FMCSA_RPTBL,HIT_RUN_DESCR,ROAD_CNTRB_DESCR,SCHL_BUS_RELD_DESCR,SPEED_LIMIT,TRAF_CNTRL_DEVC_FUNC_DESCR,WORK_ZONE_RELD_DESCR,AADT,AADT_YEAR,PK_PCT_SUT,AV_PCT_SUT,PK_PCT_CT,AV_PCT_CT,CURB,LT_SIDEWLK,RT_SIDEWLK,SHLDR_LT_W,SHLDR_LT_T,SURFACE_WD,SURFACE_TP,SHLDR_RT_W,SHLDR_RT_T,NUM_LANES,OPP_LANES,MED_WIDTH,MED_TYPE,URBAN_TYPE,F_CLASS,URBAN_AREA,FACILITY,OPERATION,CONTROL,SPEED_LIM,STREETNAME,FROMSTREETNAME,TOSTREETNAME,CITY,STRUCT_CND,TERRAIN,AADT_DERIV,STATN_NUM,OP_DIR_SL,SHLDR_UL_T,SHLDR_UL_W,F_F_CLASS,VEHC_UNIT_NUMB,ALC_SUSPD_TYPE_DESCR,DRIVER_AGE,DRVR_CNTRB_CIRC_DESCR,DRIVER_DISTRACTED_TYPE_DESCR,DRVR_LCN_STATE,DRUG_SUSPD_TYPE_DESCR,EMERGENCY_USE_DESC,FMCSA_RPTBL_VL,HAZ_MAT_PLACARD_DESCR,MAX_INJR_SVRTY_VL,MOST_HRMF_EVENT,TOTAL_OCCPT_IN_VEHC,VEHC_MANR_ACT_DESCR,VEHC_CONFG_DESCR,VEHC_MOST_DMGD_AREA,OWNER_ADDR_CITY_TOWN,OWNER_ADDR_STATE,VEHC_REG_STATE,VEHC_REG_TYPE_CODE,VEHC_SEQ_EVENTS,VEHC_TOWED_FROM_SCENE,VEHICLE_MAKE_DESCR,VEHICLE_MODEL_DESCR,DRIVER_VIOLATION_CL,TRVL_DIRC_DESCR,OBJECTID_1,TARGET_STREET,CRASH_YEAR,CRASH_MONTH,CRASH_DAY,CRASH_WEEKDAY,HAS_INJURY
2025,,5576920,BOSTON,07/20/2025,2025-07-20 21:52:00+00:00,OPEN,PROPERTY DAMAGE ONLY (NONE INJURED),NO APPARENT INJURY (O),2,0,0,STATE POLICE,ANGLE,V1: TRAVELLING STRAIGHT AHEAD / V2: TRAVELLING STRAIGHT AHEAD,V1: W  / V2: S,"V1:(COLLISION WITH MOTOR VEHICLE IN TRAFFIC),(COLLISION WITH CURB) V2:(COLLISION WITH MOTOR VEHICLE IN TRAFFIC)",DARK - LIGHTED ROADWAY,CLOUDY,WET,COLLISION WITH MOTOR VEHICLE IN TRAFFIC,V1:(COLLISION WITH MOTOR VEHICLE IN TRAFFIC) / V2:(COLLISION WITH MOTOR VEHICLE IN TRAFFIC),D1: (UNKNOWN)  / D2: (UNKNOWN),V1:(PASSENGER CAR) / V2:(PASSENGER CAR),,VETERANS OF FOREIGN WARS PARKWAY / CENTRE STREET,,,,T-INTERSECTION,TRAFFIC CONTROL SIGNAL,"TWO-WAY, DIVIDED, POSITIVE MEDIAN BARRIER",DEPARTMENT OF CONSERVATION AND RECREATION,ROADWAY,,YES,AT INTERSECTION,230280.3793,894102.6332,42.29681695,-71.13279401,2025,D1: NOT DISTRACTED / D2: NOT DISTRACTED,6,MAPC,,"V1:(YES, VEHICLE OR TRAILER DISABLED) / V2:(YES, VEHICLE OR TRAILER DISABLED)",SUFFOLK,"V1:(NO, NOT FEDERALLY REPORTABLE) / V2:(NO, NOT FEDERALLY REPORTABLE)","NO, NOT FEDERALLY REPORTABLE",NO HIT AND RUN,,"NO, SCHOOL BUS NOT INVOLVED",30.0,"YES, DEVICE FUNCTIONING",NO,19203.0,2022,,366,,96,ALL CURBS (DIVIDED HIGHWAY),0,8,0,NO SHOULDER,22,BITUMINOUS CONCRETE ROAD,0,NO SHOULDER,2,2,3,RAISED MEDIAN,6,RURAL OR URBAN PRINCIPAL ARTERIAL,BOSTON (MA-NH-RI),MAINLINE ROADWAY,3,NO ACCESS CONTROL,35.0,VETERANS OF FOREIGN WARS PARKWAY,CENTRE STREET,WEST ROXBURY VFW PARKWAY ROTARY,BOSTON,FAIR,LEVEL TERRAIN,MASSDOT HIGHWAY SPECIAL COUNT,,0,0,0,PRINCIPAL ARTERIAL - OTHER,1,NO,22.0,"DCC1:UNKNOWN, DCC2:NOT REPORTED",NOT DISTRACTED,MA,NO,NOT REPORTED,"NO, NOT FEDERALLY REPORTABLE",NOT REPORTED,NO APPARENT INJURY (O),COLLISION WITH MOTOR VEHICLE IN TRAFFIC,1,TRAVELLING STRAIGHT AHEAD,PASSENGER CAR,"MDA1:RIGHT SIDE, MDA2:RIGHT REAR",HYDE PARK,MA,MA,PAS,"SEQ1:COLLISION WITH MOTOR VEHICLE IN TRAFFIC, SEQ2:COLLISION WITH CURB","YES, VEHICLE OR TRAILER DISABLED",HOND,ACCORD,,WESTBOUND,6510671,CENTRE STREET,2025,7,20,Sunday,False
2025,,5576920,BOSTON,07/20/2025,2025-07-20 21:52:00+00:00,OPEN,PROPERTY DAMAGE ONLY (NONE INJURED),NO APPARENT INJURY (O),2,0,0,STATE POLICE,ANGLE,V1: TRAVELLING STRAIGHT AHEAD / V2: TRAVELLING STRAIGHT AHEAD,V1: W  / V2: S,"V1:(COLLISION WITH MOTOR VEHICLE IN TRAFFIC),(COLLISION WITH CURB) V2:(COLLISION WITH MOTOR VEHICLE IN TRAFFIC)",DARK - LIGHTED ROADWAY,CLOUDY,WET,COLLISION WITH MOTOR VEHICLE IN TRAFFIC,V1:(COLLISION WITH MOTOR VEHICLE IN TRAFFIC) / V2:(COLLISION WITH MOTOR VEHICLE IN TRAFFIC),D1: (UNKNOWN)  / D2: (UNKNOWN),V1:(PASSENGER CAR) / V2:(PASSENGER CAR),,VETERANS OF FOREIGN WARS PARKWAY / CENTRE STREET,,,,T-INTERSECTION,TRAFFIC CONTROL SIGNAL,"TWO-WAY, DIVIDED, POSITIVE MEDIAN BARRIER",DEPARTMENT OF CONSERVATION AND RECREATION,ROADWAY,,YES,AT INTERSECTION,230280.3793,894102.6332,42.29681695,-71.13279401,2025,D1: NOT DISTRACTED / D2: NOT DISTRACTED,6,MAPC,,"V1:(YES, VEHICLE OR TRAILER DISABLED) / V2:(YES, VEHICLE OR TRAILER DISABLED)",SUFFOLK,"V1:(NO, NOT FEDERALLY REPORTABLE) / V2:(NO, NOT FEDERALLY REPORTABLE)","NO, NOT FEDERALLY REPORTABLE",NO HIT AND RUN,,"NO, SCHOOL BUS NOT INVOLVED",30.0,"YES, DEVICE FUNCTIONING",NO,19203.0,2022,,366,,96,ALL CURBS (DIVIDED HIGHWAY),0,8,0,NO SHOULDER,22,BITUMINOUS CONCRETE ROAD,0,NO SHOULDER,2,2,3,RAISED MEDIAN,6,RURAL OR URBAN PRINCIPAL ARTERIAL,BOSTON (MA-NH-RI),MAINLINE ROADWAY,3,NO ACCESS CONTROL,35.0,VETERANS OF FOREIGN WARS PARKWAY,CENTRE STREET,WEST ROXBURY VFW PARKWAY ROTARY,BOSTON,FAIR,LEVEL TERRAIN,MASSDOT HIGHWAY SPECIAL COUNT,,0,0,0,PRINCIPAL ARTERIAL - OTHER,2,NO,22.0,"DCC1:UNKNOWN, DCC2:NOT REPORTED",NOT DISTRACTED,DC,NO,NOT REPORTED,"NO, NOT FEDERALLY REPORTABLE",NOT REPORTED,NO APPARENT INJURY (O),COLLISION WITH MOTOR VEHICLE IN TRAFFIC,1,TRAVELLING STRAIGHT AHEAD,PASSENGER CAR,"MDA1:CENTER FRONT, MDA2:RIGHT FRONT, MDA3:LEFT FRONT",DORCHESTER,MA,MA,CON,SEQ1:COLLISION WITH MOTOR VEHICLE IN TRAFFIC,"YES, VEHICLE OR TRAILER DISABLED",KIA,SOUL,,SOUTHBOUND,6510672,CENTRE STREET,2025,7,20,Sunday,False
2025,,5577448,BOSTON,08/19/2025,2025-08-19 22:39:00+00:00,OPEN,PROPERTY DAMAGE ONLY (NONE INJURED),NO APPARENT INJURY (O),2,0,0,STATE POLICE,"SIDESWIPE, SAME DIRECTION",V1: TRAVELLING STRAIGHT AHEAD / V2: TRAVELLING STRAIGHT AHEAD,V1: E  / V2: E,V1:(COLLISION WITH MOTOR VEHICLE IN TRAFFIC) V2:(COLLISION WITH MOTOR VEHICLE IN TRAFFIC),DARK - LIGHTED ROADWAY,CLEAR,DRY,COLLISION WITH MOTOR VEHICLE IN TRAFFIC,V1:(COLLISION WITH MOTOR VEHICLE IN TRAFFIC) / V2:(COLLISION WITH MOTOR VEHICLE IN TRAFFIC),D1: (UNKNOWN)  / D2: (UNKNOWN),"V1:(PASSENGER CAR) / V2:(LIGHT TRUCK(VAN, MINI-VAN, PICKUP, SPORT UTILITY))",,ARBORWAY / CENTRE STREET,,,,TRAFFIC CIRCLE,YIELD SIGNS,"ONE-WAY, NOT DIVIDED",DEPARTMENT OF CONSERVATION AND RECREATION,ROADWAY,,YES,AT INTERSECTION,231152.579,895470.3122,42.30909561,-71.12214362,2025,D1: NOT DISTRACTED / D2: NOT DISTRACTED,6,MAPC,V1:(NO) / V2:(NO),V1:(NO) / V2:(NO),SUFFOLK,"V1:(NO, NOT FEDERALLY REPORTABLE) / V2:(NO, NOT FEDERALLY REPORTABLE)","NO, NOT FEDERALLY REPORTABLE",NO HIT AND RUN,,"NO, SCHOOL BUS NOT INVOLVED",25.0,"YES, DEVICE FUNCTIONING",NO,33898.0,2009,3,3,2,2,ALL CURBS (DIVIDED HIGHWAY),0,8,0,NO SHOULDER,22,BITUMINOUS CONCRETE ROAD,0,NO SHOULDER,2,2,40,RAISED MEDIAN,6,RURAL OR URBAN PRINCIPAL ARTERIAL,BOSTON (MA-NH-RI),MAINLINE ROADWAY,3,NO ACCESS CONTROL,25.0,CENTRE STREET,WEST ROXBURY CENTRE STREET ROTARY,MURRAY CIRCLE,BOSTON,FAIR,ROLLING TERRAIN,DERIVED FROM FACTORING COUNTS FROM THE PREVIOUS YEAR COUNT-BASE,8536,0,0,0,PRINCIPAL ARTERIAL - OTHER,1,NO,74.0,"DCC1:UNKNOWN, DCC2:NOT REPORTED",NOT DISTRACTED,MA,NO,NO,"NO, NOT FEDERALLY REPORTABLE",NOT REPORTED,NO APPARENT INJURY (O),COLLISION WITH MOTOR VEHICLE IN TRAFFIC,1,TRAVELLING STRAIGHT AHEAD,PASSENGER CAR,MDA1:LEFT FRONT,STOUGHTON,MA,MA,PAN,SEQ1:COLLISION WITH MOTOR VEHICLE IN TRAFFIC,NO,TOYT,CAMRY,,EASTBOUND,6512230,CENTRE STREET,2025,8,19,Tuesday,False
2025,,5577448,BOSTON,08/19/2025,2025-08-19 22:39:00+00:00,OPEN,PROPERTY DAMAGE ONLY (NONE INJURED),NO APPARENT INJURY (O),2,0,0,STATE POLICE,"SIDESWIPE, SAME DIRECTION",V1: TRAVELLING STRAIGHT AHEAD / V2: TRAVELLING STRAIGHT AHEAD,V1: E  / V2: E,V1:(COLLISION WITH MOTOR VEHICLE IN TRAFFIC) V2:(COLLISION WITH MOTOR VEHICLE IN TRAFFIC),DARK - LIGHTED ROADWAY,CLEAR,DRY,COLLISION WITH MOTOR VEHICLE IN TRAFFIC,V1:(COLLISION WITH MOTOR VEHICLE IN TRAFFIC) / V2:(COLLISION WITH MOTOR VEHICLE IN TRAFFIC),D1: (UNKNOWN)  / D2: (UNKNOWN),"V1:(PASSENGER CAR) / V2:(LIGHT TRUCK(VAN, MINI-VAN, PICKUP, SPORT UTILITY))",,ARBORWAY / CENTRE STREET,,,,TRAFFIC CIRCLE,YIELD SIGNS,"ONE-WAY, NOT DIVIDED",DEPARTMENT OF CONSERVATION AND RECREATION,ROADWAY,,YES,AT INTERSECTION,231152.579,895470.3122,42.30909561,-71.12214362,2025,D1: NOT DISTRACTED / D2: NOT DISTRACTED,6,MAPC,V1:(NO) / V2:(NO),V1:(NO) / V2:(NO),SUFFOLK,"V1:(NO, NOT FEDERALLY REPORTABLE) / V2:(NO, NOT FEDERALLY REPORTABLE)","NO, NOT FEDERALLY REPORTABLE",NO HIT AND RUN,,"NO, SCHOOL BUS NOT INVOLVED",25.0,"YES, DEVICE FUNCTIONING",NO,33898.0,2009,3,3,2,2,ALL CURBS (DIVIDED HIGHWAY),0,8,0,NO SHOULDER,22,BITUMINOUS CONCRETE ROAD,0,NO SHOULDER,2,2,40,RAISED MEDIAN,6,RURAL OR URBAN PRINCIPAL ARTERIAL,BOSTON (MA-NH-RI),MAINLINE ROADWAY,3,NO ACCESS CONTROL,25.0,CENTRE STREET,WEST ROXBURY CENTRE STREET ROTARY,MURRAY CIRCLE,BOSTON,FAIR,ROLLING TERRAIN,DERIVED FROM FACTORING COUNTS FROM THE PREVIOUS YEAR COUNT-BASE,8536,0,0,0,PRINCIPAL ARTERIAL - OTHER,2,NO,56.0,"DCC1:UNKNOWN, DCC2:NOT REPORTED",NOT DISTRACTED,MA,NO,NO,"NO, NOT FEDERALLY REPORTABLE",NOT REPORTED,NO APPARENT INJURY (O),COLLISION WITH MOTOR VEHICLE IN TRAFFIC,1,TRAVELLING STRAIGHT AHEAD,"LIGHT TRUCK(VAN, MINI-VAN, PICKUP, SPORT UTILITY)",MDA1:RIGHT SIDE,HYDE PARK,MA,MA,PAN,SEQ1:COLLISION WITH MOTOR VEHICLE IN TRAFFIC,NO,CHEV,TRAVER,,EASTBOUND,6512231,CENTRE STREET,2025,8,19,Tuesday,False
2025,,5578195,BOSTON,09/29/2025,2025-09-29 18:38:00+00:00,OPEN,NON-FATAL INJURY,SUSPECTED MINOR INJURY (B),2,1,0,LOCAL POLICE,"SIDESWIPE, SAME DIRECTION",V1: PARKED / V2: TRAVELLING STRAIGHT AHEAD,V1: S  / V2: S,V1:(COLLISION WITH CYCLIST) V2:(COLLISION WITH PARKED MOTOR VEHICLE),DAYLIGHT,CLEAR,NOT REPORTED,COLLISION WITH CYCLIST,,D1: (NO IMPROPER DRIVING),V1:(PASSENGER CAR) / V2:(UNKNOWN VEHICLE CONFIGURATION),3150,WASHINGTON STREET RTE S,,,,NOT REPORTED,NOT REPORTED,NOT REPORTED,CITY OR TOWN ACCEPTED ROAD,ROADWAY,VU3: BICYCLIST,YES,AT ADDRESS,232955.93080123,896003.79410965,42.31382442,-71.10024036,2025,D1: NOT DISTRACTED,6,MAPC,V1:(NO) / V2:(NO),V1:(NO) / V2:(NO),SUFFOLK,"V1:(NO, NOT FEDERALLY REPORTABLE) / V2:(NO, NOT FEDERALLY REPORTABLE)","NO, NOT FEDERALLY REPORTABLE",NO HIT AND RUN,,"NO, SCHOOL BUS NOT INVOLVED",,NOT REPORTED,NO,29098.0,2021,,,,,BOTH SIDES,10,10,0,NO SHOULDER,28,BITUMINOUS CONCRETE ROAD,0,NO SHOULDER,2,0,0,,6,RURAL MINOR ARTERIAL OR URBAN PRINCIPAL ARTERIAL,BOSTON (MA-NH-RI),MAINLINE ROADWAY,TWO-WAY TRAFFIC,NO ACCESS CONTROL,30.0,WASHINGTON STREET,HYDE PARK AVENUE,DEVONSHIRE PLACE,BOSTON,FAIR,LEVEL TERRAIN,14,,30,0,0,PRINCIPAL ARTERIAL - OTHER,1,NO,45.0,"DCC1:NO IMPROPER DRIVING, DCC2:NOT REPORTED",NOT DISTRACTED,MA,NO,NO,"NO, NOT FEDERALLY REPORTABLE",NOT REPORTED,NO APPARENT INJURY (O),NOT REPORTED,1,PARKED,PASSENGER CAR,"MDA1:LEFT SIDE, MDA2:LEFT FRONT",ROXBURY,MA,MA,PAN,SEQ1:COLLISION WITH CYCLIST,NO,KIA,SORENTO,,SOUTHBOUND,6513166,WASHINGTON STREET,2025,9,29,Monday,True
2025,,5578195,BOSTON,09/29/2025,2025-09-29 18:38:00+00:00,OPEN,NON-FATAL INJURY,SUSPECTED MINOR INJURY (B),2,1,0,LOCAL POLICE,"SIDESWIPE, SAME DIRECTION",V1: PARKED / V2: TRAVELLING STRAIGHT AHEAD,V1: S  / V2: S,V1:(COLLISION WITH CYCLIST) V2:(COLLISION WITH PARKED MOTOR VEHICLE),DAYLIGHT,CLEAR,NOT REPORTED,COLLISION WITH CYCLIST,,D1: (NO IMPROPER DRIVING),V1:(PASSENGER CAR) / V2:(UNKNOWN VEHICLE CONFIGURATION),3150,WASHINGTON STREET RTE S,,,,NOT REPORTED,NOT REPORTED,NOT REPORTED,CITY OR TOWN ACCEPTED ROAD,ROADWAY,VU3: BICYCLIST,YES,AT ADDRESS,232955.93080123,896003.79410965,42.31382442,-71.10024036,2025,D1: NOT DISTRACTED,6,MAPC,V1:(NO) / V2:(NO),V1:(NO) / V2:(NO),SUFFOLK,"V1:(NO, NOT FEDERALLY REPORTABLE) / V2:(NO, NOT FEDERALLY REPORTABLE)","NO, NOT FEDERALLY REPORTABLE",NO HIT AND RUN,,"NO, SCHOOL BUS NOT INVOLVED",,NOT REPORTED,NO,29098.0,2021,,,,,BOTH SIDES,10,10,0,NO SHOULDER,28,BITUMINOUS CONCRETE ROAD,0,NO SHOULDER,2,0,0,,6,RURAL MINOR ARTERIAL OR URBAN PRINCIPAL ARTERIAL,BOSTON (MA-NH-RI),MAINLINE ROADWAY,TWO-WAY TRAFFIC,NO ACCESS CONTROL,30.0,WASHINGTON STREET,HYDE PARK AVENUE,DEVONSHIRE PLACE,BOSTON,FAIR,LEVEL TERRAIN,14,,30,0,0,PRINCIPAL ARTERIAL - OTHER,2,NOT REPORTED,,DCC1:NOT REPORTED,NOT REPORTED,MA,NOT REPORTED,NO,"NO, NOT FEDERALLY REPORTABLE",NOT REPORTED,NOT REPORTED,NOT REPORTED,1,TRAVELLING STRAIGHT AHEAD,UNKNOWN VEHICLE CONFIGURATION,MDA1:NONE,ROXBURY,MA,96,,SEQ1:COLLISION WITH PARKED MOTOR VEHICLE,NO,,,,SOUTHBOUND,6513167,WASHINGTON STREET,2025,9,29,Monday,True
2025,,5580396,BOSTON,10/02/2025,2025-10-02 20:13:00+00:00,OPEN,NON-FATAL INJURY,SUSPECTED MINOR INJURY (B),1,1,0,LOCAL POLICE,SINGLE VEHICLE CRASH,V1: TRAVELLING STRAIGHT AHEAD,V1: E,V1:(COLLISION WITH PEDESTRIAN),DAWN,CLEAR,DRY,COLLISION WITH PEDESTRIAN,V1:(COLLISION WITH PEDESTRIAN),D1: (NO IMPROPER DRIVING),V1:(PASSENGER CAR),,CENTRE ST,50 FEET E  OF,LAMARTINE ST RTE,,NOT AT JUNCTION,TRAFFIC CONTROL SIGNAL,"TWO-WAY, DIVIDED, POSITIVE MEDIAN BARRIER",CITY OR TOWN ACCEPTED ROAD,ROADSIDE,VU3: PEDESTRIAN,YES,OFF INTERSECTION,232907.66786141,897003.58814567,42.32282737,-71.10076903,2025,,6,MAPC,V1:(NO),V1:(NO),SUFFOLK,"V1:(NO, NOT FEDERALLY REPORTABLE)","NO, NOT FEDERALLY REPORTABLE",NO HIT AND RUN,,"NO, SCHOOL BUS NOT INVOLVED",,"NO, DEVICE NOT FUNCTIONING",NO,15526.0,2021,,,,,BOTH SIDES,10,10,0,NO SHOULDER,43,BITUMINOUS CONCRETE ROAD,0,NO SHOULDER,2,0,0,,6,URBAN MINOR ARTERIAL OR RURAL MAJOR COLLECTOR,BOSTON (MA-NH-RI),MAINLINE ROADWAY,TWO-WAY TRAFFIC,NO ACCESS CONTROL,99.0,CENTRE STREET,CENTRE PERKINS STREET ROTARY,COLUMBUS AVENUE,BOSTON,FAIR,LEVEL TERRAIN,14,,99,0,0,MINOR ARTERIAL,1,NO,26.0,"DCC1:NO IMPROPER DRIVING, DCC2:NOT REPORTED",NOT REPORTED,PA,NO,NO,"NO, NOT FEDERALLY REPORTABLE",NOT REPORTED,NO APPARENT INJURY (O),COLLISION WITH PEDESTRIAN,2,TRAVELLING STRAIGHT AHEAD,PASSENGER CAR,MDA1:LEFT FRONT,QUINCY,MA,PA,PAN,SEQ1:COLLISION WITH PEDESTRIAN,NO,SUBARU,,,EASTBOUND,6518079,CENTRE STREET,2025,10,2,Thursday,True
2025,,5580390,BOSTON,10/02/2025,2025-10-02 16:00:00+00:00,OPEN,NON-FATAL INJURY,SUSPECTED MINOR INJURY (B),1,2,0,LOCAL POLICE,REAR-END,V1: TRAVELLING STRAIGHT AHEAD,V1: S,V1:(COLLISION WITH MOTOR VEHICLE IN TRAFFIC),DAYLIGHT,CLEAR,DRY,COLLISION WITH MOTOR VEHICLE IN TRAFFIC,V1:(COLLISION WITH MOTOR VEHICLE IN TRAFFIC),D1: (NO IMPROPER DRIVING),V1:(PASSENGER CAR),,SOUTH ST RTE S  / WASHINGTON ST  RTE N,,,,FOUR-WAY INTERSECTION,TRAFFIC CONTROL SIGNAL,"TWO-WAY, NOT DIVIDED",CITY OR TOWN ACCEPTED ROAD,,,YES,AT INTERSECTION,230729.6051,893028.6057,42.28713013,-71.12740327,2025,,6,MAPC,V1:(NO),V1:(NO),SUFFOLK,"V1:(NO, NOT FEDERALLY REPORTABLE)","NO, NOT FEDERALLY REPORTABLE","YES, HIT AND RUN",,"NO, SCHOOL BUS NOT INVOLVED",30.0,"YES, DEVICE FUNCTIONING",NO,29035.0,2021,,,,,BOTH SIDES,8,8,0,NO SHOULDER,14,BITUMINOUS CONCRETE ROAD,0,NO SHOULDER,1,0,0,,6,RURAL MINOR ARTERIAL OR URBAN PRINCIPAL ARTERIAL,BOSTON (MA-NH-RI),MAINLINE ROADWAY,3,NO ACCESS CONTROL,20.0,SOUTH STREET,WASHINGTON STREET,DEAD END,BOSTON,GOOD,LEVEL TERRAIN,14,,0,0,0,PRINCIPAL ARTERIAL - OTHER,1,NO,28.0,"DCC1:NO IMPROPER DRIVING, DCC2:NOT REPORTED",,FL,NO,NO,"NO, NOT FEDERALLY REPORTABLE",NOT REPORTED,SUSPECTED MINOR INJURY (B),COLLISION WITH MOTOR VEHICLE IN TRAFFIC,2,TRAVELLING STRAIGHT AHEAD,PASSENGER CAR,"MDA1:LEFT REAR, MDA2:RIGHT REAR, MDA3:CENTER REAR",BOSTON,MA,FL,PAN,SEQ1:COLLISION WITH MOTOR VEHICLE IN TRAFFIC,NO,TOYOTA,,,SOUTHBOUND,6518090,SOUTH STREET,2025,10,2,Thursday,True
2025,,5581514,BOSTON,10/06/2025,2025-10-06 08:52:00+00:00,OPEN,PROPERTY DAMAGE ONLY (NONE INJURED),NO APPARENT INJURY (O),2,0,0,LOCAL POLICE,REAR-END,V1: TRAVELLING STRAIGHT AHEAD / V2: CHANGING LANES,V1: N  / V2: N,V1:(COLLISION WITH MOTOR VEHICLE IN TRAFFIC) V2:(COLLISION WITH MOTOR VEHICLE IN TRAFFIC),DAYLIGHT,CLEAR,NOT REPORTED,COLLISION WITH MOTOR VEHICLE IN TRAFFIC,V1:(COLLISION WITH MOTOR VEHICLE IN TRAFFIC) / V2:(COLLISION WITH MOTOR VEHICLE IN TRAFFIC),,"V1:(PASSENGER CAR) / V2:(LIGHT TRUCK(VAN, MINI-VAN, PICKUP, SPORT UTILITY))",1151,CENTRE STREET RTE N,,,,NOT REPORTED,NOT REPORTED,NOT REPORTED,DEPARTMENT OF CONSERVATION AND RECREATION,NOT REPORTED,,YES,AT ADDRESS,230705.59530069,894509.89976839,42.3004669,-71.12761597,2025,,6,MAPC,V1:(NO) / V2:(NO),"V1:(YES, OTHER REASON NOT DISABLED) / V2:(NO)",SUFFOLK,"V1:(NO, NOT FEDERALLY REPORTABLE) / V2:(NO, NOT FEDERALLY REPORTABLE)","NO, NOT FEDERALLY REPORTABLE",NO HIT AND RUN,,"NO, SCHOOL BUS NOT INVOLVED",,NOT REPORTED,NO,33898.0,2009,3,3,2,2,ALL CURBS (DIVIDED HIGHWAY),0,8,0,NO SHOULDER,22,BITUMINOUS CONCRETE ROAD,0,NO SHOULDER,2,2,3,RAISED MEDIAN,6,RURAL OR URBAN PRINCIPAL ARTERIAL,BOSTON (MA-NH-RI),MAINLINE ROADWAY,3,NO ACCESS CONTROL,30.0,CENTRE STREET,WEST ROXBURY CENTRE STREET ROTARY,MURRAY CIRCLE,BOSTON,FAIR,LEVEL TERRAIN,DERIVED FROM FACTORING COUNTS FROM THE PREVIOUS YEAR COUNT-BASE,8536,0,0,0,PRINCIPAL ARTERIAL - OTHER,1,NOT REPORTED,35.0,DCC1:NOT REPORTED,NOT REPORTED,MA,NOT REPORTED,NO,"NO, NOT FEDERALLY REPORTABLE",NOT REPORTED,NO APPARENT INJURY (O),COLLISION WITH MOTOR VEHICLE IN TRAFFIC,1,TRAVELLING STRAIGHT AHEAD,PASSENGER CAR,MDA1:CENTER REAR,DORCHESTER,MA,FL,PAN,SEQ1:COLLISION WITH MOTOR VEHICLE IN TRAFFIC,"YES, OTHER REASON NOT DISABLED",TOYOTA,,V1: (909B0),NORTHBOUND,6519089,CENTRE STREET,2025,10,6,Monday,False
2025,,5581514,BOSTON,10/06/2025,2025-10-06 08:52:00+00:00,OPEN,PROPERTY DAMAGE ONLY (NONE INJURED),NO APPARENT INJURY (O),2,0,0,LOCAL POLICE,REAR-END,V1: TRAVELLING STRAIGHT AHEAD / V2: CHANGING LANES,V1: N  / V2: N,V1:(COLLISION WITH MOTOR VEHICLE IN TRAFFIC) V2:(COLLISION WITH MOTOR VEHICLE IN TRAFFIC),DAYLIGHT,CLEAR,NOT REPORTED,COLLISION WITH MOTOR VEHICLE IN TRAFFIC,V1:(COLLISION WITH MOTOR VEHICLE IN TRAFFIC) / V2:(COLLISION WITH MOTOR VEHICLE IN TRAFFIC),,"V1:(PASSENGER CAR) / V2:(LIGHT TRUCK(VAN, MINI-VAN, PICKUP, SPORT UTILITY))",1151,CENTRE STREET RTE N,,,,NOT REPORTED,NOT REPORTED,NOT REPORTED,DEPARTMENT OF CONSERVATION AND RECREATION,NOT REPORTED,,YES,AT ADDRESS,230705.59530069,894509.89976839,42.3004669,-71.12761597,2025,,6,MAPC,V1:(NO) / V2:(NO),"V1:(YES, OTHER REASON NOT DISABLED) / V2:(NO)",SUFFOLK,"V1:(NO, NOT FEDERALLY REPORTABLE) / V2:(NO, NOT FEDERALLY REPORTABLE)","NO, NOT FEDERALLY REPORTABLE",NO HIT AND RUN,,"NO, SCHOOL BUS NOT INVOLVED",,NOT REPORTED,NO,33898.0,2009,3,3,2,2,ALL CURBS (DIVIDED HIGHWAY),0,8,0,NO SHOULDER,22,BITUMINOUS CONCRETE ROAD,0,NO SHOULDER,2,2,3,RAISED MEDIAN,6,RURAL OR URBAN PRINCIPAL ARTERIAL,BOSTON (MA-NH-RI),MAINLINE ROADWAY,3,NO ACCESS CONTROL,30.0,CENTRE STREET,WEST ROXBURY CENTRE STREET ROTARY,MURRAY CIRCLE,BOSTON,FAIR,LEVEL TERRAIN,DERIVED FROM FACTORING COUNTS FROM THE PREVIOUS YEAR COUNT-BASE,8536,0,0,0,PRINCIPAL ARTERIAL - OTHER,2,NOT REPORTED,42.0,DCC1:NOT REPORTED,NOT REPORTED,MA,NOT REPORTED,NO,"NO, NOT FEDERALLY REPORTABLE",NOT REPORTED,NO APPARENT INJURY (O),COLLISION WITH MOTOR VEHICLE IN TRAFFIC,1,CHANGING LANES,"LIGHT TRUCK(VAN, MINI-VAN, PICKUP, SPORT UTILITY)",MDA1:NONE,BOSTON,MA,MA,STN,SEQ1:COLLISION WITH MOTOR VEHICLE IN TRAFFIC,NO,FORD,EXPLORER,V1: (909B0),NORTHBOUND,6519090,CENTRE STREET,2025,10,6,Monday,False