SOURCE_YEAR,OBJECTID,CRASH_NUMB,CITY_TOWN_NAME,CRASH_DATE_TEXT,CRASH_DATETIME,CRASH_STATUS,CRASH_SEVERITY_DESCR,MAX_INJR_SVRTY_CL,NUMB_VEHC,NUMB_NONFATAL_INJR,NUMB_FATAL_INJR,POLC_AGNCY_TYPE_DESCR,MANR_COLL_DESCR,VEHC_MNVR_ACTN_CL,VEHC_TRVL_DIRC_CL,VEHC_SEQ_EVENTS_CL,AMBNT_LIGHT_DESCR,WEATH_COND_DESCR,ROAD_SURF_COND_DESCR,FIRST_HRMF_EVENT_DESCR,MOST_HRMFL_EVT_CL,DRVR_CNTRB_CIRC_CL,VEHC_CONFIG_CL,STREET_NUMB,RDWY,DIST_DIRC_FROM_INT,NEAR_INT_RDWY,LANDMARK,RDWY_JNCT_TYPE_DESCR,TRAF_CNTRL_DEVC_TYPE_DESCR,TRAFY_DESCR_DESCR,JURISDICTN,FIRST_HRMF_EVENT_LOC_DESCR,NON_MTRST_TYPE_CL,IS_GEOCODED,GEOCODING_METHOD_NAME,X,Y,LAT,LON,YEAR,DRVR_DISTRACTED_CL,DISTRICT_NUM,RPA_ABBR,VEHC_EMER_USE_CL,VEHC_TOWED_FROM_SCENE_CL,CNTY_NAME,FMCSA_RPTBL_CL,FMCSA_RPTBL,HIT_RUN_DESCR,ROAD_CNTRB_DESCR,SCHL_BUS_RELD_DESCR,SPEED_LIMIT,TRAF_CNTRL_DEVC_FUNC_DESCR,WORK_ZONE_RELD_DESCR,AADT,AADT_YEAR,PK_PCT_SUT,AV_PCT_SUT,PK_PCT_CT,AV_PCT_CT,CURB,LT_SIDEWLK,RT_SIDEWLK,SHLDR_LT_W,SHLDR_LT_T,SURFACE_WD,SURFACE_TP,SHLDR_RT_W,SHLDR_RT_T,NUM_LANES,OPP_LANES,MED_WIDTH,MED_TYPE,URBAN_TYPE,F_CLASS,URBAN_AREA,FACILITY,OPERATION,CONTROL,SPEED_LIM,STREETNAME,FROMSTREETNAME,TOSTREETNAME,CITY,STRUCT_CND,TERRAIN,AADT_DERIV,STATN_NUM,OP_DIR_SL,SHLDR_UL_T,SHLDR_UL_W,F_F_CLASS,VEHC_UNIT_NUMB,ALC_SUSPD_TYPE_DESCR,DRIVER_AGE,DRVR_CNTRB_CIRC_DESCR,DRIVER_DISTRACTED_TYPE_DESCR,DRVR_LCN_STATE,DRUG_SUSPD_TYPE_DESCR,EMERGENCY_USE_DESC,FMCSA_RPTBL_VL,HAZ_MAT_PLACARD_DESCR,MAX_INJR_SVRTY_VL,MOST_HRMF_EVENT,TOTAL_OCCPT_IN_VEHC,VEHC_MANR_ACT_DESCR,VEHC_CONFG_DESCR,VEHC_MOST_DMGD_AREA,OWNER_ADDR_CITY_TOWN,OWNER_ADDR_STATE,VEHC_REG_STATE,VEHC_REG_TYPE_CODE,VEHC_SEQ_EVENTS,VEHC_TOWED_FROM_SCENE,VEHICLE_MAKE_DESCR,VEHICLE_MODEL_DESCR,DRIVER_VIOLATION_CL,TRVL_DIRC_DESCR,OBJECTID_1,TARGET_STREET,CRASH_YEAR,CRASH_MONTH,CRASH_DAY,CRASH_WEEKDAY,HAS_INJURY
2025,,5585243,BOSTON,10/15/2025,2025-10-15 06:44:00+00:00,OPEN,PROPERTY DAMAGE ONLY (NONE INJURED),NO APPARENT INJURY (O),2,0,0,LOCAL POLICE,"SIDESWIPE, SAME DIRECTION",V1: TRAVELLING STRAIGHT AHEAD / V2: ENTERING TRAFFIC LANE,V1: N  / V2: N,V1:(COLLISION WITH MOTOR VEHICLE IN TRAFFIC) V2:(COLLISION WITH MOTOR VEHICLE IN TRAFFIC),DAYLIGHT,CLOUDY,DRY,COLLISION WITH MOTOR VEHICLE IN TRAFFIC,V1:(COLLISION WITH MOTOR VEHICLE IN TRAFFIC) / V2:(COLLISION WITH MOTOR VEHICLE IN TRAFFIC),"D2: (DISREGARDED TRAFFIC SIGNS, SIGNALS, ROAD MARKINGS)","V1:(BUS (SEATS FOR 16 OR MORE, INCLUDING DRIVER)) / V2:(PASSENGER CAR)",3859,WASHINGTON ST RTE N,,,,NOT AT JUNCTION,NOT REPORTED,"TWO-WAY, NOT DIVIDED",CITY OR TOWN ACCEPTED ROAD,SHOULDER - TRAVEL LANE,,YES,AT ADDRESS,231551.96432825,894080.87589919,42.29657076,-71.11737506,2025,D2: NOT DISTRACTED,6,MAPC,V1:(NO) / V2:(NO),V1:(NO) / V2:(NO),SUFFOLK,"V1:(NO, NOT FEDERALLY REPORTABLE) / V2:(NO, NOT FEDERALLY REPORTABLE)","NO, NOT FEDERALLY REPORTABLE",NO HIT AND RUN,"SHOULDERS (NONE, LOW, SOFT)","YES, SCHOOL BUS INVOLVED",20.0,"NO, DEVICE NOT FUNCTIONING",NO,17207.0,2018,,327,,86,BOTH SIDES,8,8,0,NO SHOULDER,22,BITUMINOUS CONCRETE ROAD,0,NO SHOULDER,2,0,0,,6,RURAL MINOR ARTERIAL OR URBAN PRINCIPAL ARTERIAL,BOSTON (MA-NH-RI),MAINLINE ROADWAY,TWO-WAY TRAFFIC,NO ACCESS CONTROL,30.0,WASHINGTON STREET,DEDHAM TOWN LINE,SOUTH STREET,BOSTON,FAIR,LEVEL TERRAIN,MASSDOT HIGHWAY SPECIAL COUNT,,30,0,0,PRINCIPAL ARTERIAL - OTHER,1,NOT REPORTED,,DCC1:NOT REPORTED,NOT REPORTED,MA,NOT REPORTED,NO,"NO, NOT FEDERALLY REPORTABLE",NOT REPORTED,NOT REPORTED,COLLISION WITH MOTOR VEHICLE IN TRAFFIC,1,TRAVELLING STRAIGHT AHEAD,"BUS (SEATS FOR 16 OR MORE, INCLUDING DRIVER)",MDA1:LEFT FRONT,LEXINGTON,MA,MA,MPN,SEQ1:COLLISION WITH MOTOR VEHICLE IN TRAFFIC,NO,YMCL,YW50GT,,NORTHBOUND,6527544,WASHINGTON STREET,2025,10,15,Wednesday,False
2025,,5585243,BOSTON,10/15/2025,2025-10-15 06:44:00+00:00,OPEN,PROPERTY DAMAGE ONLY (NONE INJURED),NO APPARENT INJURY (O),2,0,0,LOCAL POLICE,"SIDESWIPE, SAME DIRECTION",V1: TRAVELLING STRAIGHT AHEAD / V2: ENTERING TRAFFIC LANE,V1: N  / V2: N,V1:(COLLISION WITH MOTOR VEHICLE IN TRAFFIC) V2:(COLLISION WITH MOTOR VEHICLE IN TRAFFIC),DAYLIGHT,CLOUDY,DRY,COLLISION WITH MOTOR VEHICLE IN TRAFFIC,V1:(COLLISION WITH MOTOR VEHICLE IN TRAFFIC) / V2:(COLLISION WITH MOTOR VEHICLE IN TRAFFIC),"D2: (DISREGARDED TRAFFIC SIGNS, SIGNALS, ROAD MARKINGS)","V1:(BUS (SEATS FOR 16 OR MORE, INCLUDING DRIVER)) / V2:(PASSENGER CAR)",3859,WASHINGTON ST RTE N,,,,NOT AT JUNCTION,NOT REPORTED,"TWO-WAY, NOT DIVIDED",CITY OR TOWN ACCEPTED ROAD,SHOULDER - TRAVEL LANE,,YES,AT ADDRESS,231551.96432825,894080.87589919,42.29657076,-71.11737506,2025,D2: NOT DISTRACTED,6,MAPC,V1:(NO) / V2:(NO),V1:(NO) / V2:(NO),SUFFOLK,"V1:(NO, NOT FEDERALLY REPORTABLE) / V2:(NO, NOT FEDERALLY REPORTABLE)","NO, NOT FEDERALLY REPORTABLE",NO HIT AND RUN,"SHOULDERS (NONE, LOW, SOFT)","YES, SCHOOL BUS INVOLVED",20.0,"NO, DEVICE NOT FUNCTIONING",NO,17207.0,2018,,327,,86,BOTH SIDES,8,8,0,NO SHOULDER,22,BITUMINOUS CONCRETE ROAD,0,NO SHOULDER,2,0,0,,6,RURAL MINOR ARTERIAL OR URBAN PRINCIPAL ARTERIAL,BOSTON (MA-NH-RI),MAINLINE ROADWAY,TWO-WAY TRAFFIC,NO ACCESS CONTROL,30.0,WASHINGTON STREET,DEDHAM TOWN LINE,SOUTH STREET,BOSTON,FAIR,LEVEL TERRAIN,MASSDOT HIGHWAY SPECIAL COUNT,,30,0,0,PRINCIPAL ARTERIAL - OTHER,2,NO,38.0,"DCC1:DISREGARDED TRAFFIC SIGNS, SIGNALS, ROAD MARKINGS, DCC2:NOT REPORTED",NOT DISTRACTED,MA,NO,NO,"NO, NOT FEDERALLY REPORTABLE",NOT REPORTED,NO APPARENT INJURY (O),COLLISION WITH MOTOR VEHICLE IN TRAFFIC,1,ENTERING TRAFFIC LANE,PASSENGER CAR,MDA1:RIGHT FRONT,BLACKSTONE,MA,MA,PAN,SEQ1:COLLISION WITH MOTOR VEHICLE IN TRAFFIC,NO,ACUR,TLX,,NORTHBOUND,6527545,WASHINGTON STREET,2025,10,15,Wednesday,False
2025,,5584962,BOSTON,10/15/2025,2025-10-15 07:38:00+00:00,OPEN,,,2,0,0,LOCAL POLICE,,V1: NOT REPORTED / V2: NOT REPORTED,V1:    / V2:,,DAYLIGHT,CLEAR,NOT REPORTED,NOT REPORTED,,,V1:(PASSENGER CAR) / V2:(PASSENGER CAR),,CENTRE STREET RTE N  / GOLDSMITH STREET RTE N,,,,T-INTERSECTION,NOT REPORTED,"TWO-WAY, DIVIDED, UNPROTECTED MEDIAN",CITY OR TOWN ACCEPTED ROAD,,,YES,AT INTERSECTION,231401.2032,895440.375,42.30881613,-71.11912967,2025,,6,MAPC,,V1:(NO) / V2:(NO),SUFFOLK,"V1:(NO, NOT FEDERALLY REPORTABLE) / V2:(NO, NOT FEDERALLY REPORTABLE)","NO, NOT FEDERALLY REPORTABLE",NO HIT AND RUN,NOT REPORTED,"NO, SCHOOL BUS NOT INVOLVED",-1.0,"NO, DEVICE NOT FUNCTIONING",NO,10653.0,2021,,,,,BOTH SIDES,9,7,0,NO SHOULDER,40,BITUMINOUS CONCRETE ROAD,0,NO SHOULDER,2,0,0,,6,URBAN MINOR ARTERIAL OR RURAL MAJOR COLLECTOR,BOSTON (MA-NH-RI),MAINLINE ROADWAY,TWO-WAY TRAFFIC,NO ACCESS CONTROL,99.0,CENTRE STREET,MURRAY CIRCLE,CENTRE PERKINS STREET ROTARY,BOSTON,FAIR,LEVEL TERRAIN,14,,99,0,0,MINOR ARTERIAL,1,NO,31.0,DCC1:NOT REPORTED,NOT REPORTED,MA,NO,NOT REPORTED,"NO, NOT FEDERALLY REPORTABLE",NOT REPORTED,,NOT REPORTED,1,NOT REPORTED,PASSENGER CAR,"MDA1:CENTER FRONT, MDA2:RIGHT FRONT",DORCHESTER CENTER,MA,MA,PAN,,NO,NISS,MAXIMA,,,6527979,CENTRE STREET,2025,10,15,Wednesday,False
2025,,5584962,BOSTON,10/15/2025,2025-10-15 07:38:00+00:00,OPEN,,,2,0,0,LOCAL POLICE,,V1: NOT REPORTED / V2: NOT REPORTED,V1:    / V2:,,DAYLIGHT,CLEAR,NOT REPORTED,NOT REPORTED,,,V1:(PASSENGER CAR) / V2:(PASSENGER CAR),,CENTRE STREET RTE N  / GOLDSMITH STREET RTE N,,,,T-INTERSECTION,NOT REPORTED,"TWO-WAY, DIVIDED, UNPROTECTED MEDIAN",CITY OR TOWN ACCEPTED ROAD,,,YES,AT INTERSECTION,231401.2032,895440.375,42.30881613,-71.11912967,2025,,6,MAPC,,V1:(NO) / V2:(NO),SUFFOLK,"V1:(NO, NOT FEDERALLY REPORTABLE) / V2:(NO, NOT FEDERALLY REPORTABLE)","NO, NOT FEDERALLY REPORTABLE",NO HIT AND RUN,NOT REPORTED,"NO, SCHOOL BUS NOT INVOLVED",-1.0,"NO, DEVICE NOT FUNCTIONING",NO,10653.0,2021,,,,,BOTH SIDES,9,7,0,NO SHOULDER,40,BITUMINOUS CONCRETE ROAD,0,NO SHOULDER,2,0,0,,6,URBAN MINOR ARTERIAL OR RURAL MAJOR COLLECTOR,BOSTON (MA-NH-RI),MAINLINE ROADWAY,TWO-WAY TRAFFIC,NO ACCESS CONTROL,99.0,CENTRE STREET,MURRAY CIRCLE,CENTRE PERKINS STREET ROTARY,BOSTON,FAIR,LEVEL TERRAIN,14,,99,0,0,MINOR ARTERIAL,2,NO,26.0,DCC1:NOT REPORTED,NOT REPORTED,MA,NO,NOT REPORTED,"NO, NOT FEDERALLY REPORTABLE",NOT REPORTED,,NOT REPORTED,1,NOT REPORTED,PASSENGER CAR,"MDA1:RIGHT REAR, MDA2:RIGHT SIDE",ROSLINDALE,MA,MA,PAN,,NO,HOND,CIVIC,,,6527980,CENTRE STREET,2025,10,15,Wednesday,False
2025,,5585550,BOSTON,08/15/2025,2025-08-15 07:40:00+00:00,OPEN,PROPERTY DAMAGE ONLY (NONE INJURED),NO APPARENT INJURY (O),2,0,0,MBTA POLICE,"SIDESWIPE, SAME DIRECTION",V1: TRAVELLING STRAIGHT AHEAD / V2: PARKED,V1: N  / V2: N,V1:(COLLISION WITH PARKED MOTOR VEHICLE) V2:(COLLISION WITH MOTOR VEHICLE IN TRAFFIC),DAYLIGHT,CLEAR,DRY,COLLISION WITH PARKED MOTOR VEHICLE,V1:(COLLISION WITH PARKED MOTOR VEHICLE) / V2:(COLLISION WITH MOTOR VEHICLE IN TRAFFIC),D1: (UNKNOWN)  / D2: (NO IMPROPER DRIVING),"V1:(BUS (SEATS FOR 16 OR MORE, INCLUDING DRIVER)) / V2:(PASSENGER CAR)",3712,WASHINGTON ST RTE,,,,NOT AT JUNCTION,NO CONTROLS,"TWO-WAY, NOT DIVIDED",CITY OR TOWN ACCEPTED ROAD,ROADSIDE,,YES,AT ADDRESS,231882.19023317,894491.60510834,42.30025507,-71.11334794,2025,D2: NOT DISTRACTED,6,MAPC,V1:(NO) / V2:(NO),V1:(NO) / V2:(NO),SUFFOLK,"V1:(NO, NOT FEDERALLY REPORTABLE) / V2:(NO, NOT FEDERALLY REPORTABLE)","NO, NOT FEDERALLY REPORTABLE",NO HIT AND RUN,,"NO, SCHOOL BUS NOT INVOLVED",30.0,NOT REPORTED,NO,29098.0,2021,,,,,BOTH SIDES,10,10,0,NO SHOULDER,40,BITUMINOUS CONCRETE ROAD,0,NO SHOULDER,4,0,0,,6,RURAL MINOR ARTERIAL OR URBAN PRINCIPAL ARTERIAL,BOSTON (MA-NH-RI),MAINLINE ROADWAY,TWO-WAY TRAFFIC,NO ACCESS CONTROL,30.0,WASHINGTON STREET,HYDE PARK AVENUE,DEVONSHIRE PLACE,BOSTON,FAIR,LEVEL TERRAIN,14,,30,0,0,PRINCIPAL ARTERIAL - OTHER,1,,50.0,"DCC1:UNKNOWN, DCC2:NOT REPORTED",,MA,NO,NO,"NO, NOT FEDERALLY REPORTABLE",NO,NO APPARENT INJURY (O),COLLISION WITH PARKED MOTOR VEHICLE,1,TRAVELLING STRAIGHT AHEAD,"BUS (SEATS FOR 16 OR MORE, INCLUDING DRIVER)",MDA1:RIGHT REAR,BOSTON,MA,MA,ATN,SEQ1:COLLISION WITH PARKED MOTOR VEHICLE,NO,NFLY,TRABUS,,NORTHBOUND,6528588,WASHINGTON STREET,2025,8,15,Friday,False
2025,,5585550,BOSTON,08/15/2025,2025-08-15 07:40:00+00:00,OPEN,PROPERTY DAMAGE ONLY (NONE INJURED),NO APPARENT INJURY (O),2,0,0,MBTA POLICE,"SIDESWIPE, SAME DIRECTION",V1: TRAVELLING STRAIGHT AHEAD / V2: PARKED,V1: N  / V2: N,V1:(COLLISION WITH PARKED MOTOR VEHICLE) V2:(COLLISION WITH MOTOR VEHICLE IN TRAFFIC),DAYLIGHT,CLEAR,DRY,COLLISION WITH PARKED MOTOR VEHICLE,V1:(COLLISION WITH PARKED MOTOR VEHICLE) / V2:(COLLISION WITH MOTOR VEHICLE IN TRAFFIC),D1: (UNKNOWN)  / D2: (NO IMPROPER DRIVING),"V1:(BUS (SEATS FOR 16 OR MORE, INCLUDING DRIVER)) / V2:(PASSENGER CAR)",3712,WASHINGTON ST RTE,,,,NOT AT JUNCTION,NO CONTROLS,"TWO-WAY, NOT DIVIDED",CITY OR TOWN ACCEPTED ROAD,ROADSIDE,,YES,AT ADDRESS,231882.19023317,894491.60510834,42.30025507,-71.11334794,2025,D2: NOT DISTRACTED,6,MAPC,V1:(NO) / V2:(NO),V1:(NO) / V2:(NO),SUFFOLK,"V1:(NO, NOT FEDERALLY REPORTABLE) / V2:(NO, NOT FEDERALLY REPORTABLE)","NO, NOT FEDERALLY REPORTABLE",NO HIT AND RUN,,"NO, SCHOOL BUS NOT INVOLVED",30.0,NOT REPORTED,NO,29098.0,2021,,,,,BOTH SIDES,10,10,0,NO SHOULDER,40,BITUMINOUS CONCRETE ROAD,0,NO SHOULDER,4,0,0,,6,RURAL MINOR ARTERIAL OR URBAN PRINCIPAL ARTERIAL,BOSTON (MA-NH-RI),MAINLINE ROADWAY,TWO-WAY TRAFFIC,NO ACCESS CONTROL,30.0,WASHINGTON STREET,HYDE PARK AVENUE,DEVONSHIRE PLACE,BOSTON,FAIR,LEVEL TERRAIN,14,,30,0,0,PRINCIPAL ARTERIAL - OTHER,2,,43.0,"DCC1:NO IMPROPER DRIVING, DCC2:NOT REPORTED",NOT DISTRACTED,MA,NO,NO,"NO, NOT FEDERALLY REPORTABLE",NOT REPORTED,NO APPARENT INJURY (O),COLLISION WITH MOTOR VEHICLE IN TRAFFIC,2,PARKED,PASSENGER CAR,MDA1:LEFT SIDE,DORCHESTER,MA,MA,PAN,SEQ1:COLLISION WITH MOTOR VEHICLE IN TRAFFIC,NO,HOND,ACCORD,,NORTHBOUND,6528589,WASHINGTON STREET,2025,8,15,Friday,False
2025,,5585732,BOSTON,10/17/2025,2025-10-17 14:38:00+00:00,OPEN,PROPERTY DAMAGE ONLY (NONE INJURED),NO APPARENT INJURY (O),2,0,0,LOCAL POLICE,NOT REPORTED,V1: NOT REPORTED / V2: NOT REPORTED,V1:    / V2:,,DAYLIGHT,CLEAR,NOT REPORTED,NOT REPORTED,,,V1:(PASSENGER CAR) / V2:(PASSENGER CAR),,CENTRE ST RTE E  / ESTRELLA ST RTE S,,,,NOT REPORTED,NOT REPORTED,NOT REPORTED,CITY OR TOWN ACCEPTED ROAD,NOT REPORTED,,YES,AT INTERSECTION,232735.1096,897012.9999,42.32291935,-71.10286192,2025,,6,MAPC,,V1:(NO) / V2:(NO),SUFFOLK,"V1:(NO, NOT FEDERALLY REPORTABLE) / V2:(NO, NOT FEDERALLY REPORTABLE)","NO, NOT FEDERALLY REPORTABLE",NO HIT AND RUN,NOT REPORTED,NOT REPORTED,,NOT REPORTED,NOT REPORTED,20621.0,2020,0.477,1012,0.068,124,BOTH SIDES,10,10,0,NO SHOULDER,43,BITUMINOUS CONCRETE ROAD,0,NO SHOULDER,2,0,0,,LARGE URBANIZED AREA,URBAN MINOR ARTERIAL OR RURAL MAJOR COLLECTOR,BOSTON (MA-NH-RI),MAINLINE ROADWAY,TWO-WAY TRAFFIC,NO ACCESS CONTROL,99.0,CENTRE STREET,CENTRE PERKINS STREET ROTARY,COLUMBUS AVENUE,BOSTON,FAIR,ROLLING TERRAIN,GROWN FROM PRIOR YEAR HPMS NETWORK,,99,0,0,MINOR ARTERIAL,1,NOT REPORTED,,DCC1:NOT REPORTED,NOT REPORTED,MA,NOT REPORTED,NOT REPORTED,"NO, NOT FEDERALLY REPORTABLE",NOT REPORTED,NOT REPORTED,NOT REPORTED,1,NOT REPORTED,PASSENGER CAR,"MDA1:CENTER REAR, MDA2:LEFT REAR, MDA3:RIGHT REAR",,98,MD,,,NO,INFINITI,,,,6530663,CENTRE STREET,2025,10,17,Friday,False
2025,,5585732,BOSTON,10/17/2025,2025-10-17 14:38:00+00:00,OPEN,PROPERTY DAMAGE ONLY (NONE INJURED),NO APPARENT INJURY (O),2,0,0,LOCAL POLICE,NOT REPORTED,V1: NOT REPORTED / V2: NOT REPORTED,V1:    / V2:,,DAYLIGHT,CLEAR,NOT REPORTED,NOT REPORTED,,,V1:(PASSENGER CAR) / V2:(PASSENGER CAR),,CENTRE ST RTE E  / ESTRELLA ST RTE S,,,,NOT REPORTED,NOT REPORTED,NOT REPORTED,CITY OR TOWN ACCEPTED ROAD,NOT REPORTED,,YES,AT INTERSECTION,232735.1096,897012.9999,42.32291935,-71.10286192,2025,,6,MAPC,,V1:(NO) / V2:(NO),SUFFOLK,"V1:(NO, NOT FEDERALLY REPORTABLE) / V2:(NO, NOT FEDERALLY REPORTABLE)","NO, NOT FEDERALLY REPORTABLE",NO HIT AND RUN,NOT REPORTED,NOT REPORTED,,NOT REPORTED,NOT REPORTED,20621.0,2020,0.477,1012,0.068,124,BOTH SIDES,10,10,0,NO SHOULDER,43,BITUMINOUS CONCRETE ROAD,0,NO SHOULDER,2,0,0,,LARGE URBANIZED AREA,URBAN MINOR ARTERIAL OR RURAL MAJOR COLLECTOR,BOSTON (MA-NH-RI),MAINLINE ROADWAY,TWO-WAY TRAFFIC,NO ACCESS CONTROL,99.0,CENTRE STREET,CENTRE PERKINS STREET ROTARY,COLUMBUS AVENUE,BOSTON,FAIR,ROLLING TERRAIN,GROWN FROM PRIOR YEAR HPMS NETWORK,,99,0,0,MINOR ARTERIAL,2,NOT REPORTED,24.0,DCC1:NOT REPORTED,NOT REPORTED,MA,NOT REPORTED,NOT REPORTED,"NO, NOT FEDERALLY REPORTABLE",NOT REPORTED,NO APPARENT INJURY (O),NOT REPORTED,1,NOT REPORTED,PASSENGER CAR,"MDA1:RIGHT FRONT, MDA2:CENTER FRONT, MDA3:LEFT FRONT",,98,MD,,,NO,TESLA,,,,6530664,CENTRE STREET,2025,10,17,Friday,False
2025,,5587461,BOSTON,10/22/2025,2025-10-22 11:59:00+00:00,OPEN,NON-FATAL INJURY,POSSIBLE INJURY (C),2,1,0,LOCAL POLICE,"SIDESWIPE, OPPOSITE DIRECTION",V1: TRAVELLING STRAIGHT AHEAD / V2: TRAVELLING STRAIGHT AHEAD,V1: S  / V2: E,V1:(COLLISION WITH MOTOR VEHICLE IN TRAFFIC) V2:(COLLISION WITH MOTOR VEHICLE IN TRAFFIC),DAYLIGHT,RAIN,NOT REPORTED,COLLISION WITH MOTOR VEHICLE IN TRAFFIC,V1:(COLLISION WITH MOTOR VEHICLE IN TRAFFIC) / V2:(COLLISION WITH MOTOR VEHICLE IN TRAFFIC),D2: (FAILED TO YIELD RIGHT OF WAY),"V1:(LIGHT TRUCK(VAN, MINI-VAN, PICKUP, SPORT UTILITY)) / V2:(LIGHT TRUCK(VAN, MINI-VAN, PICKUP, SPORT UTILITY))",,PERKINS ST RTE E  / CENTRE STREET RTE S,,,,TRAFFIC CIRCLE,NOT REPORTED,NOT REPORTED,CITY OR TOWN ACCEPTED ROAD,ROADWAY,,YES,AT INTERSECTION,232144.3317,896891.1869,42.32184724,-71.11003581,2025,,6,MAPC,V1:(NO) / V2:(NO),V1:(NO) / V2:(NO),SUFFOLK,"V1:(NO, NOT FEDERALLY REPORTABLE) / V2:(NO, NOT FEDERALLY REPORTABLE)","NO, NOT FEDERALLY REPORTABLE",NO HIT AND RUN,,"NO, SCHOOL BUS NOT INVOLVED",,NOT REPORTED,NO,12968.0,2019,0.253,635,0,77,,0,10,0,NO SHOULDER,0,BITUMINOUS CONCRETE ROAD,0,NO SHOULDER,0,0,0,,LARGE URBANIZED AREA,URBAN MINOR ARTERIAL OR RURAL MAJOR COLLECTOR,BOSTON (MA-NH-RI),MAINLINE ROADWAY,ONE-WAY TRAFFIC,NO ACCESS CONTROL,25.0,CENTRE PERKINS STREET ROTARY,CENTRE STREET,CENTRE STREET,BOSTON,FAIR,LEVEL TERRAIN,GROWN FROM PRIOR YEAR HPMS NETWORK,,0,0,0,MINOR ARTERIAL,1,NOT REPORTED,69.0,DCC1:NOT REPORTED,NOT REPORTED,MA,NOT REPORTED,NO,"NO, NOT FEDERALLY REPORTABLE",NOT REPORTED,POSSIBLE INJURY (C),COLLISION WITH MOTOR VEHICLE IN TRAFFIC,1,TRAVELLING STRAIGHT AHEAD,"LIGHT TRUCK(VAN, MINI-VAN, PICKUP, SPORT UTILITY)","MDA1:RIGHT SIDE, MDA2:RIGHT FRONT",BOSTON,MA,MA,PAN,SEQ1:COLLISION WITH MOTOR VEHICLE IN TRAFFIC,NO,HOND,HR-V,V2: (8980),SOUTHBOUND,6532061,CENTRE STREET,2025,10,22,Wednesday,True
2025,,5587461,BOSTON,10/22/2025,2025-10-22 11:59:00+00:00,OPEN,NON-FATAL INJURY,POSSIBLE INJURY (C),2,1,0,LOCAL POLICE,"SIDESWIPE, OPPOSITE DIRECTION",V1: TRAVELLING STRAIGHT AHEAD / V2: TRAVELLING STRAIGHT AHEAD,V1: S  / V2: E,V1:(COLLISION WITH MOTOR VEHICLE IN TRAFFIC) V2:(COLLISION WITH MOTOR VEHICLE IN TRAFFIC),DAYLIGHT,RAIN,NOT REPORTED,COLLISION WITH MOTOR VEHICLE IN TRAFFIC,V1:(COLLISION WITH MOTOR VEHICLE IN TRAFFIC) / V2:(COLLISION WITH MOTOR VEHICLE IN TRAFFIC),D2: (FAILED TO YIELD RIGHT OF WAY),"V1:(LIGHT TRUCK(VAN, MINI-VAN, PICKUP, SPORT UTILITY)) / V2:(LIGHT TRUCK(VAN, MINI-VAN, PICKUP, SPORT UTILITY))",,PERKINS ST RTE E  / CENTRE STREET RTE S,,,,TRAFFIC CIRCLE,NOT REPORTED,NOT REPORTED,CITY OR TOWN ACCEPTED ROAD,ROADWAY,,YES,AT INTERSECTION,232144.3317,896891.1869,42.32184724,-71.11003581,2025,,6,MAPC,V1:(NO) / V2:(NO),V1:(NO) / V2:(NO),SUFFOLK,"V1:(NO, NOT FEDERALLY REPORTABLE) / V2:(NO, NOT FEDERALLY REPORTABLE)","NO, NOT FEDERALLY REPORTABLE",NO HIT AND RUN,,"NO, SCHOOL BUS NOT INVOLVED",,NOT REPORTED,NO,12968.0,2019,0.253,635,0,77,,0,10,0,NO SHOULDER,0,BITUMINOUS CONCRETE ROAD,0,NO SHOULDER,0,0,0,,LARGE URBANIZED AREA,URBAN MINOR ARTERIAL OR RURAL MAJOR COLLECTOR,BOSTON (MA-NH-RI),MAINLINE ROADWAY,ONE-WAY TRAFFIC,NO ACCESS CONTROL,25.0,CENTRE PERKINS STREET ROTARY,CENTRE STREET,CENTRE STREET,BOSTON,FAIR,LEVEL TERRAIN,GROWN FROM PRIOR YEAR HPMS NETWORK,,0,0,0,MINOR ARTERIAL,2,NOT REPORTED,78.0,"DCC1:FAILED TO YIELD RIGHT OF WAY, DCC2:NOT REPORTED",NOT REPORTED,MA,NOT REPORTED,NO,"NO, NOT FEDERALLY REPORTABLE",NOT REPORTED,NO APPARENT INJURY (O),COLLISION WITH MOTOR VEHICLE IN TRAFFIC,1,TRAVELLING STRAIGHT AHEAD,"LIGHT TRUCK(VAN, MINI-VAN, PICKUP, SPORT UTILITY)",MDA1:CENTER FRONT,TYNGSBORO,MA,MA,PAS,SEQ1:COLLISION WITH MOTOR VEHICLE IN TRAFFIC,NO,JEEP,GRAND CHER,V2: (8980),EASTBOUND,6532062,CENTRE STREET,2025,10,22,Wednesday,True